Organization,Link,Sentence,isWayback,Label
Enbridge,https://www.enbridge.com/media-center/news/details?id=123797&lang=en,"With respect to any Series 5 Shares that remain outstanding after March 1, 2024, holders thereof will be entitled to receive quarterly fixed cumulative preferential cash dividends, as and when declared by the Board of Directors of Enbridge.",False,0
Enbridge,https://www.enbridge.com/media-center/news/details?id=123713&lang=en,"Along with the cash flows from new projects placed into service, we expect our leverage to be at the low end of our target range in 2022.",False,0
Enbridge,https://www.enbridge.com/media-center/news/details?id=123730&lang=en,"VANCOUVER, BC, July 29, 2022 /CNW/ - Pacific Energy Corporation Limited (Pacific Energy) and Enbridge Inc. (Enbridge or the Company) (TSX: ENB) (NYSE: ENB) today announced an agreement to jointly invest in the construction and operation of the Woodfibre LNG project.",True,0
Suncor Energy,http://web.archive.org/web/20220703201724/https://sustainability-prd-cdn.suncor.com/-/media/project/suncor/files/news-releases/2015/2015-10-15-suncor-energy-recipients-of-2015-petro-canada-face-program-announced-en.pdf?modified=20210902050838,"The 2015 FACE recipients from across Canada represent both summer and winter sports, and athletes competing in individual or team events.",True,0
Pembina Pipeline,https://www.pembina.com/media-centre/news/details/c01bca03-8f31-4eb6-817d-0955e2222f7f,Alliance Pipeline Open Season,False,0
Canadian Natural Resources,https://www.cnrl.com/upload/media_element/1213/03/0307_q418-front-end.pdf,"Share purchases for cancellation totaled 30,857,727 common shares at a weighted average share price of $41.56.",True,0
Suncor Energy,http://web.archive.org/web/20220703213337/https://sustainability-prd-cdn.suncor.com/-/media/project/suncor/files/news-releases/2011/2011-07-21-suncor-energy-to-release-second-quarter-2011-financial-results-en.pdf?modified=20210902050632,"Suncor Energy Inc. will release its second quarter financial results on Thursday, July 28, 2011 at 12:30 a.m. MDT (2:30 a.m. EDT).",True,0
Enbridge,https://www.enbridge.com/media-center/news/details?id=123723&lang=en,"""We're very excited to be moving our Alberta carbon capture strategy forward with the Open Access Wabamun Carbon Hub, which received approval from the Government of Alberta for further development.",False,0
Pembina Pipeline,https://www.pembina.com/media-centre/news/details/f50f7d01-b958-4628-8015-c1c3f339817d,"For shareholders receiving their common share dividends in U.S. funds, the July 2020 cash dividend is expected to be approximately U.S. $0.1548 per share (before deduction of any applicable Canadian withholding tax) based on a currency exchange rate of 0.7372.",True,0
Imperial Oil,http://web.archive.org/web/20210202131030/https://news.imperialoil.ca/news-releases/news-releases/2021/Imperial-announces-fourth-quarter-2020-financial-and-operating-results/default.aspx,"Net loss in 2020 was $1,857 million, or $2.53 per share on a diluted basis, compared to net income of $2,200 million or $2.88 per share in 2019.",True,0
Pembina Pipeline,https://www.pembina.com/media-centre/news/details/25f5bab1-1680-4191-9d35-658415444f2f,"The Offering was conducted in two tranches consisting of $500 million in senior unsecured medium-term notes, series 6 (the ""Series 6 Notes"") having a fixed coupon of 4.24 percent per annum, paid semi-annually, and maturing on June 15, 2027, and $100 million principal amount through the re-opening of the Company's 4.75 percent medium-term notes, series 3, due April 30, 2043 (the ""Series 3 Notes"").",True,0
Canadian Natural Resources,https://www.cnrl.com/upload/media_element/1388/12bdd00af91d/0505-q122-front-end.pdf,"Refer to the ""Non-GAAP and Other Financial Measures"" section of Company's MD&A for the three months ended March 31, 2022, dated May 4, 2022 for more details on net capital expenditures.",True,0
Enbridge,https://www.enbridge.com/media-center/news/details?id=123753&lang=en,"Enbridge is collecting interim tolls, which are subject to refund, related to its July 1, 2021 Lakehead cost-of-service filing.",False,0
Canadian Natural Resources,https://www.cnrl.com/content/uploads/2022/12/1103-Q322-Front-End.pdf,"Canadian Natural generated approximately $5.2 billion in adjusted funds flow in the third quarter, resulting in free cash flow of approximately $1.7 billion, after total dividends payments of approximately $2.5 billion and base capital expenditures of approximately $1.0 billion, excluding net acquisitions and strategic growth capital.",True,0
Pembina Pipeline,https://www.pembina.com/media-centre/news/details/c650dd33-5568-4c48-a44f-9975539757f7,"Dividends on the preferred shares Series 23 and 25 are payable on the 15th day of February, May, August and November in each year, if, as and when declared by the Board of Directors to shareholders of record on the last business day of the preceding month, or, if such payment or record date is not a business day, the next succeeding business day after the weekend or statutory holiday.",False,0
Canadian Natural Resources,https://www.cnrl.com/content/uploads/2025/08/0807-Q225-Front-End.pdf,"Canadian Natural continues to maintain a strong balance sheet and financial flexibility, with approximately $4.8 billion in liquidity (1) as at June 30, 2025.",False,0
Suncor Energy,http://web.archive.org/web/20220704151312/https://sustainability-prd-cdn.suncor.com/-/media/project/suncor/files/news-releases/2012/2012-12-03-suncor-energy-announces-2013-capital-spending-plan-and-production-outlook-en.pdf?modified=20210902050717,"Forward-looking statements in this news release include references to the following: anticipated capital spending, which Suncor believes demonstrates its commitment to be absolutely diligent in pursuing those projects expected to provide profitable, long-term growth for shareholders; anticipated production for 2013; plans to reduce In Situ growth capital substantially as compared to prior years; plans to begin 2013 with a strong balance sheet and the ability to fund Suncor's capital program from internal cash flow; expectation for first oil at Firebag 4 by the end of 2012; intent to reach a decision on Voyageur by the end of the first quarter of 2013; and goal to reduce oil sands cash costs.",True,0
Enbridge,https://www.enbridge.com/media-center/news/details?id=123625&lang=en,"Today, the Canada Energy Regulator (CER) announced that the regulatory process for Enbridge Inc.'s (TSX: ENB) (NYSE: ENB) proposal to offer contracted transportation service on the Mainline pipeline system will proceed in a single phase hearing process that balances the need to address pandemic-related challenges and the Commission's mandate to adjudicate in an appropriately expeditious manner.",True,0
Pembina Pipeline,https://www.pembina.com/media-centre/news/details/01a33107-258e-4eda-b45e-ca942a3d976b,"Additional information relating to such non-GAAP financial measures and non-GAAP ratios, including disclosure of the composition of each non-GAAP financial measure and non-GAAP ratio, an explanation of how each non-GAAP financial measure and non-GAAP ratio provides useful information to investors and the additional purposes, if any, for which management uses each non-GAAP financial measure and non-GAAP ratio; an explanation of the reason for any change in the label or composition of each non-GAAP financial measure and non-GAAP ratio from what was previously disclosed; and a description of any significant difference between forward-looking non-GAAP financial measures and the equivalent historical non-GAAP financial measures, is contained in the ""Non-GAAP & Other Financial Measures"" section of the management's discussion and analysis of Pembina dated February 22, 2024 for the year ended December 31, 2023 (the ""MD&A""), which information is incorporated by reference in this news release.",False,0
Enbridge,https://www.enbridge.com/media-center/news/details?id=123718&lang=en,"Beneficial holders of Series B Shares and Series C Shares who wish to exercise their respective rights of conversion during the conversion periods applicable to the Series B Shares and the Series C Shares, each of which runs from May 2, 2022, until 5:00 p.m. (EST) on May 17, 2022, should communicate as soon as possible with their broker or other intermediary for more information.",True,0
Suncor Energy,http://web.archive.org/web/20220701130341/https://sustainability-prd-cdn.suncor.com/-/media/project/suncor/files/news-releases/2011/2011-03-03-suncor-energy-reports-2010-fourth-quarter-results-en.pdf?modified=20210902050623,Two seismic survey projects continued to acquire data in relation to the Libyan Exploration and Production Sharing Agreements (EPSA's) in 2010.,True,0
Pembina Pipeline,https://www.pembina.com/media-centre/news/details/c8f37bc6-7e6a-480b-8afd-c78c10c51abf,"Accordingly, actual costs can vary from initial estimates and these differences can be significant.",True,0
Pembina Pipeline,https://www.pembina.com/media-centre/news/details/f1d91820-2686-4920-b838-8d94f833a065,This increase was due to increased EBITDA and lower net interest paid.,True,0
Pembina Pipeline,https://www.pembina.com/media-centre/news/details/48223166-81f6-4563-a5a3-e327146dd7a8,Management approved the revised 2022 adjusted EBITDA guidance contained herein as of the date of this news release.,True,0
Suncor Energy,http://web.archive.org/web/20220701140707/https://sustainability-prd-cdn.suncor.com/-/media/project/suncor/files/news-releases/2010/2010-11-04-suncor-energy-reports-2010-third-quarter-results-en.pdf?modified=20210902050613,"In September, Suncor marked an industry milestone, becoming the first oil sands company to complete surface reclamation of a tailings pond, a key step in returning the site back to nature.",True,1
Pembina Pipeline,https://www.pembina.com/media-centre/news/details/6013c21e-4389-49d8-8f53-023e19e8f84a,"The Company's earnings increased to $93.8 million ($0.30 per share) during the second quarter of 2013 due to stronger operating results from each of Pembina's businesses compared to $80.4 million ($0.28 per share) during the second quarter of 2012, which included significant unrealized gains on commodity-related derivative financial instruments.",False,0
Suncor Energy,https://www.suncor.com/-/media/project/suncor/files/news-releases/2024/2024-12-12-news-release-suncor-energy-announces-2025-corporate-guidance-en.pdf?modified=20241212114623&created=20241212112151,"For definitions of Economic Investment and Asset Sustainment and Maintenance capital expenditures, see the Capital Investment Update section of Suncor's Management's Discussion and Analysis for the Third Quarter of 2024 dated November 12, 2024 (the ""MD&A""), available at www.",False,0
Enbridge,https://www.enbridge.com/media-center/news/details?id=123758&lang=en,We continue to build on our integrated 'super system' to serve today's and tomorrow's growing domestic and export market demand.,False,0
Pembina Pipeline,https://www.pembina.com/media-centre/news/details/fa8f1d4a-3f24-4e91-b435-4a123e88749f,"The Company expects that the West Coast Terminal will provide the growing western Canadian propane supply with access to large, international markets while complementing Pembina's expanding integrated service offering for NGL.",True,0
Suncor Energy,http://web.archive.org/web/20220704162154/https://sustainability-prd-cdn.suncor.com/-/media/project/suncor/files/news-releases/2009/2009-02-25-suncor-energy-invests-13-8-million-in-charitable-and-non-profit-groups-en.pdf?modified=20210902050516, Announced $2 million over five years to the Telus World of Science - Calgary.,True,0
Pembina Pipeline,https://www.pembina.com/media-centre/news/details/c8f37bc6-7e6a-480b-8afd-c78c10c51abf,"If the Company concludes, for a finance lease, that it is impracticable to separate the payments reliably, an asset and liability are recognized at an amount equal to the fair value of the underlying asset.",False,0
Pembina Pipeline,https://www.pembina.com/media-centre/news/details/dbb773ae-26bd-4f6e-808d-f8716a632c25,"CALGARY, Sept. 2, 2014 /CNW/ - Pembina Pipeline Corporation (""Pembina"" or ""the Company"") (TSX: PPL; NYSE: PBA) is pleased to announce that it has selected the site for the Company's planned West Coast propane export terminal project (the ""West Coast Terminal"" or the ""Project"").",True,0
Pembina Pipeline,https://www.pembina.com/media-centre/news/details/39170c18-b013-48b5-8761-93ac5f7f811b,"The project is underpinned by a long-term, cost-of-service agreement with an anchor tenant.",True,0
Enbridge,https://www.enbridge.com/media-center/news/details?id=123749&lang=en,"Forward-looking information or statements in this news release include statements with respect to Enbridge's intention to commence the NCIB, the purpose of the NCIB, and the timing, methods and quantity of any purchases of common shares under the NCIB.",True,0
Pembina Pipeline,https://www.pembina.com/media-centre/news/details/49eea6f7-21ad-4cea-bafa-b4dd4aa67700,The Transaction is expected to result in an organization that has enhanced capabilities to progress projects of increasing scale and complexity than the companies could on a standalone basis.,True,0
Enbridge,https://www.enbridge.com/media-center/news/details?id=123651&lang=en,"In fact, only three months ago the safety of the Dual Pipelines was reviewed by our regulator and the Pipelines were found to be fit for service.",True,0
Suncor Energy,http://web.archive.org/web/20220703210501/https://sustainability-prd-cdn.suncor.com/-/media/project/suncor/files/news-releases/2009/2009-04-23-suncor-energy-releases-first-quarter-results-for-2009-en.pdf?modified=20210902050519,"quarter's production numbers are a real testament to this work and should position us well for good results in 2009, particularly if crude prices hold up.'",True,0
Canadian Natural Resources,https://www.cnrl.com/content/uploads/2025/12/1216-2026-Budget.pdf,"46  new  wells  on  existing  mature  pads,  which  access  additional  reservoir  and  bring  forward  reserves  while optimizing Steam to Oil Ratios (""SOR"").",False,0
Pembina Pipeline,https://www.pembina.com/media-centre/news/details/9a94bfed-f167-4c66-b11e-f553a73ad88e,"For further details on the Company's significant assets, including definitions for capitalized terms used herein",True,0
Pembina Pipeline,https://www.pembina.com/media-centre/news/details/62f8910e-79ed-4e6f-8425-4db7e0498487,The hybrid subordinated debt securities considered to be offered have not been approved or disapproved by any regulatory authority.,False,0
Enbridge,https://www.enbridge.com/media-center/news/details?id=123687&lang=en,"Forward-looking information or statements included or incorporated by reference in this document include, but are not limited to, statements with respect to the following: Enbridge's corporate vision and strategy; 2021 financial guidance; the COVID-19 pandemic and the duration and impact thereof; energy intensity and emissions reduction targets; diversity and inclusion goals; the expected supply of, demand for and prices of crude oil, natural gas, natural gas liquids, liquified natural gas and renewable energy; anticipated utilization of our existing assets, including throughput on the Mainline; expected EBITDA and expected adjusted EBITDA; expected earnings/(loss) and adjusted earnings/(loss); expected DCF and DCF per share; expected future cash flows; expected dividend growth and payout ratio; expected performance of the Company's businesses; expected debt-to-EBITDA ratio; financial strength and flexibility and investment capacity; capital allocation priorities; expectations on sources of liquidity and sufficiency of financial resources; expected in-service dates and costs related to announced projects and projects under construction and for maintenance, including B.C. Pipeline Systems expansions; expected future growth and expansion opportunities; expected benefits of transactions, including the use of proceeds and realization of efficiencies and synergies; expected future actions and decisions of regulators and courts and the timing and impact thereof; toll and rate case discussions and filings, including Mainline Contracting, and the anticipated benefits thereof; Line 3 Replacement Project, including anticipated in-service date, capital costs, EBITDA and cash flow contribution and economics; and Line 5 dual pipelines, the Great Lakes Tunnel Project and related matters.",True,0
Enbridge,https://www.enbridge.com/media-center/news/details?id=123626&lang=en,"The Bremen-based German company operates in 25 countries worldwide and has realized wind energy projects with around 2,270 wind turbines and an output of 4,720 MW.",True,1
Pembina Pipeline,https://www.pembina.com/media-centre/news/details/f1d91820-2686-4920-b838-8d94f833a065,The financial performance of NGL midstream can be affected by the seasonal demand for propane.,True,0
Suncor Energy,http://web.archive.org/web/20220703210918/https://sustainability-prd-cdn.suncor.com/-/media/project/suncor/files/news-releases/2010/2010-05-04-suncor-energy-reports-2010-first-quarter-results-en.pdf?modified=20210902050554,"To date, Suncor has disposed of, or reached agreements to dispose of, assets for aggregate consideration of approximately $1.5 billion.",True,0
Pembina Pipeline,https://www.pembina.com/media-centre/news/details/3852f924-a438-4746-9488-30a9e0c10248,"Following successfully contracting the Nipisi Pipeline to serve growing volumes from the Clearwater area, Pembina expects the pipeline to be highly utilized in 2026.",False,0
Pembina Pipeline,https://www.pembina.com/media-centre/news/details/22976793-6ff8-46c4-a49f-4ef4bb004466,"Operating margin from Redwater West during the first quarter of 2013, excluding realized losses from commodity-related derivative financial instruments, was $55.9 million.",True,0
Enbridge,https://www.enbridge.com/media-center/news/details?id=123787&lang=en,Enbridge has filed applications for all key federal and state required regulatory approvals to complete the pending Acquisitions and approximately 75% of the financing for the aggregate purchase price has been secured,False,0
Enbridge,https://www.enbridge.com/media-center/news/details?id=123769&lang=en,the timing of maintenance capital spend; and,False,0
Suncor Energy,http://web.archive.org/web/20220704154303/https://sustainability-prd-cdn.suncor.com/-/media/project/suncor/files/news-releases/2009/2009-03-19-suncor-energy-recognizes-operational-excellence-leaders-at-awards-ceremony-en.pdf?modified=20210902050517,"Fort McMurray, Alberta",True,0
Pembina Pipeline,https://www.pembina.com/media-centre/news/details/af2415eb-3e55-48a0-b4b3-2ccfa050682c,"Pembina will host a conference call on March 4, 2013 at 8 a.m. MT (10 a.m. ET) to discuss details related to the 2012 fourth quarter and full year.",False,0
Pembina Pipeline,https://www.pembina.com/media-centre/news/details/f95387cc-3cdd-44c2-86fd-76b0eefbe7a7,"In addition, the fourth quarter impact was partially offset by higher current tax expense and the full year impact was partially offset by an increase in preferred share dividends following the Kinder Acquisition.",False,0
Suncor Energy,http://web.archive.org/web/20221007100932/https://sustainability-prd-cdn.suncor.com/-/media/project/suncor/files/news-releases/2020/2020-07-22-suncor-energy-reports-second-quarter-2020-results-en.pdf?modified=20220917162521,"Non-upgraded bitumen production decreased to 117,100 bbls/d in the second quarter of 2020 from 208,000 bbls/d in the second quarter of 2019, as the company reduced production in response to a weaker business environment, including temporarily transitioning to a one-train operation at Fort Hills, Firebag bitumen being diverted to the upgrader to maximize value over volume and the ramp up at MacKay River, which returned to operations late in the second quarter of 2020.",True,0
Canadian Natural Resources,https://www.cnrl.com/upload/media_element/1290/01/0507-q120-front-end.pdf,"The Company has the flexibility to shift timelines to ensure minimal, if any overlapping activities between the two sites, maximizing high value SCO production and operating cash flows.",True,0
Suncor Energy,http://web.archive.org/web/20221007085934/https://sustainability-prd-cdn.suncor.com/-/media/project/suncor/files/news-releases/2021/2021-10-01-nr-su-ownership-of-syncrude-en.pdf?modified=20220907174724,"The arrangement, which has the full support of the Syncrude joint venture owners and was initially announced in the fourth quarter of 2020, reflects Suncor's confidence in the Syncrude asset and is part of a multi-year strategy to improve its operational performance, efficiency and competitiveness.",True,0
Suncor Energy,http://web.archive.org/web/20220703200905/https://sustainability-prd-cdn.suncor.com/-/media/project/suncor/files/news-releases/2011/2011-06-07-suncor-st-clair-ethanol-plant-safely-achieves-one-billion-litre-production-milestone-en.pdf?modified=20210902050631,"Suncor Energy Inc. reported today that its St. Clair ethanol plant achieved a production milestone of one billion litres of ethanol in May 2011, just short of its fifth anniversary.",True,0
Enbridge,https://www.enbridge.com/media-center/news/details?id=123611&lang=en,"On January 16, 2020, the CER issued a letter inviting comments from interested persons to identify issues to be considered during the regulatory proceeding and on procedural matters, such as processes the CER may establish to consider the application efficiently.",True,0
Pembina Pipeline,https://www.pembina.com/media-centre/news/details/c8f37bc6-7e6a-480b-8afd-c78c10c51abf,"On closing, Pembina assumed all of the rights and obligations of Provident relating to the 5.75 percent convertible unsecured subordinated debentures of Provident maturing December 31, 2017, and the 5.75 percent convertible unsecured subordinated debentures of Provident maturing December 31, 2018 (collectively, the ""Provident Debentures"").",False,0
Enbridge,https://www.enbridge.com/media-center/news/details?id=123859&lang=en,Eliminations and Other adjusted EBITDA decreased $119 million compared with the second quarter of 2024 due to:,False,0
Enbridge,https://www.enbridge.com/media-center/news/details?id=123817&lang=en,These projects further highlight our commitment to being a leader in the energy transition and providing clean and secure energy to the region.,True,1
Enbridge,https://www.enbridge.com/media-center/news/details?id=123638&lang=en,"In addition, the Company filed a regulatory application to the Michigan Public Service Commission for replacement of the Line 5 pipeline into a tunnel.",True,0
Enbridge,https://www.enbridge.com/media-center/news/details?id=123674&lang=en,The first quarter of 2021 was not impacted by any material impairments.,False,0
Enbridge,https://www.enbridge.com/media-center/news/details?id=123688&lang=en,"""These executive appointments once again illustrate our ongoing emphasis on developing our people and further strengthening our executive team for the future,"" said Al Monaco, President & Chief Executive Officer of Enbridge.",False,0
Suncor Energy,http://web.archive.org/web/20220704161056/https://sustainability-prd-cdn.suncor.com/-/media/project/suncor/files/news-releases/2013/2013-05-23-fuelling-athletes-and-coaching-excellence-program-recipients-announced-en.pdf?modified=20210902050729,"There is no doubt that the sport movement is transforming and gaining momentum in Canada, and they have been at the forefront of that much needed change.'",True,0
Pembina Pipeline,https://www.pembina.com/media-centre/news/details/af2415eb-3e55-48a0-b4b3-2ccfa050682c,The increases in revenue and operating margin contributed to gross profit of $172.1 million during the fourth quarter and $538.7 million for the full year of 2012 compared to $87.2 million and $354.3 million for the same periods of 2011.,True,0
Enbridge,https://www.enbridge.com/media-center/news/details?id=123743&lang=en,"About one hundred people will continue to be employed at the site to help ensure the operation and maintenance of the wind farm in La Turballe, France.",False,0
Suncor Energy,http://web.archive.org/web/20220621170121/https://sustainability-prd-cdn.suncor.com/-/media/project/suncor/files/news-releases/2010/2010-12-16-suncor-energy-to-release-2011-guidance-and-strategic-growth-update-en.pdf?modified=20210902050617,if calling from North America:  1-877-240-9772,True,0
Pembina Pipeline,https://www.pembina.com/media-centre/news/details/c8f37bc6-7e6a-480b-8afd-c78c10c51abf,The recognized goodwill is generally not expected to be deductible for tax purposes.,False,0
Enbridge,https://www.enbridge.com/media-center/news/details?id=123779&lang=en,Enbridge is currently the only major pipeline and midstream company that owns a regulated gas utility and we've further strengthened that position today by doubling the size of our GDS business.,True,0
Pembina Pipeline,https://www.pembina.com/media-centre/news/details/6da9f65b-da04-490b-bc48-65b17c3117dc,"Series 1, 3, 5, 7, 9 and 21 preferred share dividends are payable on March 1, 2023, to shareholders of record on February 1, 2023.",True,0
Pembina Pipeline,https://www.pembina.com/media-centre/news/details/9a94bfed-f167-4c66-b11e-f553a73ad88e,impact of such gains or losses.,False,0
Suncor Energy,http://web.archive.org/web/20220621170131/https://sustainability-prd-cdn.suncor.com/-/media/project/suncor/files/news-releases/2013/2013-07-16-suncor-energy-returns-to-full-production-at-oil-sands-operations-en.pdf?modified=20210902050732,"On June 24, Suncor announced that as a result of the precautionary shutdown of the Enbridge pipeline system within the Fort McMurray region, it had to reduce production from its oil sands operations.",True,0
Enbridge,https://www.enbridge.com/media-center/news/details?id=123731&lang=en,"Liquids Pipelines adjusted EBITDA increased $251 million compared with the second quarter of 2021, primarily related to:",True,0
Pembina Pipeline,https://www.pembina.com/media-centre/news/details/544bde3b-6bb3-4bbd-8176-fa4fb630147a,RBC Capital Markets is acting as financial advisor to Pembina and joint bookrunner with respect to the Newco credit facilities.,True,0
Pembina Pipeline,https://www.pembina.com/media-centre/news/details/01a33107-258e-4eda-b45e-ca942a3d976b,"Pembina reported third quarter adjusted EBITDA of $1,019 million, consistent with the same period in the prior year.",False,0
Shell Canada,http://web.archive.org/web/20170913012336/http://www.shell.ca/en_ca/media/news-and-media-releases/news-releases-2014/competition-energy-four-seven-billion.html,"That may not sound like very much, but that is four minutes, every single day, for nearly seven billion people on the planet.",True,0
Enbridge,https://www.enbridge.com/media-center/news/details?id=123753&lang=en,"the positive effect of translating U.S. dollar denominated EBITDA at a higher Canadian to U.S. dollar average exchange rate, which is partially offset in the Eliminations and Other segment as part of the Company's enterprise-wide financial risk management program.",False,0
Suncor Energy,http://web.archive.org/web/20220629123013/https://sustainability-prd-cdn.suncor.com/-/media/project/suncor/files/news-releases/2010/2010-02-02-suncor-energy-reports-financial-results-for-2009-and-operational-goals-for-2010-en.pdf?modified=20210902050540,"These factors were partially offset by higher operating expenses that resulted from the merger with Petro-Canada and the increased production at our legacy oil sands operations, increased royalty expense due to the higher benchmark crude oil prices, and a fire at one of our upgraders in December 2009 which impacted overall production in the fourth quarter of 2009 by approximately 30,000 barrels per day.",True,0
Suncor Energy,http://web.archive.org/web/20220629130101/https://sustainability-prd-cdn.suncor.com/-/media/project/suncor/files/news-releases/2009/2009-07-22-suncor-energy-releases-second-quarter-2009-results-en.pdf?modified=20210902050522,Factors that could potentially impact Suncor's operations and financial performance in 2009 include:,True,0
Imperial Oil,http://web.archive.org/web/20220729123336/https://news.imperialoil.ca/news-releases/news-releases/2022/Imperial-announces-second-quarter-2022-financial-and-operating-results/default.aspx,"The program enables the company to purchase up to a maximum of 31,833,809 common shares during the period June 29, 2022 to June 28, 2023.",True,0
Pembina Pipeline,https://www.pembina.com/media-centre/news/details/98fa4a58-d9b0-49f9-9b4d-17a2a9f5c2a5,“Our ability to provide unique and value-added solutions to support Whitecap's development in both the Montney and Duvernay demonstrates our leading advantage and is why our customers choose us.,False,0
Suncor Energy,http://web.archive.org/web/20220701132103/https://sustainability-prd-cdn.suncor.com/-/media/project/suncor/files/news-releases/2017/2017-02-27-suncor-energy-announces-redemption-of-notes-en.pdf?modified=20210902050941,Suncor Energy announces redemption of notes,True,0
Enbridge,https://www.enbridge.com/media-center/news/details?id=123663&lang=en,"The Company continues to advance its application to contract the Canadian Mainline, which is currently being reviewed by the Canada Energy Regulator (CER).",True,0
Pembina Pipeline,https://www.pembina.com/media-centre/news/details/d33705c1-707f-4742-9370-c976e0bc6ac0,"These forward-looking statements are not guarantees of future performance and are subject to a number of known and unknown risks and uncertainties, including, but not limited to: non-performance of agreements in accordance with their terms; the impact of competitive entities and pricing; reliance on key industry partners, alliances and agreements; the strength and operations of the oil and natural gas production industry and related commodity prices; the continuation or completion of third-party projects; regulatory environment and inability to obtain required regulatory approvals; tax laws and treatment; fluctuations in operating results; the ability of Pembina to raise sufficient capital to complete future projects and satisfy future commitments; construction delays; labour and material shortages; risks relating to widespread epidemics or pandemic outbreaks, including the COVID-19 pandemic; general economic, market and business conditions; and the behaviour of financial markets, including fluctuations in interest and exchange rates, the pricing of comparable securities and Pembina's credit ratings; and certain other risks detailed from time to time in Pembina's public disclosure documents including, among others, those detailed under the heading ""Risk Factors"" in Pembina's management's discussion and analysis and annual information form, each for the year ended December 31, 2020, each which can be found at www.sedar.com and with the U.S. Securities and Exchange Commission at www.sec.gov and available on Pembina's website at www.pembina.com.",True,0
Imperial Oil,http://web.archive.org/web/20220729123336/https://news.imperialoil.ca/news-releases/news-releases/2022/Imperial-announces-second-quarter-2022-financial-and-operating-results/default.aspx,"Cold Lake quarterly production averaged 144,000 gross barrels per day, continuing to deliver strong operating performance while also completing a planned turnaround.",True,0
Suncor Energy,http://web.archive.org/web/20220701140246/https://sustainability-prd-cdn.suncor.com/-/media/project/suncor/files/news-releases/2017/2017-01-23-suncor-energy-foundation-invests-in-enhanced-training-at-lambton-college-en.pdf?modified=20210902050935,"With a strong focus on learning innovation, Lambton College's Mobile Learning initiative, featuring an exclusive Class+ Experience, has transformed the teaching landscape, with students connecting to course materials via iPad devices, both inside and outside of the classroom.",True,0
Pembina Pipeline,https://www.pembina.com/media-centre/news/details/544bde3b-6bb3-4bbd-8176-fa4fb630147a,"Newco assets will be included in Pembina's target of taking concrete action to achieve a 30 percent reduction in greenhouse gas emissions intensity by 2030, against a 2019 baseline.",True,1
Shell Canada,http://web.archive.org/web/20170913024309/http://www.shell.ca/en_ca/media/news-and-media-releases/news-releases-2014/quest-carbon-capture.html,"Shell Canada has set the final module at its Quest oil sands carbon capture and storage (CCS) project north of Edmonton, Alberta.",True,0
Canadian Natural Resources,https://www.cnrl.com/content/uploads/2025/01/01.22.2025-Mini-Tender.pdf,Canadian Natural does not recommend or endorse TRC Capital's unsolicited offer and has no association with TRC Capital or its offer.,False,0
Canadian Natural Resources,https://www.cnrl.com/upload/media_element/1319/03/0304-q420-front-end.pdf,"As  at  December  31,  2020,  the  Company  had  undrawn  revolving  bank  credit  facilities  of  approximately $5.0  billion.",True,0
Enbridge,https://www.enbridge.com/media-center/news/details?id=123677&lang=en,"CALGARY, AB, June 7, 2021 /CNW/ - Enbridge Inc. (Enbridge or the Company) (TSX: ENB) (NYSE: ENB) announced today that a subsidiary of Enbridge has entered into a definitive agreement to sell its 38.9% non-operating minority ownership interest in Noverco Inc. (Noverco) to Trencap L.P. for $1.14 billion in cash, net of Noverco non-recourse debt assumed by Trencap L.P.",True,0
Canadian Natural Resources,https://www.cnrl.com/content/uploads/2023/11/1102-Q323-Front-End.pdf,"Canadian  Natural's  Chief  Financial  Officer,  Mark  Stainthorpe,  added  ""During  the  third  quarter  of  2023,  our  robust business model delivered strong net earnings of over $2.3 billion, adjusted net earnings of approximately $2.9 billion and  strong  quarterly  adjusted  funds  flow  of  approximately  $4.7  billion.",True,0
Suncor Energy,http://web.archive.org/web/20220703204734/https://sustainability-prd-cdn.suncor.com/-/media/project/suncor/files/news-releases/2016/2016-02-03-suncor-energy-reports-fourth-quarter-2015-results-en.pdf?modified=20210902050855,"The offer has the support of the Boards of Directors of both companies, and expires on February 5, 2016.",True,0
Suncor Energy,http://web.archive.org/web/20221007094007/https://sustainability-prd-cdn.suncor.com/-/media/project/suncor/files/news-releases/2021/2021-09-16-nr-su-ncp-partnership-en.pdf?modified=20220907174716,'This partnership demonstrates our ability to be a strong player at the table and will allow us to fund programs that otherwise wouldn't be able to happen.,True,0
Enbridge,https://www.enbridge.com/media-center/news/details?id=123711&lang=en,"""The Cement Association of Canada (CAC) welcomes the announcement of an MOU between Lehigh Hanson and Enbridge for Lehigh's Carbon Capture Utilization and Storage project in Edmonton, Alberta.",False,0
Pembina Pipeline,https://www.pembina.com/media-centre/news/details/f95387cc-3cdd-44c2-86fd-76b0eefbe7a7,Pembina takes great pride in consistently doing what it says it will do.,True,0
Pembina Pipeline,https://www.pembina.com/media-centre/news/details/c8f37bc6-7e6a-480b-8afd-c78c10c51abf,"Once complete, Pembina will have three pipelines in the corridor capable of segregating and shipping various grades of crude oil, condensate and NGL.",True,0
Suncor Energy,http://web.archive.org/web/20220701141722/https://sustainability-prd-cdn.suncor.com/-/media/project/suncor/files/news-releases/2016/2016-10-26-suncor-energy-reports-third-quarter-2016-results-en.pdf?modified=20210902050926,These factors more than offset the unfavourable impact of both lower benchmark crack spreads and crude pricing in the third quarter of 2016.,True,0
Canadian Natural Resources,https://www.cnrl.com/upload/media_element/1397/371b3b3c9828/0804-q222-front-end.pdf,"Corporate 2022 annual natural gas production guidance has been increased to record levels, now targeted to range from 2,095 MMcf/d to 2,120 MMcf/d, an increase of 5% at the mid-point from original 2022 budgeted levels.",True,0
Pembina Pipeline,https://www.pembina.com/media-centre/news/details/6357c8a0-a41e-4124-9628-4b7faaf97ecb,"On a per share (basic) basis, adjusted cash flow from operating activities for the third quarter increased due to the same factors.",True,0
Pembina Pipeline,https://www.pembina.com/media-centre/news/details/c8f37bc6-7e6a-480b-8afd-c78c10c51abf,The finance cost is allocated to each period during the lease term so as to produce a constant periodic rate of interest on the remaining balance of the liability.,True,0
Pembina Pipeline,https://www.pembina.com/media-centre/news/details/6013c21e-4389-49d8-8f53-023e19e8f84a,"General and administrative expenses (""G&A"") of $26.2 million were incurred during the second quarter of 2013, virtually unchanged from $25.8 million during the second quarter of 2012.",False,0
Pembina Pipeline,https://www.pembina.com/media-centre/news/details/dfb41a30-05fe-4a4b-8854-f36127e32448,Pembina Pipeline Corporation Reports Voting Results from Annual and Special Meeting and Announces May 2013 Dividend,True,0
Imperial Oil,http://web.archive.org/web/20220429122337/https://news.imperialoil.ca/news-releases/news-releases/2022/Imperial-announces-intention-to-launch-substantial-issuer-bid-for-up-to-2500000000/default.aspx,"The company anticipates that the terms and pricing will be determined, and the Offer will commence, during the next two weeks and will be completed before the end of June 2022.",True,0
Pembina Pipeline,https://www.pembina.com/media-centre/news/details/c8f37bc6-7e6a-480b-8afd-c78c10c51abf,Long-term share unit award incentive plan(1),False,0
Pembina Pipeline,https://www.pembina.com/media-centre/news/details/48223166-81f6-4563-a5a3-e327146dd7a8,Pembina has raised its 2022 adjusted EBITDA guidance range to $3.625 to $3.725 billion (previously $3.575 to $3.675 billion).,True,0
Imperial Oil,http://web.archive.org/web/20201031102217/https://news.imperialoil.ca/news-releases/news-releases/2020/Imperial-announces-third-quarter-2020-financial-and-operating-results/default.aspx,"Results were negatively impacted by lower realizations of about $2,330 million, absence of a favourable impact of $689 million associated with the Alberta corporate income tax rate decrease in 2019, and lower volumes of about $300 million.",True,0
Canadian Natural Resources,https://www.cnrl.com/content/uploads/2023/03/0302-Q422-Front-End.pdf,British Columbia Royalty Framework,True,0
Canadian Natural Resources,https://www.cnrl.com/content/uploads/2023/12/1214-2024-Budget.pdf,"Liquids production, including SCO volumes, is targeted to range between 977 Mbbl/d to 1,008 Mbbl/d. The Company's  long  life  low  decline  production  represents  approximately  79%  of  its  total  targeted  liquids production in 2024.",True,0
Suncor Energy,http://web.archive.org/web/20221007083429/https://sustainability-prd-cdn.suncor.com/-/media/project/suncor/files/news-releases/2020/2020-06-02-nr-su-lanzajet-release-en.pdf?modified=20220917161938,"ANA Corporate Communications, TEL +81-3-6735-1111, publicrelations@ana.co.jp",True,0
Canadian Natural Resources,https://www.cnrl.com/upload/media_element/1281/02/0305_q419-front-end.pdf,Production impacts are reflected in annual guidance and will be managed as part of the Company's curtailment optimization strategy.,True,0
Imperial Oil,https://news.imperialoil.ca/news-releases/news-releases/2025/Imperial-announces-second-quarter-2025-financial-and-operating-results/default.aspx,"Upstream production averaged 427,000 gross oil-equivalent barrels per day, the highest second quarter production in over 30 years.",False,0
Pembina Pipeline,https://www.pembina.com/media-centre/news/details/9661a8c7-d8f6-492b-99b9-7a8ea092c781,"Pembina will host an Investor Day on Tuesday, May 29, 2018 at the Fairmont Royal York Hotel in Toronto, Ontario.",False,0
Pembina Pipeline,https://www.pembina.com/media-centre/news/details/c8f37bc6-7e6a-480b-8afd-c78c10c51abf,Changes in Accounting Principles and Practices,False,0
Suncor Energy,http://web.archive.org/web/20220703205204/https://sustainability-prd-cdn.suncor.com/-/media/project/suncor/files/news-releases/2011/2011-05-03-suncor-energy-reports-2011-first-quarter-results-en.pdf?modified=20210902050629,"Operating earnings, which are adjusted for significant items that are not indicative of operating performance, increased to $1.478 billion ($0.94 per common share) in the first quarter of 2011 from $370 million ($0.24 per common share) in the first quarter of 2010.",True,0
Pembina Pipeline,https://www.pembina.com/media-centre/news/details/7e65f674-7b47-4386-95d5-2c37fa2fbe83,"Generally due to unseasonably warm weather, the project is tracking above budget; however, the contract largely protects Pembina from a cost risk perspective.",True,0
Canadian Natural Resources,https://www.cnrl.com/upload/media_element/1257/06/1107_q319-front-end.pdf,"Effective and efficient operations and high reliability resulted in strong quarterly operating costs of $20.05/bbl (US$15.18/bbl) of SCO in Q3/19, comparable to record low operating costs of $19.97/bbl (US$15.12/bbl) of SCO achieved in Q4/18, impressive results given the planned turnaround activities in the quarter.",True,0
Imperial Oil,https://news.imperialoil.ca/news-releases/news-releases/2021/Imperial-increases-share-repurchase-program/default.aspx,"Under its current NCIB, as of April 29, 2021, Imperial has purchased 6,975 shares on the open market and no shares from ExxonMobil to maintain its proportionate share ownership at 69.6 percent.",True,0
Suncor Energy,http://web.archive.org/web/20220704154123/https://sustainability-prd-cdn.suncor.com/-/media/project/suncor/files/news-releases/2016/2016-03-27-suncor-energy-to-acquire-additional-interest-in-syncrude-en.pdf?modified=20210902050900,"Suncor today announced that it has agreed to acquire a further position in Syncrude, purchasing the five per cent interest from Murphy Oil Corporation's Canadian subsidiary at a purchase price of approximately $937 million, subject to closing adjustments.",True,0
Canadian Natural Resources,https://www.cnrl.com/upload/media_element/1388/12bdd00af91d/0505-q122-front-end.pdf,The conference call will also be webcast with presentation slides and can be accessed on the home page our website at www.cnrl.com.,True,0
Enbridge,https://www.enbridge.com/media-center/news/details?id=123663&lang=en,"""Operationally, we performed well in the fourth quarter, completing a strong 2020 in the face of a very challenging energy and economic backdrop.",False,0
Suncor Energy,http://web.archive.org/web/20231211134617/https://sustainability-prd-cdn.suncor.com/-/media/project/suncor/files/news-releases/2023/2023-12-05-news-release-suncor-energy--announces--2024-corporate-guidance-en.pdf?modified=20231205221008,"Assumptions for the Exploration and Production 2024 production outlook include those relating to reservoir performance, drilling results and facility reliability.",True,0
Pembina Pipeline,https://www.pembina.com/media-centre/news/details/63a3cae6-790f-4b5f-951d-5c3c7fe1e024,"""Delivery of energy is vital to people's everyday lives and that's why we're in this business.",True,0
Imperial Oil,http://web.archive.org/web/20210730120849/https://news.imperialoil.ca/news-releases/news-releases/2021/Imperial-Announces-Second-Quarter-2021-Financial-and-Operating-Results/default.aspx,"Cash used in financing activities was $1,538 million in the first six months of 2021, up from $612 million used in the same period of 2020.",True,0
Suncor Energy,http://web.archive.org/web/20221007091425/https://sustainability-prd-cdn.suncor.com/-/media/project/suncor/files/news-releases/2020/2020-05-11-su-us-notes-offering-en.pdf?modified=20220917161823,RBC Capital Markets and J.P. Morgan are acting as joint book-running managers for the offering.,True,0
Suncor Energy,http://web.archive.org/web/20220704142453/https://sustainability-prd-cdn.suncor.com/-/media/project/suncor/files/news-releases/2010/2010-04-19-suncor-energy-achieves-first-commercial-gas-from-the-ebla-development-in-syria-en.pdf?modified=20210902050550,"Suncor, through its Petro-Canada subsidiary, is a major investor in Syria with its development of the Ebla Gas Project.",True,0
Pembina Pipeline,https://www.pembina.com/media-centre/news/details/af2415eb-3e55-48a0-b4b3-2ccfa050682c,"The discount rates were estimated based on past experience, the Company's risk free rate and average cost of debt in addition to estimates of the specific cash generating unit's equity risk premium, size premium, small capitalization premium, projection risk, betas, tax rate and industry targeted debt to equity ratios.",True,0
Enbridge,https://www.enbridge.com/media-center/news/details?id=123687&lang=en,"We are proud of the fact that Line 3 has provided significant business and employment to Indigenous companies and workers in both Canada and the U.S., and contributed over $750 million of spending with Indigenous and Tribal communities with over US$250 million of spending in Minnesota alone so far.",False,0
Enbridge,https://www.enbridge.com/media-center/news/details?id=123687&lang=en,"The average CAD to USD exchange rate in the second quarter fell approximately 12% in 2021 to $1.23, compared with $1.39 in the second quarter of 2020.",True,0
Pembina Pipeline,https://www.pembina.com/media-centre/news/details/35b70353-ec14-494c-adb9-12b1dacb3023,Pembina Pipeline Corporation Declares Increased Common Share Dividend,True,0
Suncor Energy,http://web.archive.org/web/20220703204734/https://sustainability-prd-cdn.suncor.com/-/media/project/suncor/files/news-releases/2016/2016-02-03-suncor-energy-reports-fourth-quarter-2015-results-en.pdf?modified=20210902050855,"As a result, we are well positioned to weather the current low crude oil price environment.'",True,0
Pembina Pipeline,https://www.pembina.com/media-centre/news/details/4b95bee9-fd2d-4dd4-816b-186468bd4d25,Questions regarding the redemption process may also be directed to Computershare at 1-800-564-6253 or by email to [email protected].,False,0
Suncor Energy,http://web.archive.org/web/20221007101949/https://sustainability-prd-cdn.suncor.com/-/media/project/suncor/files/news-releases/2021/2021-06-06-pathways-press-release-en.pdf?modified=20220907174624,"In addition to collaborating and investing together with industry, it is essential for governments to develop enabling policies, fiscal programs and regulations to provide certainty for this type of long-term, large-scale investment.",True,0
Canadian Natural Resources,https://www.cnrl.com/upload/media_element/1397/371b3b3c9828/0804-q222-front-end.pdf,"Canadian Natural utilized 4 drilling rigs on its thermal in situ assets, which were ahead of budgeted pace by 11 net wells as of the end of Q2/22 due to strong execution.",True,0
Pembina Pipeline,https://www.pembina.com/media-centre/news/details/48223166-81f6-4563-a5a3-e327146dd7a8,"In combination, the quality of the WCSB resource, the financial strength and development plans of our producing customers, incremental egress from third-party projects under construction and the continued strength in commodity prices are presenting growth opportunities for Pembina.",True,0
Enbridge,https://www.enbridge.com/media-center/news/details?id=123855&lang=en,About Enbridge,False,0
Pembina Pipeline,https://www.pembina.com/media-centre/news/details/dc63c1f4-8834-4635-b38b-95aba3ab3d87,The cash consideration associated with the Cochin US Acquisition will be initially funded through the Company's $2.5 billion unsecured credit facility and a new $1 billion committed term facility.,False,0
Pembina Pipeline,https://www.pembina.com/media-centre/news/details/c8f37bc6-7e6a-480b-8afd-c78c10c51abf,"Credit, market, operational, insurance, liquidity and regulatory and legal risks must all be managed effectively to safeguard Pembina's reputation.",False,0
Pembina Pipeline,https://www.pembina.com/media-centre/news/details/afeb9935-14e3-4405-a772-8be6268c125b,"CALGARY, Sept. 28, 2017 /CNW/ - Pembina Pipeline Corporation (""Pembina"" or the ""Company"") (TSX: PPL; NYSE: PBA) announced today that in order to accommodate incremental volume commitments from customers, the Company is adding additional infrastructure and increasing operational flexibilities to its previously announced Phase V pipeline expansion (""Phase V""), which included a 20 inch pipeline from Lator to Fox Creek, Alberta.",False,0
Suncor Energy,http://web.archive.org/web/20230601144818/https://sustainability-prd-cdn.suncor.com/-/media/project/suncor/files/news-releases/2023/2023-05-01-ma-su-to-release-q1-results-and-host-agm-en.pdf?modified=20230501212306,"- Suncor will release its first quarter financial results on May 8, 2023 before 8:00 p.m. MT (10:00 p.m. ET).",True,0
Suncor Energy,http://web.archive.org/web/20220704151545/https://sustainability-prd-cdn.suncor.com/-/media/project/suncor/files/news-releases/2011/2011-11-28-suncor-energy-employees-teddy-bears-and-a-life-size-nutcracker-help-families-in-need-en.pdf?modified=20210902050644,9 a.m. - 5 p.m.,True,0
Enbridge,https://www.enbridge.com/media-center/news/details?id=123779&lang=en,"CALGARY, AB, Sept. 5, 2023 /CNW/ - Enbridge Inc. (""Enbridge"" or the ""Company"") (TSX: ENB) (NYSE: ENB) today announced that it has entered into three separate definitive agreements with Dominion Energy, Inc. to acquire EOG, Questar and PSNC for an aggregate purchase price of US$14.0 billion (CDN$19 billion), comprised of $US9.4 billion of cash consideration and US$4.6 billion of assumed debt, subject to customary closing adjustments.",False,0
Suncor Energy,http://web.archive.org/web/20220703204625/https://sustainability-prd-cdn.suncor.com/-/media/project/suncor/files/news-releases/2012/2012-07-24-suncor-energy-reports-2012-second-quarter-results-en.pdf?modified=20210902050707,Certain outlook assumptions were also revised.,True,0
Suncor Energy,http://web.archive.org/web/20220704154002/https://sustainability-prd-cdn.suncor.com/-/media/project/suncor/files/news-releases/2011/2011-11-03-suncor-energy-reports-2011-third-quarter-results-en.pdf?modified=20210902050641,"The construction of infrastructure, central plant and cogeneration facilities, and two well pads continues on the Firebag Stage 4 expansion.",True,0
Canadian Natural Resources,https://www.cnrl.com/content/uploads/2024/03/0308-NCIB.pdf,"Canadian Natural is a senior oil  and  natural  gas  production  company,  with  continuing  operations  in  its  core  areas located in Western Canada, the U.K. portion of the North Sea and Offshore Africa.",True,0
Suncor Energy,http://web.archive.org/web/20220704153618/https://sustainability-prd-cdn.suncor.com/-/media/project/suncor/files/news-releases/2016/2016-01-04-suncor-offer-to-acquire-canadian-oil-sands-limited-set-to-expire-on-fri-january-8-2016-en.pdf?modified=20210902050849,"Suncor will hold a teleconference and webcast to discuss its offer on Tues., January 5, 2016 at 7:30 a.m. MT / 9:30 a.m.",True,0
Pembina Pipeline,https://www.pembina.com/media-centre/news/details/dffb5025-2789-46ac-9573-429e60f278f0,About PembinaCalgary-based Pembina Pipeline Corporation is a leading transportation and midstream service provider that has been serving North America's energy industry for over 60 years.,True,0
Pembina Pipeline,https://www.pembina.com/media-centre/news/details/133d386d-45e9-414a-b975-87bf7525a451,"Duvernay plays,"" added Dilger.",False,0
Suncor Energy,http://web.archive.org/web/20221007085535/https://sustainability-prd-cdn.suncor.com/-/media/project/suncor/files/news-releases/2019/2019-05-01-nr-su-q1-en.pdf?modified=20220921201600,"Net earnings were $1.470 billion ($0.93 per common share) in the first quarter of 2019, compared to net earnings of $789 million ($0.48 per common share) in the prior year quarter.",True,0
Suncor Energy,http://web.archive.org/web/20220704150839/https://sustainability-prd-cdn.suncor.com/-/media/project/suncor/files/news-releases/2011/2011-05-26-in-remembrance-of-a-fellow-worker-en.pdf?modified=20210902050630,Suncor will continue to support the police in their investigation of this crime.,True,0
Imperial Oil,http://web.archive.org/web/20220222215737/https://news.imperialoil.ca/news-releases/news-releases/2022/Imperial-to-hold-virtual-2022-Investor-Day-on-March-10/default.aspx,The event begins at 8 a.m. MT and will be accessible by webcast.,True,0
Enbridge,https://www.enbridge.com/media-center/news/details?id=123731&lang=en,"""In the second quarter, we continued to progress well on our strategic priorities.",False,0
Pembina Pipeline,https://www.pembina.com/media-centre/news/details/08aa7406-4311-4ffd-a27f-fd776beb19e8,"Pembina has a strong reputation for constructing and operating facilities which meet or exceed AER safety and environmental protection regulations and guidelines, and the Company is committed to responsible development throughout the life of this and all its projects.",False,1
Suncor Energy,http://web.archive.org/web/20221007084247/https://sustainability-prd-cdn.suncor.com/-/media/project/suncor/files/news-releases/2019/2019-02-05-suncor-energy-reports-fourth-quarter-2018-results-en.pdf?modified=20220921200053,"'We remain focused on capital discipline and ensuring safe and reliable operations across our business,' said Williams.",True,0
Canadian Natural Resources,https://www.cnrl.com/upload/media_element/1155/01/0301_q4-17-front-end.pdf,"Thermal in situ oil sands ('thermal in situ') annual production volumes reached 120,140 bbl/d, at the top end of 2017 guidance, representing an 8% increase from 2016 levels.",True,0
Enbridge,https://www.enbridge.com/media-center/news/details?id=123671&lang=en,MediaJesse SemkoToll Free: (888) 992-0997Email: media@enbridge.com,False,0
Enbridge,https://www.enbridge.com/media-center/news/details?id=123623&lang=en,Secures long-term demand for Western Canadian Sedimentary Basin (WCSB) heavy and light barrels in premium markets;,True,0
Canadian Natural Resources,https://www.cnrl.com/upload/media_element/1302/02/0806-q220-front-end.pdf,"shelf prospectuses, which expire August 2021, allowing the Company to offer these securities for sale from time to time.",True,0
Pembina Pipeline,https://www.pembina.com/media-centre/news/details/60a97c1d-4e25-48b0-be91-cf80ec73166d,"In responding decisively to the COVID-19 pandemic, we effectively 'hit the pause button' and there is a sense of being able to 'hit play' again in early 2021 given progress on numerous vaccines and an expectation of a return to some economic normalcy.",True,0
Canadian Natural Resources,https://www.cnrl.com/upload/media_element/1237/02/0801_q219-front-end.pdf,Canadian Natural is leveraging the Company's multilateral horizontal technology expertise on 2 of these wells.,True,0
Enbridge,https://www.enbridge.com/media-center/news/details?id=123713&lang=en,Energy Services adjusted EBITDA decreased $1 million compared with the fourth quarter of 2020 and $241 million with compared with full year 2020.,True,0
Pembina Pipeline,https://www.pembina.com/media-centre/news/details/28dc5677-ea4a-49e2-adb1-0471b79260d3,Solid results continue to demonstrate the Company's resilience,False,0
Suncor Energy,http://web.archive.org/web/20220704152055/https://sustainability-prd-cdn.suncor.com/-/media/project/suncor/files/news-releases/2014/2014-02-03-suncor-energy-reports-2013-fourth-quarter-results-en.pdf?modified=20210902050753,"ROCE (excluding major projects in progress) for the twelve months ended December 31, 2013 was 11.5%, compared to 7.2% for the twelve months ended December 31, 2012.",True,0
Enbridge,https://www.enbridge.com/media-center/news/details?id=123742&lang=en,"Adjusted earnings* of $1.4 billion or $0.67 per common share*, compared with $1.2 billion or $0.59 per common share in 2021",True,0
Pembina Pipeline,https://www.pembina.com/media-centre/news/details/b4bfb2fc-fffb-4a70-94e8-502a51c83ff6,"Below is a description of each non-GAAP financial measure disclosed in this news release, together with, as applicable, disclosure of the most directly comparable financial measure that is determined in accordance with GAAP to which each non-GAAP financial measure relates and a quantitative reconciliation of each non-GAAP financial measure to such directly comparable GAAP financial measure.",False,0
Suncor Energy,https://www.suncor.com/-/media/project/suncor/files/news-releases/2023/2023-10-04-news-release-su-total-fort-hills-en.pdf?modified=20240613191930&created=20231004200255,Suncor Energy to acquire TotalEnergies' Canadian operations for $1.468 billion,False,0
Enbridge,https://www.enbridge.com/media-center/news/details?id=123780&lang=en,Enbridge Announces CDN$4.0 Billion Bought-Deal Offering of Common Shares,True,0
Pembina Pipeline,https://www.pembina.com/media-centre/news/details/79430822-8042-4194-8089-12df9dadb92f,"For shareholders receiving their common share dividends in U.S. funds, the November 2020 cash dividend is expected to be approximately U.S. $0.1599 per share (before deduction of any applicable Canadian withholding tax) based on a currency exchange rate of 0.7612.",False,0
Pembina Pipeline,https://www.pembina.com/media-centre/news/details/fa8f1d4a-3f24-4e91-b435-4a123e88749f,"For the nine months ended September 30, 2014, depreciation and amortization included in operations was $154 million compared to $121 million in the same period of 2013 for the same reasons noted above, along with the $13 million impairment of non-core trucking-related assets which occurred in the second quarter of 2014.",False,0
Pembina Pipeline,https://www.pembina.com/media-centre/news/details/3c2f1698-d492-45dc-acd5-1dea1df3f04f,"Pembina's dividend on its common shares will go from $0.14 per common share per month (or $1.68 annualized) to $0.145 per common share per month (or $1.74 annualized) effective as of the May 25, 2014 record date, payable June 13, 2014.",False,0
Enbridge,https://www.enbridge.com/media-center/news/details?id=123689&lang=en,"EIEC permitted expansions of existing storage capacity to 21 million barrels and export capacity to 1.9 million barrels per day, provide opportunity to capitalize on increasing volumes and visibility to near-term low capital intensity growth.",True,0
Suncor Energy,http://web.archive.org/web/20220704145009/https://sustainability-prd-cdn.suncor.com/-/media/project/suncor/files/news-releases/2015/2015-07-29-suncor-energy-reports-second-quarter-2015-results-en.pdf?modified=20210902050833,"As at July 23, 2015, Suncor had 1,445,849,364 common shares issued and outstanding.",True,0
Pembina Pipeline,https://www.pembina.com/media-centre/news/details/c01bca03-8f31-4eb6-817d-0955e2222f7f,"These positive factors were partially offset by lower contracted volumes on the Nipisi and Mitsue pipeline systems, due to the expiration of contracts; a lower contribution from Ruby Pipeline; and higher general and administrative costs, due to higher long-term incentives driven by an increase in Pembina's share price compared to the prior period and Pembina's performance relative to peers.",True,0
Enbridge,https://www.enbridge.com/media-center/news/details?id=123769&lang=en,The call will be audio webcast live at https://events.q4inc.com/attendee/641243612.,False,0
Pembina Pipeline,https://www.pembina.com/media-centre/news/details/3c2f1698-d492-45dc-acd5-1dea1df3f04f,"Pembina's dividend on its common shares will go from $0.14 per common share per month (or $1.68 annualized) to $0.145 per common share per month (or $1.74 annualized) effective as of the May 25, 2014 record date, payable June 13, 2014.",True,0
Shell Canada,http://web.archive.org/web/20181226045553/https://www.shell.ca/en_ca/media/news-and-media-releases/news-releases-2018/shell-gives-green-light-to-invest-in-lng-canada.html,"Internal rate of return is defined as the discount factor that will result in a NPV=0 for all future cash flows from trading, midstream and upstream at a real terms 2018 LNG price of US$8.50 per million British thermal units (mmbtu)",True,0
Enbridge,https://www.enbridge.com/media-center/news/details?id=123719&lang=en,"The amount of the dividend is consistent with the March 1, 2022 dividend.",True,0
Suncor Energy,http://web.archive.org/web/20230925202329/https://sustainability-prd-cdn.suncor.com/-/media/project/suncor/files/news-releases/2023/2023-09-05-news-release-suncor-energy-announces-changes-to-bod-en.pdf?modified=20230905105051,"Ms. Peverett had a successful 25-year career in the energy sector, primarily in the utility space.",True,0
Canadian Natural Resources,https://www.cnrl.com/upload/media_element/1307/02/1105-q320-front-end.pdf,"We recently released our 2019 Report to Stakeholders, which highlights our commitment to ESG excellence and reducing our environmental footprint.",True,1
Shell Canada,http://web.archive.org/web/20170911231456/http://www.shell.ca/en_ca/media/news-and-media-releases/news-releases-2013/lng-station.html,"Forward-looking statements are statements of future expectations that are based on management's current expectations and assumptions and involve known and unknown risks and uncertainties that could cause actual results, performance or events to differ materially from those expressed or implied in these statements.",True,0
Pembina Pipeline,https://www.pembina.com/media-centre/news/details/b1e6cd86-805b-4efb-b2e9-77035a75b04d,"Fun and games aside, Pembina staff also volunteered their time and energy to give back to the Calgary community through ˈDays of Caringˈ activities.",False,0
Shell Canada,http://web.archive.org/web/20210105103956/https://www.shell.ca/en_ca/media/news-and-media-releases/news-releases-2021/shell-invests-in-quebecs-first-waste-to-low-carbon-fuels-plant.html,"Once completed, the plant will treat more than 200,000 tonnes of non-recyclable waste and wood waste per year with an annual production of nearly 125 million litres of low carbon fuels.",True,1
Imperial Oil,https://news.imperialoil.ca/news-releases/news-releases/2020/Imperial-announces-first-quarter-2020-financial-and-operating-results/default.aspx,"Gross production of Cold Lake bitumen averaged 140,000 barrels per day in the first quarter, compared to 145,000 barrels per day in the same period of 2019.",True,0
Enbridge,https://www.enbridge.com/media-center/news/details?id=123713&lang=en,"""In Liquids Pipelines, we closed the acquisition of the Ingleside Energy Center, North America's premier light crude oil export platform, with over $1 billion in embedded conventional and low-carbon organic growth potential.",False,1
Suncor Energy,http://web.archive.org/web/20220703213554/https://sustainability-prd-cdn.suncor.com/-/media/project/suncor/files/news-releases/2013/2013-04-29-suncor-energy-reports-2013-first-quarter-results-en.pdf?modified=20210902050728,"Suncor acquired Total E&P's interest in VULP for $515 million to gain full control over the partnership assets, including a hot bitumen blending facility and tankage which will provide added logistic flexibility and storage capacity to support the company's growing Oil Sands operations and the midstream component of the company's integrated business model.",True,0
Suncor Energy,http://web.archive.org/web/20230320193125/https://sustainability-prd-cdn.suncor.com/-/media/project/suncor/files/news-releases/2023/2023-02-14-news-release-earnings-q4-2022-en.pdf?modified=20230317131412,"(1) Beginning in the first quarter of 2022, to align with how management evaluates segment performance, the company revised its segment presentation to reflect segment results before income tax expense and present tax at a consolidated level.",True,0
Pembina Pipeline,https://www.pembina.com/media-centre/news/details/c8f37bc6-7e6a-480b-8afd-c78c10c51abf,Amounts charged to earnings relating to the outstanding Convertible Instruments are added back to earnings for the diluted calculations.,True,0
Canadian Natural Resources,https://www.cnrl.com/upload/media_element/1237/02/0801_q219-front-end.pdf,"The Company successfully closed the acquisition of the Pine River plant on May 3, 2019.",True,0
Pembina Pipeline,https://www.pembina.com/media-centre/news/details/c8f37bc6-7e6a-480b-8afd-c78c10c51abf,"The increase in operating expenses for the fourth quarter and full-year of 2013 was largely the result of higher variable costs, such as power, labour and pipeline and facility integrity expenses, due to increased volumes that were driven by higher oil and NGL industry activity, as well as additional costs associated with the growth in Pembina's asset base primarily related to the Acquisition and Pembina's completed growth projects.",True,0
Pembina Pipeline,https://www.pembina.com/media-centre/news/details/c8f37bc6-7e6a-480b-8afd-c78c10c51abf,i) Recognition and measurement,False,0
Imperial Oil,http://web.archive.org/web/20220623135351/https://news.imperialoil.ca/news-releases/news-releases/2022/Imperial-and-E3-Lithium-form-strategic-agreement-on-lithium-pilot-project-in-Alberta/default.aspx,About E3 Lithium,True,0
Pembina Pipeline,https://www.pembina.com/media-centre/news/details/60a97c1d-4e25-48b0-be91-cf80ec73166d,"Phase VII includes a new 20-inch, pipeline and associated infrastructure in the LaGlace-Valleyview-Fox Creek corridor and is aimed at meeting transportation needs arising from the growth of condensate supply in the Western Canadian Sedimentary Basin (""WCSB"").",False,0
Pembina Pipeline,https://www.pembina.com/media-centre/news/details/db10ecd9-a182-4e2f-8566-63ac67d03d93,Other Developments in 2013,False,0
Suncor Energy,http://web.archive.org/web/20220621170008/https://sustainability-prd-cdn.suncor.com/-/media/project/suncor/files/news-releases/2017/2017-02-08-suncor-energy-reports-fourth-quarter-2016-results-en.pdf?modified=20210902050939,"During the fourth quarter of 2015, the company recorded after-tax impairment charges of $798 million on certain offshore E&P assets as a result of declining crude oil pricing, $415 million against the company's Libyan assets, $290 million on the company's interest in the Joslyn mining project and $96 million related to certain assets in the Oil Sands segment following a review of repurpose options due to previously revised growth strategies.",True,0
Pembina Pipeline,https://www.pembina.com/media-centre/news/details/c8f37bc6-7e6a-480b-8afd-c78c10c51abf,Contributions to the pension plans totaled $13 million in 2013 and $10 million in 2012.,True,0
Enbridge,https://www.enbridge.com/media-center/news/details?id=123638&lang=en,STRONG FINANCIAL POSITION AND SELF FUNDING MODEL INTACT,True,0
Shell Canada,http://web.archive.org/web/20191207033823/https://www.shell.ca/en_ca/media/news-and-media-releases/news-releases-2013/winners-of-shell-canada-and-canadian-geographics-classroom-energy.html,“The classes that participated in the Classroom Energy Diet Challenge truly captured the essence of geographic literacy through their challenges and were able to share their learning with their communities.,True,0
Pembina Pipeline,https://www.pembina.com/media-centre/news/details/311eefc5-d138-4013-bc2e-d1c4d305f857,"CALGARY, AB, May 10, 2021 /CNW/ - Pembina Pipeline Corporation (""Pembina"" or the ""Company"") (TSX: PPL) (NYSE: PBA) reported the voting results from its annual meeting of common shareholders held virtually on May 7, 2021 (the ""Meeting"").",False,0
Imperial Oil,https://news.imperialoil.ca/news-releases/news-releases/2019/Imperial-Releases-Energy-and-Carbon-Summary/default.aspx,Imperial Releases Energy and Carbon Summary,True,0
Suncor Energy,https://www.suncor.com/-/media/project/suncor/files/news-releases/2024/2024-10-22-news-release-suncor-energy-to-release-third-quarter-2024-financial-results-en.pdf?modified=20241022211004&created=20241022210955,Suncor Energy to release third quarter 2024 financial results,False,0
Enbridge,https://www.enbridge.com/media-center/news/details?id=123787&lang=en,Reconciliations of forward-looking non-GAAP financial measures and non-GAAP ratios to comparable,True,0
Enbridge,https://www.enbridge.com/media-center/news/details?id=123665&lang=en,"Chantiers de l'Atlantique, plus GE Grid Solutions and SDI for the offshore sub-station.",False,0
Pembina Pipeline,https://www.pembina.com/media-centre/news/details/a280c537-5f2e-4d14-a653-4cbc5bb0a885,"ET) for interested investors, analysts, brokers and media representatives to discuss results for the fourth quarter of 2021.",False,0
Canadian Natural Resources,https://www.cnrl.com/content/uploads/2025/05/0508-Q125-Front-End.pdf,"SCO  pricing  averaged  US$69.07/bbl  in  Q1/25,  representing  a  US$2.35/bbl  discount  to  WTI  pricing,  compared  to  a US$0.86/bbl premium to WTI in Q4/24 and a US $7.54 discount to WTI in Q1/24.",False,0
Enbridge,https://www.enbridge.com/media-center/news/details?id=123768&lang=en,"The settlement has been approved by the Enbridge Board of Directors and received overwhelming support from a 37-member industry stakeholder group that includes producers, refiners, integrated companies, industry agencies, and governments.",False,0
Pembina Pipeline,https://www.pembina.com/media-centre/news/details/544bde3b-6bb3-4bbd-8176-fa4fb630147a,Pembina will also receive strategic benefits through the diversification of its natural gas processing asset suite and customer base.,False,0
Canadian Natural Resources,https://www.cnrl.com/upload/media_element/1281/02/0305_q419-front-end.pdf,"The North West Redwater Refinery (""NWR"") is targeted to add approximately 40,000 bbl/d of incremental crude oil  conversion capacity.",True,0
Pembina Pipeline,https://www.pembina.com/media-centre/news/details/5e497191-c68a-43eb-b3ea-ec77ceb7f246,"When combined with RFS II, which is expected to come into service in the fourth quarter of 2015, the Company's fractionation capacity is anticipated to nearly double to 155,000 bpd.",False,0
Suncor Energy,http://web.archive.org/web/20221007090013/https://sustainability-prd-cdn.suncor.com/-/media/project/suncor/files/news-releases/2021/2021-07-13-nr-su-report-on-sustainability-and-climate-2021-en.pdf?modified=20220907174635,community investment,True,0
Canadian Natural Resources,https://www.cnrl.com/upload/media_element/1281/02/0305_q419-front-end.pdf,"International production volumes benefit from premium Brent pricing, generating significant free cash flow for the Company.",True,0
Pembina Pipeline,https://www.pembina.com/media-centre/news/details/3d8317d4-1164-434b-86c9-60c8d8dc0550,Pembina is well positioned to leverage the assets and capabilities of its current core business to further support the Project and serve customer demand for gas egress and liquids handling and transportation.,False,0
Canadian Natural Resources,https://www.cnrl.com/content/uploads/2024/05/0502-Dividend.pdf,SCOTT G. STAUTH President,True,0
Enbridge,https://www.enbridge.com/media-center/news/details?id=123766&lang=en,"CALGARY, AB, May 3, 2023 /CNW/ - Enbridge Inc. (TSX: ENB) (NYSE: ENB) (Enbridge or the Company) announced that its Board of Directors has declared a quarterly dividend of $0.8875 per common share, payable on June 1, 2023 to shareholders of record on May 15, 2023.",False,0
Pembina Pipeline,https://www.pembina.com/media-centre/news/details/ef60b009-55e5-4d33-96f8-7328f9519fdc,"While much uncertainty remains, based on management's evaluation of current market conditions and the COVID-19 dynamic, the expectation is that the second quarter will be the quarter most impacted by these events in 2020.",False,0
Canadian Natural Resources,https://www.cnrl.com/content/uploads/2023/11/1102-Q323-Front-End.pdf,This  technology  has  the  potential  for  application  throughout  the  Company's extensive thermal in situ asset base.,True,0
Pembina Pipeline,https://www.pembina.com/media-centre/news/details/c8f37bc6-7e6a-480b-8afd-c78c10c51abf,The Series 3 Preferred Shares began trading on the Toronto Stock Exchange the same day under the symbol PPL.PR.C.,True,0
Pembina Pipeline,https://www.pembina.com/media-centre/news/details/db10ecd9-a182-4e2f-8566-63ac67d03d93,"This service offers our existing and future customers the benefits of diversified market access, additional take-away capacity out of the Alberta Industrial Heartland and very attractive transportation fees.",False,0
Canadian Natural Resources,https://www.cnrl.com/upload/media_element/1213/03/0307_q418-front-end.pdf,"Subsequent to year end, the Company  declared a quarterly dividend increase of 12% to $0.375 per share, payable on April 1, 2019.",True,0
Shell Canada,http://web.archive.org/web/20191014092912/https://www.shell.ca/en_ca/media/news-and-media-releases/news-releases-2012/first-oil-sands-ccs-project.html,“Technologies like CCS will play an instrumental role in helping to lower greenhouse gas intensity from the oil sands and demonstrate to the world Alberta’s commitment to responsible energy development.”,True,1
Enbridge,https://www.enbridge.com/media-center/news/details?id=123731&lang=en,"In the second quarter of 2022, Enbridge repurchased and cancelled approximately 2 million of its common shares for approximately $100 million as part of its NCIB.",False,0
Suncor Energy,http://web.archive.org/web/20220621170008/https://sustainability-prd-cdn.suncor.com/-/media/project/suncor/files/news-releases/2017/2017-02-08-suncor-energy-reports-fourth-quarter-2016-results-en.pdf?modified=20210902050939,Non-cash gain on interest rate swaps resulting from an increase in long-term interest rates in the Corporate segment.,True,0
Enbridge,https://www.enbridge.com/media-center/news/details?id=123806&lang=en,"When it comes to deploying additional investment capacity, we will live within our means and ensure all investments are accretive on per share metrics, enhance our growth profile and maintain our balance sheet flexibility.",True,0
Enbridge,https://www.enbridge.com/media-center/news/details?id=123663&lang=en,"Updated Line 3 Replacement capital cost to $9.3 billion from $8.2 billion (source currency), reflecting final costs for the Canadian segment and updated estimates for the U.S. segment",False,0
Enbridge,https://www.enbridge.com/media-center/news/details?id=123736&lang=en,CIBC acted as financial advisor to Enbridge and Eversheds Sutherland acted as its external legal counsel.,True,0
Suncor Energy,http://web.archive.org/web/20220621170008/https://sustainability-prd-cdn.suncor.com/-/media/project/suncor/files/news-releases/2017/2017-02-08-suncor-energy-reports-fourth-quarter-2016-results-en.pdf?modified=20210902050939,conversion ratio of one bbl of crude oil or natural gas liquids to six thousand cubic feet of natural gas is based on an energy equivalency conversion method primarily applicable at the burner tip and does not represent a value equivalency at the wellhead.,True,0
Suncor Energy,http://web.archive.org/web/20221007100524/https://sustainability-prd-cdn.suncor.com/-/media/project/suncor/files/news-releases/2020/2020-04-07-nr-cdn-notes-offering-en.pdf?modified=20220917160605,"Forward-looking statements in this news release include references to: the offering, including the expected closing date and the intended use of net proceeds as well as Suncor's belief that the increased financial flexibility from the $2.5 billion of credit facilities and this offering ensures the company will have access to adequate financial resources should it be required..",True,0
Suncor Energy,https://www.suncor.com/-/media/project/suncor/files/news-releases/2025/2025-11-04-news-release-earnings-q3-2025-en.pdf?modified=20251104215519&created=20251104150632,"Therefore, these non-GAAP financial measures should not be considered in isolation or as a substitute for measures of performance prepared in accordance with GAAP.",False,0
Pembina Pipeline,https://www.pembina.com/media-centre/news/details/da8d2a49-637f-4214-ab6f-ba8681827827,"""I want to thank our amazing employees who have successfully transitioned to a 'work-from-home' environment in such a short time.",True,0
Suncor Energy,http://web.archive.org/web/20220701130341/https://sustainability-prd-cdn.suncor.com/-/media/project/suncor/files/news-releases/2011/2011-03-03-suncor-energy-reports-2010-fourth-quarter-results-en.pdf?modified=20210902050623,The Edmonton refinery benefited from lower feedstock costs due to wider light/heavy and light/sour synthetic crude differentials.,True,0
Canadian Natural Resources,https://www.cnrl.com/content/uploads/2025/05/0508-Q125-Front-End.pdf,"As a result, 2025 will be the first year without a planned turnaround, resulting in high targeted utilization at Horizon.",False,0
Pembina Pipeline,https://www.pembina.com/media-centre/news/details/b1a1d572-37c7-4cb7-95b0-fdb9e1867bd2,"On a standalone basis, Pembina's backlog of new projects stood in excess of $4 billion across numerous value chains.",True,0
Canadian Natural Resources,https://www.cnrl.com/content/uploads/2024/10/1031-Q324-Front-End.pdf,"Due to stronger than budgeted production volumes at the Scotford Upgrader concurrent with reduced duration of the planned  turnaround,  the  annual  net  production  impact  to  AOSP  from  these  planned  turnaround  activities  was reduced to approximately 5,400 bbl/",False,0
Pembina Pipeline,https://www.pembina.com/media-centre/news/details/89ddcd7c-8368-4f05-8363-aed76b0b4663,"These forward-looking statements are not guarantees of future performance and are subject to a number of known and unknown risks and uncertainties, including, but not limited to: non-performance of agreements in accordance with their terms; the impact of competitive entities and pricing; reliance on key industry partners, alliances and agreements; the strength and operations of the oil and natural gas production industry and related commodity prices; the continuation or completion of third-party projects; regulatory environment and inability to obtain required regulatory approvals; tax laws and treatment; fluctuations in operating results; the ability of Pembina to raise sufficient capital to complete future projects and satisfy future commitments; construction delays; labour and material shortages; and certain other risks detailed from time to time in Pembina's public disclosure documents including, among other things, those detailed under the heading ""Risk Factors"" in Pembina's management's discussion and analysis and annual information form for the year ended December 31, 2014, which can be found at www.sedar.com.",False,0
Pembina Pipeline,https://www.pembina.com/media-centre/news/details/89aa1aae-c3b2-45e2-9cb5-5012552a9337,NEBC Montney Infrastructure,False,0
Shell Canada,http://web.archive.org/web/20170911220512/http://www.shell.ca/en_ca/media/news-and-media-releases/news-releases-2015/world-of-science-edmonton-announce-partnership.html,"We may have used certain terms, such as resources, in this document that the United States Securities and Exchange Commission (SEC) strictly prohibits us from including in our filings with the SEC.",True,0
Canadian Natural Resources,https://www.cnrl.com/upload/media_element/1343/02/0506-q121-front-end.pdf,"In  March  2021,  the  Board  of  Directors  authorized  management  to  repurchase  shares  under  a  Normal  Course Issuer Bid (""NCIB"") to approximately offset options exercised throughout the coming year, in order to minimize or eliminate dilution to shareholders.",True,0
Canadian Natural Resources,https://www.cnrl.com/content/uploads/2024/05/0502-Q124-Front-End.pdf,"Additionally,  following  the  turnaround,  the  Company  is  optimizing  the  commissioning  schedule  of  the reliability enhancement project, which is targeted to increase Q3/24 SCO production.",True,0
Canadian Natural Resources,https://www.cnrl.com/upload/media_element/1155/01/0301_q4-17-front-end.pdf,"In early Q4/17, Canadian Natural successfully completed planned pit stops at both the Jackpine and Muskeg River mines.",True,0
Suncor Energy,http://web.archive.org/web/20220704160249/https://sustainability-prd-cdn.suncor.com/-/media/project/suncor/files/news-releases/2013/2013-10-30-suncor-energy-reports-2013-third-quarter-results-en.pdf?modified=20210902050742,"The company commissioned its hot bitumen assets in the quarter, which are comprised of an insulated pipeline from Firebag to Suncor's Athabasca terminal, bitumen cooling and blending facilities, and capacity to import third-party diluents.",True,0
Suncor Energy,http://web.archive.org/web/20220704145852/https://sustainability-prd-cdn.suncor.com/-/media/project/suncor/files/news-releases/2014/2014-04-28-suncor-energy-reports-first-quarter-results-en.pdf?modified=20210902050801,"'The successful implementation of our long-term market access strategy positions us well for the future,' said Williams.",True,0
Suncor Energy,http://web.archive.org/web/20220629133225/https://sustainability-prd-cdn.suncor.com/-/media/project/suncor/files/news-releases/2012/2012-06-19-suncor-energy-extends-commitment-to-support-canadian-paralympic-movement-en.pdf?modified=20210902050704,Mark Dottori,True,0
Canadian Natural Resources,https://www.cnrl.com/upload/media_element/1155/01/0301_q4-17-front-end.pdf,"The Company achieved production levels of 1,020,094 BOE/d in Q4/17, with approximately 98% of total production located in G7 countries.",True,0
Enbridge,https://www.enbridge.com/media-center/news/details?id=123638&lang=en,"""Despite the COVID disruption, we've made good progress on our strategic priorities this quarter.",True,0
Suncor Energy,http://web.archive.org/web/20221007100449/https://sustainability-prd-cdn.suncor.com/-/media/project/suncor/files/news-releases/2021/2021-10-27-nr-su-q3-2021-en.pdf?modified=20220907174737,"Suncor's total upstream production increased to 698,600 barrels of oil equivalent per day (boe/d) in the third quarter of 2021, compared to 616,200 boe/d in the prior year quarter, due to continued strong performance from the company's In Situ assets and increased production volumes at Syncrude, partially offset by the impact of the significant planned turnaround at Oil",True,0
Enbridge,https://www.enbridge.com/media-center/news/details?id=123861&lang=en,"CALGARY, AB, Aug. 18, 2025 /CNW/ - Enbridge Inc. (TSX: ENB) (NYSE: ENB) (Enbridge) announced today that none of its outstanding Cumulative Redeemable Preference Shares, Series 15 (Series 15 Shares) will be converted into Cumulative Redeemable Preference Shares, Series 16 (Series 16 Shares) on September 1, 2025.",False,0
Pembina Pipeline,https://www.pembina.com/media-centre/news/details/4334dcc5-e915-4125-91dc-e2904e987228,"Several additional factors supported the development of CDH, including its Alberta Industrial Heartland location, which is proximal to oil sands and diluent pipelines, as well as associated terminals.",True,0
Imperial Oil,http://web.archive.org/web/20230201074801/https://news.imperialoil.ca/news-releases/news-releases/2023/Imperial-announces-fourth-quarter-2022-financial-and-operating-results/default.aspx,Unit cash operating cost (unit cash costs) Unit cash operating costs is a non-GAAP ratio.,True,0
Imperial Oil,http://web.archive.org/web/20221028120609/https://news.imperialoil.ca/news-releases/news-releases/2022/Imperial-announces-third-quarter-2022-financial-and-operating-results/default.aspx,"Upstream production in the third quarter averaged 430,000 gross oil-equivalent barrels per day.",True,0
Imperial Oil,http://web.archive.org/web/20201130221520/https://news.imperialoil.ca/news-releases/news-releases/2020/Imperial-provides-update-on-unconventional-portfolio/default.aspx,"CALGARY, Alberta--(BUSINESS WIRE)--",True,0
Pembina Pipeline,https://www.pembina.com/media-centre/news/details/48223166-81f6-4563-a5a3-e327146dd7a8,"Within Facilities, increased volumes were primarily due to higher volumes at the Redwater Complex and at Younger due to less outage days during the third quarter of 2022.",False,0
Canadian Natural Resources,https://www.cnrl.com/content/uploads/2024/05/0502-Q124-Front-End.pdf,"Oil  Sands Mining and Upgrading operating costs are top tier, averaging $24.85/bbl (US$18.43/bbl) in Q1/24, comparable to Q1/23 levels.",True,0
Shell Canada,http://web.archive.org/web/20170606170632/http://www.shell.ca/en_ca/media/news-and-media-releases/news-releases-2017/shell-canada-statement-on-proposed-federal-regulations-on-methane-emissions.html,“We are pleased with steps the federal government is taking to reduce methane emissions and air pollution.,True,1
Enbridge,https://www.enbridge.com/media-center/news/details?id=123663&lang=en,FINANCIAL POSITION AND OUTLOOK,True,0
Suncor Energy,http://web.archive.org/web/20220704150053/https://sustainability-prd-cdn.suncor.com/-/media/project/suncor/files/news-releases/2018/2018-12-14-suncor-energy-announces-2019-capital-program-and-production-outlook-en.pdf?modified=20210902051032,"'With Fort Hills successfully operating at target rates during Q4 2018 and Hebron on track to increase production ahead of schedule, our focus is on maintaining capital discipline and ensuring safe and reliable operations while growing the free funds flow of our business,' said Steve Williams, chief executive officer.",True,0
Suncor Energy,https://www.suncor.com/-/media/project/suncor/files/news-releases/2024/2024-06-06-news-release-rk-remarks-envi-committee-en.pdf?modified=20240614163431&created=20240606222422,"It will take collaboration to create a stronger, safer, healthier, and more prosperous world, with Canada as a leader in it.",False,0
Pembina Pipeline,https://www.pembina.com/media-centre/news/details/8cbce48d-bac6-4f28-8f52-504298c5b54d,"These results, combined with our growing fee-for-service-based cash flows over the next few years, which will add further stability and resiliency, led to the Board of Directors approving a 5.2 percent common share dividend increase today.",False,0
Enbridge,https://www.enbridge.com/media-center/news/details?id=123711&lang=en,"""These types of partnerships on critical technologies like CCUS are how we will win the fight against climate change and demonstrate to Canadians and the world how our hard to abate industry will reach its net-zero ambition.",True,1
Suncor Energy,http://web.archive.org/web/20231204183955/https://sustainability-prd-cdn.suncor.com/-/media/project/suncor/files/news-releases/2023/2023-11-27-news-release-suncor-energy-announces-restart-production-terra-nova-en.pdf?modified=20231127114653,"'Focusing on safety and operational integrity, we have brought this key offshore project online, providing additional cash flow for our shareholders as well as many benefits to the Newfoundland and Labrador and Canadian economies,' said Rich Kruger, Suncor President and Chief Executive Officer.",True,0
Imperial Oil,http://web.archive.org/web/20220311100009/https://news.imperialoil.ca/news-releases/news-releases/2022/Imperial-announces-2021-financial-and-operating-results/default.aspx,"Capacity utilization was 97 percent, up from 85 percent in the fourth quarter of 2020.",True,0
Pembina Pipeline,https://www.pembina.com/media-centre/news/details/c8f37bc6-7e6a-480b-8afd-c78c10c51abf,"At the reporting date, the interest rate profile of the Company's interest-bearing financial instruments was:",True,0
Pembina Pipeline,https://www.pembina.com/media-centre/news/details/9a6d7ae0-7a9c-4049-9ed9-70bf5f02bd22,"For additional information regarding non-GAAP measures, please refer to Pembina's financial reports, which are available on SEDAR at www.sedar.com and at www.pembina.com.",True,0
Pembina Pipeline,https://www.pembina.com/media-centre/news/details/4c9b530f-fa37-41e8-8c75-20421df0176e,"The Company plans to spend $100 million towards progressing its proposed Jordan Cove liquified natural gas (""LNG"") project (""Jordan Cove"").",False,0
Imperial Oil,https://news.imperialoil.ca/news-releases/news-releases/2016/Imperial-reports-voting-results-for-election-of-directors/default.aspx,"A total of 754,290,194 shares (88.99 percent of outstanding common shares) were represented in person or by proxy.",True,0
Enbridge,https://www.enbridge.com/media-center/news/details?id=123702&lang=en,The declared dividend represents a three percent increase from the prior quarterly rate and the twenty-seventh consecutive year in which the Company has increased its common share dividend.,False,0
Pembina Pipeline,https://www.pembina.com/media-centre/news/details/9a6d7ae0-7a9c-4049-9ed9-70bf5f02bd22,"The Company has hedged approximately 50 percent of its 2020 frac spread exposure, excluding Aux Sable, with these hedges having been systematically entered into throughout 2019.",False,0
Suncor Energy,http://web.archive.org/web/20220704143556/https://sustainability-prd-cdn.suncor.com/-/media/project/suncor/files/news-releases/2009/2009-06-18-suncor-sees-possibilities-outlines-environmental-goals-in-sustainability-report-en.pdf?modified=20210902050521, $2.6 billion in royalty payments to the Alberta government.,True,0
Pembina Pipeline,https://www.pembina.com/media-centre/news/details/26400a51-ee23-4209-b789-4a15c2f699d1,"Non-GAAP financial measures either exclude an amount that is included in, or include an amount that is excluded from, the composition of the most directly comparable financial measure specified, defined and determined in accordance with GAAP.",False,0
Enbridge,https://www.enbridge.com/media-center/news/details?id=123796&lang=en,"As a result, subject to certain conditions, the holders of the Series P Shares have the right to convert all or part of their Series P Shares on a one-for-one basis into Cumulative Redeemable Preference Shares, Series Q of Enbridge (Series Q Shares) on March 1, 2024.",False,0
Suncor Energy,http://web.archive.org/web/20220704145009/https://sustainability-prd-cdn.suncor.com/-/media/project/suncor/files/news-releases/2015/2015-07-29-suncor-energy-reports-second-quarter-2015-results-en.pdf?modified=20210902050833,"During the second quarter of 2015, the company also recorded an after-tax foreign exchange gain on the revaluation of U.S. dollar denominated debt of $178 million and an after-tax gain of $68 million on the disposal of the company's share of certain assets and liabilities of Pioneer Energy in the Refining and Marketing segment.",True,0
Suncor Energy,http://web.archive.org/web/20220703201806/https://sustainability-prd-cdn.suncor.com/-/media/project/suncor/files/news-releases/2018/2018-07-09-suncor-provides-update-on-syncrude-recovery-plan-en.pdf?modified=20210902051020,It is expected that Syncrude will ramp up to full production in early to mid-September.,True,0
Canadian Natural Resources,https://www.cnrl.com/content/uploads/2022/12/1103-Q322-Front-End.pdf,"Benefiting from the effective and efficient operations at Canadian Natural, payments to governments, investment in the oil and gas sector and returns to shareholders have been significant in 2022.",True,0
Suncor Energy,http://web.archive.org/web/20220704162815/https://sustainability-prd-cdn.suncor.com/-/media/project/suncor/files/news-releases/2014/2014-02-03-suncor-energy-appoints-new-members-to-board-of-directors-en.pdf?modified=20210902050753,"He has extensive international experience, having served in a diverse series of operations positions in the oil and gas industry with increasing responsibility throughout his career.",True,0
Pembina Pipeline,https://www.pembina.com/media-centre/news/details/c8f37bc6-7e6a-480b-8afd-c78c10c51abf,The Company does not trade financial instruments for speculative purposes.,False,0
Suncor Energy,http://web.archive.org/web/20220703212612/https://sustainability-prd-cdn.suncor.com/-/media/project/suncor/files/news-releases/2018/2018-02-07-suncor-energy-reports-fourth-quarter-2017-results-en.pdf?modified=20210902051012,"In the fourth quarter of 2017, the company received an interim payment of $76 million of its anticipated property damage insurance proceeds related to the incident, with the remaining payment anticipated to be received in 2018.",True,0
Suncor Energy,https://www.suncor.com/-/media/project/suncor/files/news-releases/2025/2025-08-05-news-release-earnings-q2-2025-en.pdf?modified=20250805205453&created=20250805151102,"Forward-looking statements in this news release include references to: Suncor's strategy, focus, goals and priorities and the expected benefits therefrom, and the anticipated return to normal production at White Rose in in the second quarter.",False,0
Pembina Pipeline,https://www.pembina.com/media-centre/news/details/6013c21e-4389-49d8-8f53-023e19e8f84a,"This slight decrease is primarily due to gains on non-commodity-related derivative financial instruments driven by higher forward interest rates, as well as higher interest income and lower interest expense on loans and borrowings, offset by a loss on revaluation of the conversion feature of the convertible debentures.",False,0
Pembina Pipeline,https://www.pembina.com/media-centre/news/details/c8f37bc6-7e6a-480b-8afd-c78c10c51abf,Management believes that net revenue provides investors with a single measure to indicate the margin on sales before non-product operating expenses that is comparable between periods.,True,0
Pembina Pipeline,https://www.pembina.com/media-centre/news/details/33debf84-3a1f-497a-9fba-438be44f3952,"Pembina remains optimistic about its future, including the profitability of our existing business given foreseeable sector tailwinds, as well as with tremendous flexibility to pursue an ever increasing and more diverse set of opportunities for growth, some of which we were able to highlight and advance during this process.",False,0
Pembina Pipeline,https://www.pembina.com/media-centre/news/details/9a6d7ae0-7a9c-4049-9ed9-70bf5f02bd22,Commercial discussions with customers are ongoing and Alliance believes there is an opportunity for a phased expansion of up to 400 million cubic feet per day with initial commercial support for an initial expansion of up to 100 million cubic feet per day.,True,0
Pembina Pipeline,https://www.pembina.com/media-centre/news/details/0cd838f4-4d7b-45b8-92a4-e4c3c8edfebd,"A recording of the conference call will be available for replay until August 8, 2019 at 11:59 p.m.",True,0
Suncor Energy,http://web.archive.org/web/20220701143738/https://sustainability-prd-cdn.suncor.com/-/media/project/suncor/files/news-releases/2016/2016-07-21-suncor-releases-2016-report-on-sustainability-and-new-long-term-sustainability-goals-en.pdf?modified=20210902050913,"Sustainability goals drive us far beyond our current capabilities, setting our ambition to be globally cost and carbon competitive, while meeting the energy needs in Canada and around the world.'",True,1
Imperial Oil,http://web.archive.org/web/20210430124304/https://news.imperialoil.ca/news-releases/news-releases/2021/Imperial-announces-first-quarter-2021-financial-and-operating-results/default.aspx,Lower refinery throughput was primarily driven by lower market demand due to the COVID-19 pandemic.,True,0
Pembina Pipeline,https://www.pembina.com/media-centre/news/details/af2415eb-3e55-48a0-b4b3-2ccfa050682c,Management's Responsibility for the Consolidated Financial Statements,False,0
Suncor Energy,http://web.archive.org/web/20221007085135/https://sustainability-prd-cdn.suncor.com/-/media/project/suncor/files/news-releases/2022/2022-04-26-media-advisory-q1-2022-results-and-agm-en.pdf?modified=20220909191623,"Please note, telephone lines are limited and reserved for those who intend to ask a question.",True,0
Canadian Natural Resources,https://www.cnrl.com/content/uploads/2025/08/0807-Q225-Front-End.pdf,"Refer to the ""Non-GAAP and Other Financial Measures"" section of the Company's MD&A for the three and six months ended June 30, 2025 dated August 6, 2025.",False,0
Imperial Oil,http://web.archive.org/web/20200920203638/https://news.imperialoil.ca/news-releases/news-releases/2020/Imperial-declares-third-quarter-2020-dividend/default.aspx,"CALGARY, Alberta--(BUSINESS WIRE)--Imperial Oil Limited today declared a quarterly dividend of 22 cents per share on the outstanding common shares of the company, payable on October 1, 2020, to shareholders of record at the close of business on September 4, 2020.",True,0
Imperial Oil,https://news.imperialoil.ca/news-releases/news-releases/2017/Imperial-announces-appointment-of-David-W.-Cornhill-to-its-board-of-directors/default.aspx,Mr. Cornhill is currently the chairman of the board and founder of AltaGas Ltd.,True,0
Suncor Energy,http://web.archive.org/web/20220701142339/https://sustainability-prd-cdn.suncor.com/-/media/project/suncor/files/news-releases/2011/2011-03-24-suncor-energy-recognized-for-exceptional-environment-performance-en.pdf?modified=20210902050625,Suncor Energy today reported it has been recognized by industry for exceptional environmental performance in the areas of oil sands tailings management and land reclamation.,True,1
Imperial Oil,http://web.archive.org/web/20210430124304/https://news.imperialoil.ca/news-releases/news-releases/2021/Imperial-announces-first-quarter-2021-financial-and-operating-results/default.aspx,"Capacity utilization was 85 percent, compared to 91 percent in the first quarter of 2020.",True,0
Imperial Oil,http://web.archive.org/web/20210730120849/https://news.imperialoil.ca/news-releases/news-releases/2021/Imperial-Announces-Second-Quarter-2021-Financial-and-Operating-Results/default.aspx,Imperial's average Canadian dollar realizations for bitumen increased in the first six months of 2021 primarily due to an increase in WCS.,True,0
Imperial Oil,https://news.imperialoil.ca/news-releases/news-releases/2019/Imperial-announces-first-quarter-2019-financial-and-operating-results/default.aspx,"Capital and exploration expenditures totalled $529 million, compared with $274 million in the first quarter of 2018.",True,0
Pembina Pipeline,https://www.pembina.com/media-centre/news/details/39170c18-b013-48b5-8761-93ac5f7f811b,The Company also continued with the development of storage capacity at its Edmonton North Terminal.,False,0
Pembina Pipeline,https://www.pembina.com/media-centre/news/details/a86f7b93-e454-448d-a241-988fa271db77,Also included in 2014 was the impairment of non-core trucking related assets.,False,0
Shell Canada,http://web.archive.org/web/20210218005531/https://www.shell.ca/en_ca/media/news-and-media-releases/news-releases-2021/shell-sells-non-core-canadian-shale-assets-to-crescent-point-energy.html,Notes to Editors,True,0
Canadian Natural Resources,https://www.cnrl.com/content/uploads/2023/05/0504-Q123-Front-End.pdf,"Canadian Natural's adjusted funds flow generation, credit  facilities,  US  commercial  paper  program,  access  to  capital  markets,  diverse  asset  base  and  flexible  capital expenditure  program  all  support  a  strong  financial  position  and  provide  the  appropriate  financial  resources  for  the near-, mid- and long-term.",True,0
Pembina Pipeline,https://www.pembina.com/media-centre/news/details/c76e9886-efc4-433d-9424-83d096c2b593,"Pembina plans to issue a full-length Report on a biennial basis and, during interim years, will provide an update of its performance for key sustainability metrics on its website at www.pembina.com.",False,1
Suncor Energy,http://web.archive.org/web/20220629124437/https://sustainability-prd-cdn.suncor.com/-/media/project/suncor/files/news-releases/2011/2011-10-13-suncor-energy-ranked-top-canadian-firm-for-climate-change-disclosure-en.pdf?modified=20210902050639,Those organizations that give clear consideration to measuring and reporting on climate change issues will be best placed to capitalize on the opportunities from managing them.',True,1
Pembina Pipeline,https://www.pembina.com/media-centre/news/details/9a94bfed-f167-4c66-b11e-f553a73ad88e,"replay, please dial either 416-764-8692 or 877-674-7070 and enter the password 170209#.",True,0
Pembina Pipeline,https://www.pembina.com/media-centre/news/details/60a97c1d-4e25-48b0-be91-cf80ec73166d,Executive Comment,False,0
Pembina Pipeline,https://www.pembina.com/media-centre/news/details/4a89a70c-4bc7-428d-8021-d6a6c398d383,"As previously announced, the dividend payable on December 3, 2018 to shareholders of record on November 1, 2018 will be $0.265625 per Series 1 share, consistent with the dividend rate in effect since issuance on July 26, 2013.",False,0
Suncor Energy,http://web.archive.org/web/20230131040635/https://sustainability-prd-cdn.suncor.com/-/media/project/suncor/files/news-releases/2022/2022-01-18-nr-su-q4-2021-update-eng.pdf?modified=20220830213833,"On December 16, 2021, two critical furnaces tripped, hours apart due to frozen air louvers.",True,0
Suncor Energy,https://www.suncor.com/-/media/project/suncor/files/news-releases/2024/2024-03-07-nr-fort-mckay-first-nation-and-su-to-partner-on-prospective-os-dev-opportunity-en.pdf?modified=20240613191936&created=20240307180528,"Gardiner (Moose) Lake and 174B at Namur (Buffalo) Lake, approximately 65 kilometres northwest of Fort McKay.",False,0
Enbridge,https://www.enbridge.com/media-center/news/details?id=123699&lang=en,We expect the subsequent CER review and decision process to conclude in 2023.,False,0
Pembina Pipeline,https://www.pembina.com/media-centre/news/details/9661a8c7-d8f6-492b-99b9-7a8ea092c781,"The purpose of the 2018 Adjusted EBITDA projection is to provide investors with an indication of the value to Pembina of capital projects that have been and will be brought into service in 2018, and the closing of the acquisition of Veresen on 2018 full-year financial results.",True,0
Pembina Pipeline,https://www.pembina.com/media-centre/news/details/c8f37bc6-7e6a-480b-8afd-c78c10c51abf,"This represents an increase of approximately four percent compared to the same period of 2012, when average throughput was 480 mbpd.",False,0
Pembina Pipeline,https://www.pembina.com/media-centre/news/details/f1d91820-2686-4920-b838-8d94f833a065,This includes ethane-plus extraction capacity of approximately 735 MMcf/d (net).,False,0
Enbridge,https://www.enbridge.com/media-center/news/details?id=123697&lang=en,"Liquids Pipelines adjusted EBITDA increased $166 million compared with the third quarter of 2020, primarily related to:",True,0
Canadian Natural Resources,https://www.cnrl.com/content/uploads/2023/03/0302-Q422-Front-End.pdf,"At  Primrose,  the  Company  finished  drilling  two  CSS  pads  in  Q4/22,  and  targets  to  bring  these  pads  on production in early Q3/23.",True,0
Pembina Pipeline,https://www.pembina.com/media-centre/news/details/b459c1a4-acf3-4a48-bcd3-0795e94df978,"Pembina intends to redeem all of its 1,028,130 issued and outstanding Series 22 Shares, in accordance with the terms of the Series 22 Shares, as set out in the Company's articles of amendment dated December 1, 2017 on the Redemption Date for a redemption price equal to $25.50, plus all accrued and unpaid dividends thereon but excluding the Redemption Date per Series 22 Share (the ""Redemption Price""), less any tax required to be deducted or withheld by the Company.",False,0
Suncor Energy,https://www.suncor.com/-/media/project/suncor/files/news-releases/2025/2025-12-11-news-release-suncor-energy-announces-2026-corporate-guidance-en.pdf?modified=20251210211017&created=20251210211017,"Suncor's operations include oil sands development, production and upgrading; offshore oil production; petroleum refining in Canada and the U.S.; and the company's Petro -Canada ™ retail and wholesale distribution networks (including Canada's Electric Highway ™ , a coast-to-coast network of fast-charging EV stations).",False,0
Suncor Energy,http://web.archive.org/web/20221007091634/https://sustainability-prd-cdn.suncor.com/-/media/project/suncor/files/news-releases/2021/2021_02_03_nr_su_q4_en.pdf?modified=20220907174456,"The company optimized the transfer of its allotted curtailment credits among the company's assets, which helped the company achieve the second best year of SCO production in its history.",True,0
Suncor Energy,http://web.archive.org/web/20220703210501/https://sustainability-prd-cdn.suncor.com/-/media/project/suncor/files/news-releases/2009/2009-04-23-suncor-energy-releases-first-quarter-results-for-2009-en.pdf?modified=20210902050519,Growth update,True,0
Canadian Natural Resources,https://www.cnrl.com/content/uploads/2025/03/0306-Q424-Front-End.pdf,"Canadian  Natural  has  unlocked  significant  long-term  shareholder  value  at  the  Albian  mines  and  Scotford  Upgrader (""AOSP"") since its initial acquisition of a 70% working interest in 2017, followed by 20% in December 2024 and the final 10% in the Muskeg River and Jackpine mines (""Albian mines""), which is targeted to close in the first half of 2025.",False,0
Enbridge,https://www.enbridge.com/media-center/news/details?id=123687&lang=en,We recently announced plans to expand access to natural gas to remote and Indigenous communities across Ontario.,True,0
Pembina Pipeline,https://www.pembina.com/media-centre/news/details/52b910c1-6fa6-4005-b3c2-58a1956dd8cd,SOURCE Cedar LNG,True,0
Shell Canada,http://web.archive.org/web/20170913020104/http://www.shell.ca/en_ca/media/news-and-media-releases/news-releases-2012/global-energy-firms-announce-lng-canada.html,Transportation of LNG by marine carriers has a long record of safe operation.,True,0
Pembina Pipeline,https://www.pembina.com/media-centre/news/details/bc118e14-5ac8-4693-8820-b0ef25b156d0,Long-term Storage Agreements,False,0
Suncor Energy,http://web.archive.org/web/20220704153811/https://sustainability-prd-cdn.suncor.com/-/media/project/suncor/files/news-releases/2016/2016-01-27-suncor-energy-to-release-fourth-quarter-2015-financial-results-en.pdf?modified=20210902050853,"To participate in the conference via webcast, go to suncor.com/webcasts.",True,0
Suncor Energy,http://web.archive.org/web/20220704151545/https://sustainability-prd-cdn.suncor.com/-/media/project/suncor/files/news-releases/2011/2011-11-28-suncor-energy-employees-teddy-bears-and-a-life-size-nutcracker-help-families-in-need-en.pdf?modified=20210902050644,The nutcracker will remain at the Suncor Energy Centre during the holiday season until it is dismantled and the cans are donated to the Calgary Food Bank for Christmas hampers.,True,0
Pembina Pipeline,https://www.pembina.com/media-centre/news/details/ef2bd0cc-cc34-4138-bbf5-6d5a1f263c6b,"CALGARY, July 9, 2015 /CNW/ - Pembina Pipeline Corporation (""Pembina"" or the ""Company"") (TSX: PPL; NYSE: PBA) announced today that its Board of Directors declared a common share cash dividend for July 2015 of $0.1525 per share to be paid, subject to applicable law, on August 15, 2015 to shareholders of record on July 25, 2015.",True,0
Pembina Pipeline,https://www.pembina.com/media-centre/news/details/6da9f65b-da04-490b-bc48-65b17c3117dc,"To access the replay, please dial either 1-416-764-8692 or 1-877-674-7070 and enter the password 023183#",False,0
Pembina Pipeline,https://www.pembina.com/media-centre/news/details/52685c47-8612-442b-b767-b6cee32fbbfe,"CALGARY, April 1, 2019 /CNW/ - Pembina Pipeline Corporation (""Pembina"" or the ""Company"") (TSX: PPL; NYSE: PBA) announced today that it has agreed to issue $800 million of senior unsecured medium-term notes (the ""Offering"").",False,0
Pembina Pipeline,https://www.pembina.com/media-centre/news/details/170bbbe6-045c-487d-934d-887e84fe0953,Pembina received an affirmative vote from the Portland Planning and Sustainability Commission to move the approval process to the Portland City Council.,False,1
Pembina Pipeline,https://www.pembina.com/media-centre/news/details/33debf84-3a1f-497a-9fba-438be44f3952,The conference call dial-in numbers for Canada and the U.S. are 647-427-7450 or 888-231-8191.,False,0
Pembina Pipeline,https://www.pembina.com/media-centre/news/details/c8f37bc6-7e6a-480b-8afd-c78c10c51abf,"A number of the Company's accounting policies and disclosures require the determination of fair value, for both financial and non-financial assets and liabilities.",True,0
Suncor Energy,http://web.archive.org/web/20221007081755/https://sustainability-prd-cdn.suncor.com/-/media/project/suncor/files/news-releases/2021/2021-12-13-nr-su-2022-corporate-guidance-en.pdf?modified=20220907174752,"Fort Hills production of 85,000 to 100,000 bbls/d, net to Suncor, represents a two-train operation for the year and expected utilization of 90%.",True,0
Suncor Energy,http://web.archive.org/web/20220703215223/https://sustainability-prd-cdn.suncor.com/-/media/project/suncor/files/news-releases/2017/2017-04-19-suncor-energy-provides-update-on-syncrude-return-to-service-plan-en.pdf?modified=20210902050945,"Calgary, Alberta (April 19, 2017) -",True,0
Pembina Pipeline,https://www.pembina.com/media-centre/news/details/6013c21e-4389-49d8-8f53-023e19e8f84a,Additional information about the terms and conditions of the DRIP can be found at www.pembina.com.,False,0
Shell Canada,http://web.archive.org/web/20170913020104/http://www.shell.ca/en_ca/media/news-and-media-releases/news-releases-2012/global-energy-firms-announce-lng-canada.html,Shell was a partner in the first-ever purpose built LNG carrier and has been delivering LNG safely for nearly half a century.,True,0
Canadian Natural Resources,https://www.cnrl.com/upload/media_element/1155/01/0301_q4-17-front-end.pdf,"International Exploration & Production ('E&P') annual production volumes were within production guidance and averaged 43,761 bbl/d.",True,0
Enbridge,https://www.enbridge.com/media-center/news/details?id=123746&lang=en,"Forward-looking information or statements included or incorporated by reference in this document include, but are not limited to, statements with respect to the following: Enbridge's strategic plan, priorities and outlook; 2022 and 2023 financial guidance, including projected DCF per share and adjusted EBITDA and expected growth thereof; expected dividends, dividend growth and dividend policy; intended normal course issuer bid and related filing of notice of intent to make a normal course issuer bid; expected supply of, demand for, exports of and prices of crude oil, natural gas, natural gas liquids, (NGL) liquefied natural gas (LNG) and renewable energy; energy transition and low carbon energy and our approach thereto; anticipated utilization of our assets; expected future cash flows; expected shareholder returns and asset returns; expected performance of the Company's businesses, including customer growth and organic growth opportunities; financial strength, capacity and flexibility; financing plan and costs; expectations on leverage, including Debt-to-EBITDA ratio; forecasted effective tax rate and cash tax rate; expectations on sources of liquidity and sufficiency of financial resources; expected in-service dates and costs related to announced projects and projects under construction and system expansion, optimization and modernization; expected capital expenditures and capital allocation priorities; and expected future growth and expansion opportunities, including secured growth program and development opportunities.",False,0
Suncor Energy,http://web.archive.org/web/20221007084247/https://sustainability-prd-cdn.suncor.com/-/media/project/suncor/files/news-releases/2019/2019-02-05-suncor-energy-reports-fourth-quarter-2018-results-en.pdf?modified=20220921200053,The proceeds may be subject to a provisional repayment which is dependent on the future performance and cash flows from Suncor's Libyan assets.,True,0
Enbridge,https://www.enbridge.com/media-center/news/details?id=123810&lang=en,Enbridge Inc. to Host Webcast to Discuss 2024 First Quarter Results on May 10,True,0
Pembina Pipeline,https://www.pembina.com/media-centre/news/details/7fe114ff-c1ed-45cb-a122-032bd7530df6,"All preferred share dividends are payable on March 1, 2017 to shareholders of record on February 1, 2017.",True,0
Shell Canada,http://web.archive.org/web/20170413012532/http://www.shell.ca:80/en_ca/media/news-and-media-releases/news-releases-2013/shell-canada-invests-625-000-in-health-care-in-the-peace-river.html,Community Affairs Representative,True,0
Canadian Natural Resources,https://www.cnrl.com/upload/media_element/1343/02/0506-q121-front-end.pdf,"Production  from  these  wells  has  been  strong totaling approximately 2,700 bbl/d, above budgeted rates by approximately 900 bbl/d, with low capital efficiencies of approximately $3,400 per flowing BOE.",True,0
Suncor Energy,http://web.archive.org/web/20221007100449/https://sustainability-prd-cdn.suncor.com/-/media/project/suncor/files/news-releases/2021/2021-10-27-nr-su-q3-2021-en.pdf?modified=20220907174737,"In the third quarter of 2021, the company returned $1.0 billion to its shareholders  through $704 million in share repurchases and payment of $309 million of dividends, and reduced net debt (3) by $2.0 billion.",True,0
Enbridge,https://www.enbridge.com/media-center/news/details?id=123713&lang=en,"Forward-looking information or statements included or incorporated by reference in this document include, but are not limited to, statements with respect to the following: Enbridge's strategic plan, priorities and outlook; 2022 financial guidance, including projected DCF per share and adjusted EBITDA and expected growth thereof; expected dividends, dividend growth and dividend policy; expected supply of, demand for, exports of and prices of crude oil, natural gas, natural gas liquids (NGL), liquified natural gas (LNG) and renewable energy; energy transition and low carbon energy and our approach thereto; environmental, social and governance (ESG) goals, targets and plans, including greenhouse gas (GHG) emissions intensity and reduction targets, ESG engagement and disclosure, and diversity and inclusion goals; anticipated utilization of our assets; expected EBITDA and expected adjusted EBITDA; expected earnings/(loss) and adjusted earnings/(loss); expected DCF and DCF per share; expected future cash flows; expected debt-to EBITDA range; expected shareholder returns, asset returns and returns on equity; expected performance of the Company's businesses, including customer growth and organic growth opportunities; financial strength, capacity and flexibility; financial priorities; expectations on leverage, sources of liquidity and sufficiency of financial resources; expected in-service dates and costs related to announced projects and projects under construction and system expansion, optimization and modernization; capital allocation framework and priorities including ESG factors; share repurchases under normal course issuer bid; investment capacity; expected future growth and expansion opportunities, including secured growth program, development opportunities and low carbon and new energies opportunities and strategy; expected future actions and decisions of regulators and courts and the timing and impact thereof; and toll and rate case discussions and filings, including with respect to the Mainline, and anticipated timing and impact therefrom.",False,0
Pembina Pipeline,https://www.pembina.com/media-centre/news/details/8cbce48d-bac6-4f28-8f52-504298c5b54d,"Also, subject to regulatory and environmental approvals, Pembina expects its pipeline lateral in the Edson, Alberta area to be in-service mid-2016.",True,0
Pembina Pipeline,https://www.pembina.com/media-centre/news/details/c8f37bc6-7e6a-480b-8afd-c78c10c51abf,Common Share Dividends,False,0
Suncor Energy,http://web.archive.org/web/20220704161408/https://sustainability-prd-cdn.suncor.com/-/media/project/suncor/files/news-releases/2012/2012-03-22-suncor-energy-recognized-for-leading-by-metrics-safety-program-en.pdf?modified=20210902050657,"The awards, which recognize CAPP members who have demonstrated exceptional performance in their commitment to responsible development of Canada's petroleum resources, were handed out at a dinner on March 21.",True,0
Suncor Energy,http://web.archive.org/web/20220701130341/https://sustainability-prd-cdn.suncor.com/-/media/project/suncor/files/news-releases/2011/2011-03-03-suncor-energy-reports-2010-fourth-quarter-results-en.pdf?modified=20210902050623,"Corporate, Energy Trading and Eliminations includes the company's investment in renewable energy projects, results related to third-party energy supply and trading activities and other activities not directly attributable to other operating segments.",True,1
Suncor Energy,http://web.archive.org/web/20220703202906/https://sustainability-prd-cdn.suncor.com/-/media/project/suncor/files/news-releases/2010/2010-04-27-suncor-energy-to-release-first-quarter-2010-financial-results-and-hold-annual-meeting-en.pdf?modified=20210902050551,Canadian Dailies Network,True,0
Pembina Pipeline,https://www.pembina.com/media-centre/news/details/af2415eb-3e55-48a0-b4b3-2ccfa050682c,a. Price risk,False,0
Pembina Pipeline,https://www.pembina.com/media-centre/news/details/c8f37bc6-7e6a-480b-8afd-c78c10c51abf,a) IFRS 7 Financial Instruments: Disclosures,True,0
Canadian Natural Resources,https://www.cnrl.com/content/uploads/2023/05/0504-Q123-Front-End.pdf,"The Company drilled a total of 16 net light crude oil wells in Q1/23 as part of its light oil development plan, which are targeted to come on production in the second half of Q2/23 and the first half of Q3/23.",True,0
Suncor Energy,http://web.archive.org/web/20220629121658/https://sustainability-prd-cdn.suncor.com/-/media/project/suncor/files/news-releases/2009/2009-06-01-advisory-media-invited-to-fort-mckay-business-incubator-opening-en.pdf?modified=20210902050520,"For inquiries about the business incubator opening, contact:",True,0
Suncor Energy,http://web.archive.org/web/20220701145145/https://sustainability-prd-cdn.suncor.com/-/media/project/suncor/files/news-releases/2018/2018-07-19-suncor-releases-2018-report-on-sustainability-en.pdf?modified=20210902051022,"Suncor today released its 2018 Report on Sustainability which details the company's environmental, social and economic performance.",True,1
Pembina Pipeline,https://www.pembina.com/media-centre/news/details/c8f37bc6-7e6a-480b-8afd-c78c10c51abf,No adjustments are made to goodwill and no gain or loss is recognized in earnings.,False,0
Suncor Energy,http://web.archive.org/web/20220621170105/https://sustainability-prd-cdn.suncor.com/-/media/project/suncor/files/news-releases/2009/2009-03-23-suncor-and-petro-canada-join-forces-to-create-the-premier-canadian-energy-company-en.pdf?modified=20210902050518,Balance Sheet Information: 2008,True,0
Canadian Natural Resources,https://www.cnrl.com/content/uploads/2023/03/0302-Q422-Front-End.pdf,"Canadian Natural Resources Limited (TSX-CNQ / NYSE-CNQ) will be issuing its 2022 Fourth Quarter and Year End Results on Thursday, March 2, 2023 before market open.",True,0
Suncor Energy,http://web.archive.org/web/20220703205920/https://sustainability-prd-cdn.suncor.com/-/media/project/suncor/files/news-releases/2014/2014-12-16-suncor-energy-foundation-supports-social-innovation-program-en.pdf?modified=20210902050819,The Foundation was announced earlier this year as the Institute's first Founding Supporter and this support is in addition to that.,True,0
Pembina Pipeline,https://www.pembina.com/media-centre/news/details/af2415eb-3e55-48a0-b4b3-2ccfa050682c,"Common shares, convertible debentures and other securities of Pembina will not necessarily trade at values determined solely by reference to the underlying value of Pembina's assets.",True,0
Enbridge,https://www.enbridge.com/media-center/news/details?id=123753&lang=en,"The SLB terms are consistent with Enbridge's SLB framework announced in 2021, which incorporates emissions and diversity metrics into the financing terms.",False,1
Canadian Natural Resources,https://www.cnrl.com/content/uploads/2025/03/0310-NCIB.pdf,"Canadian Natural targets to manage the allocation of free cash flow on a forward looking annual basis, while managing working capital and cash management as required.",False,0
Pembina Pipeline,https://www.pembina.com/media-centre/news/details/eeb7cf07-8367-4268-9aa7-31ff60540f31,Second Quarter 2018 Conference Call & Webcast,True,0
Pembina Pipeline,https://www.pembina.com/media-centre/news/details/3ec0bb2b-6f4a-4e9c-aeef-d2cebe865b36,"In particular, this news release contains forward-looking statements pertaining to, without limitation,  Pembina's intention to commence the NCIB and the timing, methods and quantity of any purchases of common shares under the NCIB .",False,0
Imperial Oil,https://news.imperialoil.ca/news-releases/news-releases/2016/Imperial-files-regulatory-applications-for-Cold-Lake-Expansion-project/default.aspx,The Cold Lake expansion is one of a group of in-situ oil-sands opportunities Imperial is currently evaluating.,True,0
Imperial Oil,http://web.archive.org/web/20200920192920/https://news.imperialoil.ca/news-releases/news-releases/2020/Imperial-announces-second-quarter-2020-financial-and-operating-results/default.aspx,"In addition, Imperial’s capital and exploration expenditures totalled $207 million in the quarter as the company executed its revised capital plans.",True,0
Pembina Pipeline,https://www.pembina.com/media-centre/news/details/c8f37bc6-7e6a-480b-8afd-c78c10c51abf,The aggregate gross proceeds from the offering was approximately $345 million.,True,0
Suncor Energy,http://web.archive.org/web/20230320194350/https://sustainability-prd-cdn.suncor.com/-/media/project/suncor/files/news-releases/2023/2023-02-07-ma-su-to-release-q4-results-en.pdf?modified=20230207223301,"- Suncor will release its fourth quarter financial results on February 14, 2023 before 8:00 p.m. MT (10:00 p.m. ET).",True,0
Suncor Energy,http://web.archive.org/web/20220704160249/https://sustainability-prd-cdn.suncor.com/-/media/project/suncor/files/news-releases/2013/2013-10-30-suncor-energy-reports-2013-third-quarter-results-en.pdf?modified=20210902050742,"Total production guidance has been reduced to 545,000 boe/d - 590,000 boe/d from 570,000 boe/d 620,000 boe/d, as a result of the changes described above.",True,0
Pembina Pipeline,https://www.pembina.com/media-centre/news/details/2d8105a0-0798-483c-a4f4-90e2f8f090d8,"At the beginning of September, Pembina commissioned the high vapour pressure (""HVP""), or NGL, portion of the Peace and Northern Phase II pipeline expansion (""Phase II HVP""), and expects to have the pipeline fully commissioned by the end of 2015.",True,0
Pembina Pipeline,https://www.pembina.com/media-centre/news/details/888e9fc3-7137-460b-894a-f4ad96e31a40,"Pembina reported first quarter earnings of $369 million, representing a $112 million or 23 percent decrease over the same period in the prior year.",True,0
Enbridge,https://www.enbridge.com/media-center/news/details?id=123825&lang=en,"the favorable effect of translating US dollar earnings at a higher average exchange rate in 2024, as compared to 2023;",False,0
Suncor Energy,http://web.archive.org/web/20220704151119/https://sustainability-prd-cdn.suncor.com/-/media/project/suncor/files/news-releases/2015/2015-04-29-suncor-energy-reports-first-quarter-en.pdf?modified=20210902050828,"'The Fort Hills project remains on schedule and on budget,' said Williams.",True,0
Canadian Natural Resources,https://www.cnrl.com/upload/media_element/1213/03/0307_q418-front-end.pdf,"North America crude oil and NGLs averaged 243,122 bbl/d in 2018, representing a 2% increase from 2017 levels mainly due to the successful integration of acquired assets at Pelican Lake, partially offset by the impact of proactive measures taken to reduce annual drilling in the second half of the year by approximately 100 net wells, delay completion and ramp up of new wells, and voluntarily curtail crude oil production.",True,0
Suncor Energy,http://web.archive.org/web/20220704154002/https://sustainability-prd-cdn.suncor.com/-/media/project/suncor/files/news-releases/2011/2011-11-03-suncor-energy-reports-2011-third-quarter-results-en.pdf?modified=20210902050641,"Cash flow from operations was the highest on record at $2.721 billion ($1.73 per common share) in the third quarter of 2011, compared to $1.630 billion ($1.04 per common share) in the third quarter of 2010.",True,0
Enbridge,https://www.enbridge.com/media-center/news/details?id=123703&lang=en,"Separately, Enbridge announced that the quarterly dividend for 2022 will be increased from $0.835 to $0.86 per share, commencing with the dividend payable on March 1, 2022, to shareholders of record on February 15, 2022.",True,0
Suncor Energy,http://web.archive.org/web/20220703201845/https://sustainability-prd-cdn.suncor.com/-/media/project/suncor/files/news-releases/2013/2013-02-05-suncor-energy-reports-2012-fourth-quarter-results-en.pdf?modified=20210902050721,The impairment of the Voyageur upgrader project impacted ROCE by approximately 4%.,True,0
Pembina Pipeline,https://www.pembina.com/media-centre/news/details/bb781ff9-aede-4811-b318-021a4513a8f3,"""The encouraging results of the recently completed feasibility study, the previously announced award of $300 million in royalty credits from the Alberta Government's Petrochemicals Diversification Program, and a Joint Venture with our world class partner, PIC, gives Pembina the confidence to further advance the Project,"" said Stuart Taylor, Pembina's Senior Vice President, NGL & Natural Gas Facilities.",False,0
Canadian Natural Resources,https://www.cnrl.com/upload/media_element/1213/03/0307_q418-front-end.pdf,"Recycle ratios are 8.7 times and 11.8 times for proved and proved plus probable reserves respectively, excluding changes in FDC, recycle ratios are 2.9 times and 2.5 times for proved and proved plus probable reserves respectively, including changes in FDC.",True,0
Suncor Energy,http://web.archive.org/web/20220703205756/https://sustainability-prd-cdn.suncor.com/-/media/project/suncor/files/news-releases/2013/2013-07-17-suncor-energy-releases-2013-report-on-sustainability-en.pdf?modified=20210902050733,"For example, a pilot plant is testing a new technology with the potential to use 85 per cent less energy during in situ extraction.",True,1
Enbridge,https://www.enbridge.com/media-center/news/details?id=123731&lang=en,"Announced an investment in the 2.1 million tonnes per annum (mtpa) Woodfibre LNG facility, representing a 30% interest, further advancing Enbridge's LNG export strategy",False,0
Enbridge,https://www.enbridge.com/media-center/news/details?id=123816&lang=en,The MTS covers both the Canadian and U.S. portions of the Mainline and sees the Mainline continuing to operate as a common carrier system available to all shippers on a monthly nomination basis.,True,0
Pembina Pipeline,https://www.pembina.com/media-centre/news/details/f4fb1d2c-df73-4a6f-a017-9e1ed23bda10,Pembina Pipeline Corporation Declares September 2017 Common Share Dividend,True,0
Canadian Natural Resources,https://www.cnrl.com/content/uploads/2025/08/0807-Q225-Front-End.pdf,"Current tax recoveries are refundable at a rate of approximately 23% in Canada and a combined current income tax and Petroleum Revenue Tax (""PRT"") rate approximating 70% to 75% in the UK portion of the North Sea.",False,0
Canadian Natural Resources,https://www.cnrl.com/upload/media_element/1155/01/0301_q4-17-front-end.pdf,"As a result, the Company added 111,937 bbl/d and 180,221 bbl/d of AOSP SCO in 2017 and Q4/17 respectively, net to Canadian Natural, both above the midpoint of previously issued guidance.",True,0
Pembina Pipeline,https://www.pembina.com/media-centre/news/details/aa51cafb-4019-45b5-a844-ca81ed355cd9,The Company's transfer agent for the Series 11 Shares is Computershare Investor Services Inc.,False,0
Enbridge,https://www.enbridge.com/media-center/news/details?id=123731&lang=en,The Company has announced a binding open season to secure the proposed expansion of the T-South section of its B.C. Pipeline System for up to 300 MMcf/d with an estimated capital cost of $2.5+ billion.,False,0
Pembina Pipeline,https://www.pembina.com/media-centre/news/details/af2415eb-3e55-48a0-b4b3-2ccfa050682c,The adoption of these amendments is not expected to have a material impact on the Company's Financial Statements.,True,0
Enbridge,https://www.enbridge.com/media-center/news/details?id=123853&lang=en,About Enbridge's Westcoast natural gas pipeline system,False,0
Canadian Natural Resources,https://www.cnrl.com/upload/media_element/1355/02/1104-q3-press-release.pdf,"Derivations of these measures are discussed in the ""Advisory"" section of this press release.",True,0
Suncor Energy,http://web.archive.org/web/20221007085535/https://sustainability-prd-cdn.suncor.com/-/media/project/suncor/files/news-releases/2019/2019-05-01-nr-su-q1-en.pdf?modified=20220921201600,"Production volumes are presented on a working interest basis, before royalties, except for Libya, which is on an entitlement basis.",True,0
Enbridge,https://www.enbridge.com/media-center/news/details?id=123663&lang=en,The Company continues to advance its approximately $16 billion secured growth capital program.,True,0
Enbridge,https://www.enbridge.com/media-center/news/details?id=123715&lang=en,Enbridge to conduct evaluations and testing in the Wabamun area west of Edmonton to ensure safe and permanent carbon sequestration,True,0
Enbridge,https://www.enbridge.com/media-center/news/details?id=123663&lang=en,"On January 29, 2021 the Michigan Department of Environment, Great Lakes and Energy issued permits relating to wetlands and submerged lands, along with National Pollutant Discharge Elimination System permits.",False,1
Enbridge,https://www.enbridge.com/media-center/news/details?id=123735&lang=en,"""On behalf of the Indigenous partners, we are proud to become equity owners in these high-quality assets which contribute to North American energy supply and security,"" said Justin Bourque, President of Athabasca Indigenous Investments.",False,0
Suncor Energy,http://web.archive.org/web/20220629122108/https://sustainability-prd-cdn.suncor.com/-/media/project/suncor/files/news-releases/2009/2009-06-02-suncor-energy-annual-general-and-special-meeting-and-webcast-en.pdf?modified=20210902050520,"Suncor Energy Inc. will hold its annual general and special meeting on Thursday, June 4, 2009 at 1:00 p.m. MT",True,0
Canadian Natural Resources,https://www.cnrl.com/upload/media_element/1319/03/0304-q420-front-end.pdf,The  decrease  from  2019  levels  demonstrates  Pelican  Lake's  low decline rate and the continued success of the Company's world class polymer flood.,True,0
Canadian Natural Resources,https://www.cnrl.com/content/uploads/media_element/1370/39df137ac9ab/0111-2022-budget.pdf,"Product  mix  is  targeted  at  approximately  46%  light  and  synthetic  crude  oil,  28%  heavy  crude  oil  and  26% natural gas.",True,0
Pembina Pipeline,https://www.pembina.com/media-centre/news/details/c8f37bc6-7e6a-480b-8afd-c78c10c51abf,"Oil Sands & Heavy Oil consists of the Syncrude, Horizon, Nipisi and Mitsue Pipelines, and the Cheecham Lateral.",False,0
Pembina Pipeline,https://www.pembina.com/media-centre/news/details/db10ecd9-a182-4e2f-8566-63ac67d03d93,"In addition, we'll maintain our focus on strong operational performance and delivering safe, responsible and reliable services from our existing assets.""",False,0
Enbridge,https://www.enbridge.com/media-center/news/details?id=123687&lang=en,"And, through our offshore wind joint venture development company Maple Power, we continue to develop further opportunities in Europe that capitalize on our growing development, construction and operating capability.",False,0
Suncor Energy,https://www.suncor.com/-/media/project/suncor/files/news-releases/2025/2025-11-04-news-release-earnings-q3-2025-en.pdf?modified=20251104215519&created=20251104150632,"Achieved record refinery throughput of 492,000 barrels per day (bbls/d) and record quarterly refined product sales of 647,000 bbls/d.",False,0
Pembina Pipeline,https://www.pembina.com/media-centre/news/details/d842df0a-3898-4f1a-973d-0f2ffa3a6339,"All of Pembina's dividends are designated ""eligible dividends"" for Canadian income tax purposes.",True,0
Pembina Pipeline,https://www.pembina.com/media-centre/news/details/f89cb2da-6824-4a73-8318-af8fde4a799c,"Such letters of credit, net to Pembina, are currently expected to be up to $200 million, which may become payable in the case of a negative FID.",False,0
Pembina Pipeline,https://www.pembina.com/media-centre/news/details/c8f37bc6-7e6a-480b-8afd-c78c10c51abf,The year-to-date results were also impacted by the timing of the Acquisition.,True,0
Pembina Pipeline,https://www.pembina.com/media-centre/news/details/39170c18-b013-48b5-8761-93ac5f7f811b,"CALGARY, Feb. 26, 2015 /CNW/ - Pembina Pipeline Corporation (""Pembina"" or the ""Company"") (TSX: PPL; NYSE: PBA) announced today its financial and operating results for the fourth quarter and full year 2014.",False,0
Enbridge,https://www.enbridge.com/media-center/news/details?id=123779&lang=en,"Enbridge has entered into definitive agreements with Dominion Energy, Inc. to acquire The East Ohio Gas Company (""EOG""), Questar Gas Company (""Questar Gas""), and its related Wexpro companies (""Wexpro"" and collectively with Questar Gas, ""Questar""), and Public Service Company of North Carolina, Incorporated (""PSNC"") (collectively the ""Gas utilities"") for an aggregate purchase price of US$14.0 billion (CDN$19 billion1), comprised of US$9.4 billion of cash consideration and US$4.6 billion of assumed debt (the ""Acquisitions"").",False,0
Suncor Energy,http://web.archive.org/web/20220704154414/https://sustainability-prd-cdn.suncor.com/-/media/project/suncor/files/news-releases/2009/2009-08-03-suncor-completes-merger-with-petro-canada-to-create-canadas-premier-energy-company-en.pdf?modified=20210902050523,Forward-looking statements and forward-looking information,True,0
Enbridge,https://www.enbridge.com/media-center/news/details?id=123803&lang=en,"After taking into account all conversion notices received from holders of its outstanding Series P Shares by the February 15, 2024 deadline for the conversion of the Series P Shares into Series Q Shares, less than the 1,000,000 Series P Shares required to give effect to conversions into Series Q Shares were tendered for conversion.",True,0
Suncor Energy,http://web.archive.org/web/20220704145009/https://sustainability-prd-cdn.suncor.com/-/media/project/suncor/files/news-releases/2015/2015-07-29-suncor-energy-reports-second-quarter-2015-results-en.pdf?modified=20210902050833,(4) Restructuring charges related to the cost reduction initiatives in the Corporate segment.,True,0
Pembina Pipeline,https://www.pembina.com/media-centre/news/details/60a97c1d-4e25-48b0-be91-cf80ec73166d,Investors should be cautioned that this measure should not be construed as an alternative to earnings or other measures of financial results determined in accordance with GAAP as an indicator of Pembina's performance.,False,0
Pembina Pipeline,https://www.pembina.com/media-centre/news/details/65d2f7be-a797-49ab-a0a3-bdcbf46cf38a,"Pembina will release its second quarter 2023 results on Thursday, August 3, 2023, after markets close.",True,0
Enbridge,https://www.enbridge.com/media-center/news/details?id=123769&lang=en,"When compared with the normal weather forecast embedded in rates, the weather in the first quarter of 2023 negatively impacted EBITDA by $36 million compared to a positive impact of $27 million for the same period in 2022.",False,0
Suncor Energy,http://web.archive.org/web/20220629122024/https://sustainability-prd-cdn.suncor.com/-/media/project/suncor/files/news-releases/2011/2011-07-28-suncor-energy-reports-2011-second-quarter-results-en.pdf?modified=20210902050634,"Factors that could potentially impact Suncor's operational outlook for 2011 include, but are not limited to:",True,0
Pembina Pipeline,https://www.pembina.com/media-centre/news/details/c8f37bc6-7e6a-480b-8afd-c78c10c51abf,c. Financial instruments,True,0
Imperial Oil,http://web.archive.org/web/20201031102217/https://news.imperialoil.ca/news-releases/news-releases/2020/Imperial-announces-third-quarter-2020-financial-and-operating-results/default.aspx,"The Canadian dollar averaged US$0.75 in the third quarter of 2020, a decrease of US$0.01 from the third quarter of 2019.",True,0
Imperial Oil,https://news.imperialoil.ca/news-releases/news-releases/2025/Imperial-announces-fourth-quarter-2024-financial-and-operating-results/default.aspx,"Net income of $1,225 million or $2.37 per share on a diluted basis, compared to $1,365 million or $2.47 per share in the fourth quarter of 2023.",False,0
Canadian Natural Resources,https://www.cnrl.com/upload/media_element/1307/02/1105-q320-front-end.pdf,Highlights from the Company's 2019 report are as follows:,True,0
Canadian Natural Resources,https://www.cnrl.com/upload/media_element/1327/04/1209-2021-budget.pdf,"Production in 2021 is targeted between 1,190,000 BOE/d and 1,260,000 BOE/d, an increase of approximately 5% from 2020 forecasted levels.",True,0
Pembina Pipeline,https://www.pembina.com/media-centre/news/details/2f5da8cd-caa1-4fbd-88e9-d4011a1c419d,"""We've seen another great start to a new year with Pembina once again setting record quarterly results,"" said Mr. Dilger, Pembina's President and Chief Executive Officer.",False,0
Suncor Energy,http://web.archive.org/web/20220703195953/https://sustainability-prd-cdn.suncor.com/-/media/project/suncor/files/news-releases/2018/2018-01-03-suncor-energy-closes-2017-with-strong-performance-en.pdf?modified=20210902051009,"Production from other upstream assets remained solid with total production from Exploration & Production assets in Canada, the U.K. and Libya of 115,000 boe/d.",True,0
Canadian Natural Resources,https://www.cnrl.com/upload/media_element/1237/02/0801_q219-front-end.pdf,"These financial measures are not defined by International Financial Reporting Standards (""IFRS"") and therefore are referred to as non-GAAP measures and other financial measures.",True,0
Enbridge,https://www.enbridge.com/media-center/news/details?id=123849&lang=en,"The energy sector is a backbone of Canada's economy, contributing 10.3 per cent of Canada's GDP in 2023, creating jobs and supporting local communities across the country.",False,0
Imperial Oil,https://news.imperialoil.ca/news-releases/news-releases/2025/Imperial-announces-fourth-quarter-2024-financial-and-operating-results/default.aspx,"At Kearl, quarterly total gross production averaged 299,000 barrels per day (212,000 barrels Imperial's share), contributing to a full year production record of 281,000 total gross barrels per day (200,000 barrels Imperial's share) at unit cash costs1 below the company's previously stated target.",False,0
Suncor Energy,http://web.archive.org/web/20240518041803/https://sustainability-prd-cdn.suncor.com/-/media/project/suncor/files/news-releases/2024/2024-05-07-news-release-earnings-q1-2024-en.pdf?modified=20240507213212,Corporate and Strategy Updates,True,0
Canadian Natural Resources,https://www.cnrl.com/upload/media_element/1281/02/0305_q419-front-end.pdf,The Company continues to capture margin growth opportunities across our entire asset base delivering significant and sustainable free cash flow in 2020 and beyond.,True,0
Enbridge,https://www.enbridge.com/media-center/news/details?id=123779&lang=en,"After the closings, the Acquisitions are expected to provide immediate high-quality cash flow and deliver significant EBITDA growth in their first full fiscal year of Enbridge's ownership.",False,0
Pembina Pipeline,https://www.pembina.com/media-centre/news/details/91c02c16-4d8a-4454-9322-e31de79e4877,"For more information, please visit  www.pembina.com .",True,0
Shell Canada,http://web.archive.org/web/20170821152922/http://www.shell.ca/en_ca/media/news-and-media-releases/news-releases-2017/shell-launches-methane-detection-pilot.html,"While detection technologies and processes are already in place across the oil and gas industry, more technical innovation is desired.",True,0
Pembina Pipeline,https://www.pembina.com/media-centre/news/details/af2415eb-3e55-48a0-b4b3-2ccfa050682c,iii) Share capital,False,0
Suncor Energy,http://web.archive.org/web/20220704155954/https://sustainability-prd-cdn.suncor.com/-/media/project/suncor/files/news-releases/2016/2016-04-28-suncor-energy-reports-voting-results-from-annual-general-meeting-en.pdf?modified=20210902050903,Shareholder proposal No. 2 regarding annual disclosure by Suncor of lobbying-related matters was not approved with 60.00% of shares represented at the meeting voting against the motion.,True,0
Canadian Natural Resources,https://www.cnrl.com/content/uploads/2024/10/1031-Q324-Front-End.pdf,"As per our 2024 budget, we continue to develop these assets in a disciplined manner to deliver safe and reliable thermal in situ production including the following updates:",False,0
Canadian Natural Resources,https://www.cnrl.com/upload/media_element/1197/03/1101_q3-18-front-end.pdf,"The Company is targeting the third well to come on production in Q4/18, and is on target to exceed the original budgeted production adds for the program of 5,370 bbl/d net, and as a result, Canadian Natural is currently evaluating the option to drill an additional production well in 2019, extending the drilling program at Baobab.",True,0
Suncor Energy,https://www.suncor.com/-/media/project/suncor/files/news-releases/2023/2023-12-07-news-release-suncor-energy-announces-kent-ferguson-new-svp-en.pdf?modified=20240613191934&created=20231207205226,"Kent brings over 25 years of energy industry experience to the role, including an extensive understanding of the Canadian market.",False,0
Imperial Oil,https://news.imperialoil.ca/news-releases/news-releases/2017/Imperial-announces-first-quarter-2017-financial-and-operating-results/default.aspx,"The total art donation includes 43 pieces, gifted to 15 museums and galleries across the country, with an estimated value of $6 million.",True,0
Pembina Pipeline,https://www.pembina.com/media-centre/news/details/22af8cc3-4c91-40a2-b7f1-b13331cfd523,The amendments also include a reduction of the premium to the regular cash dividend paid to the Company's shareholders who participate in the Premium Dividend™ component from 102 percent to 101 percent.,True,0
Canadian Natural Resources,https://www.cnrl.com/upload/media_element/1355/02/1104-q3-press-release.pdf,"In  Q3/21  the  Company  continued  its  focus  on  safe,  effective  and  efficient  operations  averaging  quarterly production volumes of 1,237,503 BOE/d, increases of 11% and 8% from Q3/20 and Q2/21 levels respectively.",True,0
Canadian Natural Resources,https://www.cnrl.com/content/uploads/2022/12/1130-2023-budget-and-new-ghg-emissions-reduction-target.pdf,"Forward-looking statements can be identified by the words ""believe"", ""anticipate"", ""expect"", ""plan"", ""estimate"", ""target"", ""continue"", ""could"", ""intend"", ""may"",  ""potential"",  ""predict"",  ""should"",  ""will"",  ""objective"",  ""project"",  ""forecast"",  ""goal"",  ""guidance"",  ""outlook"",  ""effort"", ""seeks"",  ""schedule"",  ""proposed"",  ""aspiration""  or  expressions  of  a  similar  nature  suggesting  future  outcome  or statements  regarding  an  outlook.",True,0
Suncor Energy,http://web.archive.org/web/20240602110436/https://sustainability-prd-cdn.suncor.com/-/media/project/suncor/files/news-releases/2024/2024-02-21-news-release-earnings-q4-2023-en.pdf?modified=20240522152548,"decisions, commoaity prices, costs, schedules, production volumes, operating and financial results and the expected impact of future commitments are forward-looking statements.",True,0
Enbridge,https://www.enbridge.com/media-center/news/details?id=123812&lang=en,"CALGARY, AB, May 2, 2024 /CNW/ - Enbridge Inc. (TSX: ENB) (NYSE: ENB) (Enbridge or the Company) announced today that it does not intend to exercise its right to redeem its currently outstanding Cumulative Redeemable Preference Shares, Series R (Series R Shares)",False,0
Pembina Pipeline,https://www.pembina.com/media-centre/news/details/d72081c3-751e-4116-96f5-a4709a6e88c7,"Through our existing NEBC Pipeline, which has significant expansion potential and is connected to the rest of our fully integrated value chain, we are well positioned with a readily available solution to meet new customer demand.",False,0
Pembina Pipeline,https://www.pembina.com/media-centre/news/details/14a1f4c6-46a2-45ca-9f51-bd5a0e974d92,"A conference call and webcast have been scheduled for Wednesday, May 6, 2015 at 8:00 a.m.",True,0
Pembina Pipeline,https://www.pembina.com/media-centre/news/details/e67150ab-300e-4ab6-82bf-7de9ed0955b9,The intent of these non-GAAP measures is to provide additional useful information respecting Pembina's financial and operational performance to investors and analysts and the measures do not have any standardized meaning under IFRS.,False,0
Canadian Natural Resources,https://www.cnrl.com/content/uploads/2024/10/1007-Chevron-Canada-Acquisition.pdf,Special Note Regarding Reserves Estimates,False,0
Pembina Pipeline,https://www.pembina.com/media-centre/news/details/6a0a4187-e8b5-47b1-810b-e73007ce432f,"Employees say we are the 'employer of choice' and value our safe, respectful, collaborative and inclusive work culture; and",False,0
Pembina Pipeline,https://www.pembina.com/media-centre/news/details/49eea6f7-21ad-4cea-bafa-b4dd4aa67700,"In respect of the forward-looking statements and information concerning the potential increase in Pembina's dividend following completion of the Transaction, Pembina and Veresen have provided such in reliance on certain assumptions that they believe are reasonable at this time, including assumptions in respect of: prevailing commodity prices, margins and exchange rates; that the combined entities future results of operations will be consistent with past performance and management expectations in relation thereto; the continued availability of capital at attractive prices to fund future capital requirements relating to existing assets and projects, including but not limited to future capital expenditures relating to expansion, upgrades and maintenance shutdowns; the success of growth projects; future operating costs; that counterparties to material agreements will continue to perform in a timely manner; that there are no unforeseen events preventing the performance of contracts; and that there are no unforeseen material construction or other costs related to current growth projects or current operations.",False,0
Pembina Pipeline,https://www.pembina.com/media-centre/news/details/af2415eb-3e55-48a0-b4b3-2ccfa050682c,"Once operational, Pembina expects the Saturn facility will have the capacity to extract up to 13.5 mbpd of NGL.",False,0
Pembina Pipeline,https://www.pembina.com/media-centre/news/details/29701297-d703-417a-acd7-170e0052e4ca,"Pembina owns and operates: pipelines that transport conventional and synthetic crude oil and natural gas liquids produced in western Canada; oil sands and heavy oil and diluent pipelines; gas gathering and processing facilities; and, an oil and natural gas liquids infrastructure and logistics business.",True,0
Suncor Energy,http://web.archive.org/web/20220703201845/https://sustainability-prd-cdn.suncor.com/-/media/project/suncor/files/news-releases/2013/2013-02-05-suncor-energy-reports-2012-fourth-quarter-results-en.pdf?modified=20210902050721,"At Firebag, average bitumen production increased to 123,400 bbls/d in the fourth quarter of 2012 from 113,000 bbls/d in the third quarter of 2012 and 71,700 bbls/d in the fourth quarter of 2011.",True,0
Pembina Pipeline,https://www.pembina.com/media-centre/news/details/b2ba241c-3287-4179-9dac-7e925621f35b,"""Congratulations to Pembina and TC Energy for coming together with an integrated CO2 transportation and storage infrastructure solution to lower emissions in Alberta.",False,1
Shell Canada,http://web.archive.org/web/20191014093205/https://www.shell.ca/en_ca/media/news-and-media-releases/news-releases-2015/shell-to-halt-carmon-creek-in-situ-project.html,The project SEC Proved Reserves estimated at 418 million barrels bitumen at end 2014 will be de-booked and the project estimated recoverable petroleum resources will be classified as Contingent Resources.,True,0
Pembina Pipeline,https://www.pembina.com/media-centre/news/details/af2415eb-3e55-48a0-b4b3-2ccfa050682c,"All operating segments' operating results are reviewed regularly by the Company's Chief Executive Officer (""CEO""), Chief Financial Officer (""CFO"") and Chief Operating Officer (""COO"") to make decisions about resources to be allocated to the segment and assess its performance, and for which discrete financial information is available.",False,0
Suncor Energy,https://www.suncor.com/-/media/project/suncor/files/news-releases/2025/2025-12-11-news-release-suncor-energy-announces-2026-corporate-guidance-en.pdf?modified=20251210211017&created=20251210211017,"Syncrude cash operating costs per barrel are based on the following assumptions: production volumes, average natural gas prices, and average Alberta power pool prices as described in the tables above.",False,0
Suncor Energy,http://web.archive.org/web/20220704153444/https://sustainability-prd-cdn.suncor.com/-/media/project/suncor/files/news-releases/2012/2012-04-24-petro-canadas-face-program-supports-big-dreams-en.pdf?modified=20210902050659,'We are very proud to have been supporting athletes and coaches over the last 24 years as they pursue their Olympic and Paralympic dreams.',True,0
Pembina Pipeline,https://www.pembina.com/media-centre/news/details/af2415eb-3e55-48a0-b4b3-2ccfa050682c,The Series E debentures may be converted at the option of the holder at a conversion price of $24.94 per share at any time prior to maturity and may be redeemed by the Company.,True,0
Suncor Energy,http://web.archive.org/web/20220704145406/https://sustainability-prd-cdn.suncor.com/-/media/project/suncor/files/news-releases/2011/2011-03-04-suncor-energy-recognized-for-reclamation-efforts-en.pdf?modified=20210902050623,Suncor Energy recognized for reclamation efforts,True,1
Pembina Pipeline,https://www.pembina.com/media-centre/news/details/a6830d88-020c-4d5f-8356-7528d9634f2f,Calgary-based Pembina Pipeline Corporation is a leading transportation,False,0
Suncor Energy,http://web.archive.org/web/20220704161703/https://sustainability-prd-cdn.suncor.com/-/media/project/suncor/files/news-releases/2013/2013-07-31-suncor-energy-reports-2013-second-quarter-results-en.pdf?modified=20210902050736,Suncor common shares subject to the put options must be purchased through the TSX and in accordance with TSX trading restrictions on purchases under the 2013 NCIB.,True,0
Imperial Oil,https://news.imperialoil.ca/news-releases/news-releases/2020/Imperial-announces-2019-financial-and-operating-results/default.aspx,"Net income of $271 million or $0.36 per share on a diluted basis, compared to net income of $853 million or $1.08 per share in the fourth quarter of 2018.",True,0
Pembina Pipeline,https://www.pembina.com/media-centre/news/details/41538ff0-24ac-4b23-959b-f5142bd64f4c,"For shareholders receiving their common share dividends in U.S. funds, the January 2022 cash dividend is expected to be approximately U.S. $0.1651 per share (before deduction of any applicable Canadian withholding tax) based on a currency exchange rate of 0.7863.",False,0
Canadian Natural Resources,https://www.cnrl.com/upload/media_element/1347/04/0805-q221-front-end.pdf,"▪ The  Company's  total  crude  oil  and  natural  gas  drilling  program  of  102  net  wells  for  the  six  months  ended June 30, 2021, excluding stratigraphic/service wells, represents an increase of 53 net wells from the same period in 2020.",True,0
Canadian Natural Resources,https://www.cnrl.com/upload/media_element/1237/02/0801_q219-front-end.pdf,"This press release includes references to financial measures commonly used in the crude oil and natural gas industry, such as: adjusted net earnings from operations; adjusted funds flow (previously referred to as funds flow from operations); net capital expenditures; free cash flow; debt to adjusted EBITDA; debt to cash flow; available liquidity.",True,0
Enbridge,https://www.enbridge.com/media-center/news/details?id=123692&lang=en,"With new state-of-the-art, thicker-walled pipe, its completion ensures a safe, reliable supply of North American crude oil to U.S. refineries, helping fuel the quality of life for millions of people.",True,0
Pembina Pipeline,https://www.pembina.com/media-centre/news/details/c8f37bc6-7e6a-480b-8afd-c78c10c51abf,"Subsequent to the initial measurement, the obligation is adjusted at the end of each period to reflect the passage of time, changes in the risk free rate and changes in the estimated future cash flows underlying the obligation.",True,0
Enbridge,https://www.enbridge.com/media-center/news/details?id=123713&lang=en,Enbridge's financial position is expected to strengthen in 2022 towards the low end of the targeted Debt to EBITDA range of 4.5x to 5.0x as annualized EBITDA contributions from the approximately $14 billion of capital projects and asset acquisitions executed in 2021 are realized.,True,0
Suncor Energy,http://web.archive.org/web/20220703203019/https://sustainability-prd-cdn.suncor.com/-/media/project/suncor/files/news-releases/2015/2015-04-23-suncor-energy-to-release-first-quarter-2015-financial-results-and-hold-agm-en.pdf?modified=20210902050826,"Thursday, April 30, 2015 Hotel Arts 119 - 12 Avenue S.W. Calgary, Alberta",True,0
Enbridge,https://www.enbridge.com/media-center/news/details?id=123722&lang=en,Both hydrogen and ammonia have zero CO2 emissions at the point of use.,False,1
Imperial Oil,https://news.imperialoil.ca/news-releases/news-releases/2024/Imperial-announces-third-quarter-2024-financial-and-operating-results/default.aspx,Industry refining margins declined versus the second quarter as increased supply outpaced global demand.,False,0
Pembina Pipeline,https://www.pembina.com/media-centre/news/details/7e10f28b-e463-448e-bff8-58500b0f4b0e,"Subject to approval by the Board of Directors, the monthly dividend is expected to end with the dividend to be declared in early December 2022 and paid on December 30, 2022, to shareholders of record on December 15, 2022.",True,0
Pembina Pipeline,https://www.pembina.com/media-centre/news/details/c457278f-56ed-4db8-acfe-f556f69e9420,https://event.on24.com/wcc/r/1880615/5C669B405E364DCA99AEBF12B03DD994 in your web browser.,False,0
Pembina Pipeline,https://www.pembina.com/media-centre/news/details/6013c21e-4389-49d8-8f53-023e19e8f84a,"As at June 30, 2013, Pembina had $105 million drawn on bank debt, $0.1 million in letters of credit and $9.8 million in cash, leaving $1,434.8 million of unutilized debt facilities on the $1,530 million of established bank facilities.",False,0
Pembina Pipeline,https://www.pembina.com/media-centre/news/details/544bde3b-6bb3-4bbd-8176-fa4fb630147a,"These non-GAAP financial measures and non-GAAP ratios disclosed in this news release do not have any standardized meaning under International Financial Reporting Standards (""IFRS"") and may not be comparable to similar financial measures disclosed by other issuers.",False,0
Imperial Oil,https://news.imperialoil.ca/news-releases/news-releases/2017/Third-quarter-dividend-declaration/default.aspx,Third quarter dividend declaration,True,0
Suncor Energy,http://web.archive.org/web/20220703213554/https://sustainability-prd-cdn.suncor.com/-/media/project/suncor/files/news-releases/2013/2013-04-29-suncor-energy-reports-2013-first-quarter-results-en.pdf?modified=20210902050728,"In addition to the same factors affecting operating earnings, cash flow from operations in the first quarter of 2013 was impacted by a $93 million charge as a result of not proceeding with the Voyageur upgrader project.",True,0
Pembina Pipeline,https://www.pembina.com/media-centre/news/details/49eea6f7-21ad-4cea-bafa-b4dd4aa67700,"The combined company will benefit from diversification across basins and products, as well as customers and currency.",True,0
Pembina Pipeline,https://www.pembina.com/media-centre/news/details/133d386d-45e9-414a-b975-87bf7525a451,"Once the new condensate pipeline is placed into service, it will also divert condensate off of the existing LaGlace-Kakwa-Fox Creek corridor, creating additional firm capacity for Pembina's customers.",False,0
Suncor Energy,http://web.archive.org/web/20220629123013/https://sustainability-prd-cdn.suncor.com/-/media/project/suncor/files/news-releases/2010/2010-02-02-suncor-energy-reports-financial-results-for-2009-and-operational-goals-for-2010-en.pdf?modified=20210902050540,"On December 31, 2009, Suncor entered into an agreement to sell substantially all of its oil and gas producing assets in the United States Rockies for proceeds of $517 million (US$494 million), which is approximately equal to its net book value at December 31, 2009.",True,0
Suncor Energy,http://web.archive.org/web/20221007100932/https://sustainability-prd-cdn.suncor.com/-/media/project/suncor/files/news-releases/2020/2020-07-22-suncor-energy-reports-second-quarter-2020-results-en.pdf?modified=20220917162521,"In the second quarter of 2019, the company recorded a $1.116 billion deferred income tax recovery associated with the Government of Alberta's substantive enactment of legislation for the staged reduction of the corporate income tax rate from 12% to 8% over the next four years.",True,0
Canadian Natural Resources,https://www.cnrl.com/content/uploads/2025/11/1106-Q325-Front-End.pdf,"Additionally, we increased our annual 2025 corporate production guidance range to 1,560 MBOE/d to 1,580 MBOE/d, while our 2025 operating capital forecast remains unchanged at approximately $5.9 billion while executing additional activity on our increased asset base size.""",False,0
Imperial Oil,https://news.imperialoil.ca/news-releases/news-releases/2019/Imperial-announces-first-quarter-2019-financial-and-operating-results/default.aspx,First quarter results were affected by an extended period of extremely cold weather and related impacts on shovel performance.,True,0
Enbridge,https://www.enbridge.com/media-center/news/details?id=123866&lang=en,"Together, these expansions will offer vital storage capacity to Gulf Coast LNG and power generation facilities during periods of high demand.",False,0
Enbridge,https://www.enbridge.com/media-center/news/details?id=123784&lang=en,"Today, Greg Ebel, President & Chief Executive Officer of Enbridge Inc. (Enbridge or the Company) (TSX: ENB) (NYSE: ENB) called on Canada to show leadership to the world in lowering global emissions, reducing energy poverty and supporting the progress of Indigenous communities in the country.",False,1
Pembina Pipeline,https://www.pembina.com/media-centre/news/details/60a97c1d-4e25-48b0-be91-cf80ec73166d,"For additional information regarding non-GAAP measures, including reconciliations to, the most directly comparable measure recognized by GAAP, please refer to Pembina's management's discussion and analysis for the year ended December 31, 2019, which is available online at www.sedar.com, www.sec.gov and through Pembina's website at www.pembina.com.",True,0
Suncor Energy,http://web.archive.org/web/20240405023937/https://sustainability-prd-cdn.suncor.com/-/media/project/suncor/files/news-releases/2024/2024-03-26-news-release-petro-canada-x-triangle-rewards-loyalty-partnership-en.pdf?modified=20240326115918,"For  more  information,  visit Corp.CanadianTire.ca.",True,0
Imperial Oil,http://web.archive.org/web/20210730120849/https://news.imperialoil.ca/news-releases/news-releases/2021/Imperial-Announces-Second-Quarter-2021-Financial-and-Operating-Results/default.aspx,"These factors include global, regional or local changes in supply and demand for oil, natural gas, and petroleum and petrochemical products and resulting price, differential and margin impacts, including foreign government action with respect to supply levels and prices and the impact of COVID-19 on demand; availability and allocation of capital; unanticipated technical or operational difficulties; project management and schedules and timely completion of projects; availability and performance of third-party service providers, including in light of restrictions related to COVID-19; political or regulatory events, including changes in law or government policy such as tax laws, production curtailment and actions in response to COVID-19; transportation for accessing markets; the results of research programs and new technologies, and ability to bring new technologies to commercial scale on a cost-competitive basis; management effectiveness and disaster response preparedness, including business continuity plans in response to COVID-19; environmental risks inherent in oil and gas exploration and production activities; environmental regulation, including climate change and greenhouse gas regulation and changes to such regulation; the receipt, in a timely manner, of regulatory and third-party approvals; operational hazards and risks; cybersecurity incidents, including increased reliance on remote working arrangements and activation of business continuity plans due to COVID-19; currency exchange rates; general economic conditions; and other factors discussed in Item 1A risk factors and Item 7 management’s discussion and analysis of financial condition and results of operations of Imperial Oil Limited’s most recent annual report on Form 10-K.",True,0
Pembina Pipeline,https://www.pembina.com/media-centre/news/details/9a94bfed-f167-4c66-b11e-f553a73ad88e,"costs incurred in respect of acquisitions, dispositions and restructuring, impairment charges or reversals",True,0
Pembina Pipeline,https://www.pembina.com/media-centre/news/details/c8f37bc6-7e6a-480b-8afd-c78c10c51abf,Any accrued unpaid interest will be paid in cash.,True,0
Pembina Pipeline,https://www.pembina.com/media-centre/news/details/0dd644d9-e4b3-4b16-8a61-5077fcc1c31a,"CALGARY, Sept. 23, 2013 /CNW/ - Pembina Pipeline Corporation (""Pembina"" or the ""Company"") (TSX: PPL; NYSE: PBA) announced today that it has entered into an agreement with a syndicate of underwriters, led by RBC Capital Markets and Scotiabank, pursuant to which the underwriters have agreed to purchase from Pembina 6,000,000 cumulative redeemable rate reset class A preferred shares, series 3 (the ""Series 3 Preferred Shares"") at a price of $25.00 per share for distribution to the public.",False,0
Pembina Pipeline,https://www.pembina.com/media-centre/news/details/c8f37bc6-7e6a-480b-8afd-c78c10c51abf,"Current and deferred taxes are recognized in earnings except to the extent that it relates to a business combination, or items are recognized directly in equity or in other comprehensive income.",False,0
Enbridge,https://www.enbridge.com/media-center/news/details?id=123742&lang=en,"In October of 2022, Enbridge completed the sale of a minority non-operating interest in certain Enbridge-operated pipelines in the Athabasca region of northern Alberta to Athabasca Indigenous Investments (Aii) for $1.12 billion of cash proceeds.",False,0
Suncor Energy,http://web.archive.org/web/20220703203134/https://sustainability-prd-cdn.suncor.com/-/media/project/suncor/files/news-releases/2016/2016-01-05-suncor-energy-to-host-investment-community-webcast-qa-en.pdf?modified=20210902050849,ET) to discuss the value of its offer to purchase all of the shares of Canadian Oil Sands Limited ('COS').,True,0
Suncor Energy,http://web.archive.org/web/20231211134617/https://sustainability-prd-cdn.suncor.com/-/media/project/suncor/files/news-releases/2023/2023-12-05-news-release-suncor-energy--announces--2024-corporate-guidance-en.pdf?modified=20231205221008,"Bitumen supply may be dependent on unplanned maintenance of mine equipment and extraction plants, bitumen ore grade quality, tailings storage and in situ reservoir performance.",True,0
Pembina Pipeline,https://www.pembina.com/media-centre/news/details/bc118e14-5ac8-4693-8820-b0ef25b156d0,"In addition, Pembina plans to spend approximately $25 million to upsize certain facilities associated with its second fractionator (""RFS II"") to accommodate the future development of a third fractionator (""RFS III"") at Redwater.",True,0
Suncor Energy,http://web.archive.org/web/20220629135925/https://sustainability-prd-cdn.suncor.com/-/media/project/suncor/files/news-releases/2016/2016-04-27-suncor-energy-reports-first-quarter-2016-results-en.pdf?modified=20210902050902,"Forward-looking statements in this news release include references to: the purchase and sale agreement with Murphy Oil whereby Suncor will acquire Murphy Oil's 5% interest in the Syncrude oil sands mining and upgrading that the transaction is anticipated to close by the end of the second quarter of 2016; the anticipated duration and impact of planned maintenance events, including those at Oil Sands; Suncor's growth projects, including: (i) statements around the Fort Hills mining project, which is expected to deliver joint arrangement, including that the acquisition will increase Suncor's working interest in Syncrude to 53.74% and approximately 91,000 bbls/d of bitumen to Suncor's operations, with first oil expected in the fourth quarter of 2017 and 90% of its planned capacity being reached within twelve months thereafter; and (ii) statements around the Hebron project, including first oil expected in late 2017 and the company's estimated share of production of 31,600 bbls/d; that Suncor continues to look for opportunities to grow its business through acquisitions, by adding assets that fit strategically at competitive valuations; and the company's outlook relating to production and Syncrude cash operating costs and the company's outlook assumptions.",True,0
Suncor Energy,http://web.archive.org/web/20230320193125/https://sustainability-prd-cdn.suncor.com/-/media/project/suncor/files/news-releases/2023/2023-02-14-news-release-earnings-q4-2022-en.pdf?modified=20230317131412,"Also during the second quarter of 2022, as a result of the company's expected sale of its E&P assets in Norway, and the subsequently reached agreement for such sale, the company recorded a non-cash impairment of $70 million against its share of its assets in Norway in the E&P segment.",True,0
Suncor Energy,http://web.archive.org/web/20220703210152/https://sustainability-prd-cdn.suncor.com/-/media/project/suncor/files/news-releases/2015/2015-12-15-suncor-sends-letter-to-canadian-oil-sands-shareholders-hope-is-still-not-a-strategy-en.pdf?modified=20210902050847,"4 The closing price of COS on the TSX was $10.42 on December 31, 2014 compared with $19.98 on December 31, 2013.",True,0
Imperial Oil,https://news.imperialoil.ca/news-releases/news-releases/2020/Imperial-announces-change-to-virtual-annual-meeting-of-shareholders/default.aspx,"If you do not wish to revoke all previously submitted proxies, do not accept the terms and conditions and only enter the meeting as a guest.",True,0
Pembina Pipeline,https://www.pembina.com/media-centre/news/details/31762018-ea4f-418a-885a-2670aee201c3,"For more information on the terms of the Series 17 Shares and the Series 18 Shares, please see the articles of amalgamation dated October 2, 2017, which can be found on SEDAR+ at www.sedarplus.ca.",True,0
Suncor Energy,http://web.archive.org/web/20221007103319/https://sustainability-prd-cdn.suncor.com/-/media/project/suncor/files/news-releases/2020/2020-11-30-suncor-energy-announces-2021-production-outlook-and-capital-allocation-en.pdf?modified=20220917163636, Third-party infrastructure.,True,0
Enbridge,https://www.enbridge.com/media-center/news/details?id=123674&lang=en,The $1.0 billion T-South Reliability and Expansion Program and $0.5 billion Spruce Ridge projects continue to advance on schedule and are expected to be fully in service by the fourth quarter of 2021.,False,0
Pembina Pipeline,https://www.pembina.com/media-centre/news/details/6edeef16-df44-4dac-9169-75204953217f,"CALGARY, Sept. 6, 2018 /CNW/ - Pembina Pipeline Corporation (""Pembina"" or the ""Company"") (TSX: PPL; NYSE: PBA) announced today that its Board of Directors declared a common share cash dividend for September 2018 of $0.19 per share to be paid, subject to applicable law, on October 15, 2018 to shareholders of record on September 25, 2018.",False,0
Pembina Pipeline,https://www.pembina.com/media-centre/news/details/edbd246f-1732-4de1-8076-92bc2c216c23,Projects and New Developments(2),False,0
Pembina Pipeline,https://www.pembina.com/media-centre/news/details/d72081c3-751e-4116-96f5-a4709a6e88c7,"While Pembina expects another strong contribution from its Marketing & New Ventures segment, results are expected to moderate relative to 2022.",True,0
Suncor Energy,http://web.archive.org/web/20230320193125/https://sustainability-prd-cdn.suncor.com/-/media/project/suncor/files/news-releases/2023/2023-02-14-news-release-earnings-q4-2022-en.pdf?modified=20230317131412,"Subsequent to the fourth quarter of 2022, the company completed the sale of its wind and solar assets for gross proceeds of approximately $730 million, before closing adjustments and other closing costs, resulting in an estimated after-tax gain on sale of approximately $260 million.",True,0
Pembina Pipeline,https://www.pembina.com/media-centre/news/details/01a33107-258e-4eda-b45e-ca942a3d976b,We are looking forward to the start of construction of the FLNG facility in mid-2025.,False,0
Imperial Oil,http://web.archive.org/web/20230201074801/https://news.imperialoil.ca/news-releases/news-releases/2023/Imperial-announces-fourth-quarter-2022-financial-and-operating-results/default.aspx,"Capital and exploration expenditures totaled $488 million, up from $441 million in the fourth quarter of 2021.",True,0
Pembina Pipeline,https://www.pembina.com/media-centre/news/details/af2415eb-3e55-48a0-b4b3-2ccfa050682c,The capital being deployed in the Midstream business is primarily directed towards fee-for-service projects which are expected to continue to increase its stability and predictability.,True,0
Pembina Pipeline,https://www.pembina.com/media-centre/news/details/9f94b0da-387a-4825-a200-5996b1ebd0ce,"For shareholders receiving their common share dividends in U.S. funds, the May 2016 cash dividend is expected to be approximately U.S. $0.1245 per share (before deduction of any applicable Canadian withholding tax) based on a currency exchange rate of 0.7780.",True,0
Pembina Pipeline,https://www.pembina.com/media-centre/news/details/a6830d88-020c-4d5f-8356-7528d9634f2f,energy industry for 60 years.,False,0
Pembina Pipeline,https://www.pembina.com/media-centre/news/details/d72081c3-751e-4116-96f5-a4709a6e88c7,"Since closing the PGI transaction, integration activities have progressed well and operations have performed as expected, with no major interruptions to service.",True,0
Pembina Pipeline,https://www.pembina.com/media-centre/news/details/f1d91820-2686-4920-b838-8d94f833a065,"The Simonette Pipeline Expansion will include approximately 60 km of 16-inch pipeline along the Company's existing right-of-way, providing service to producers developing the regional Montney and Duvernay formation resource plays.",True,0
Enbridge,https://www.enbridge.com/media-center/news/details?id=123674&lang=en,Enbridge's enterprise-wide financial risk management program has largely mitigated the impact of this foreign exchange weakening through its U.S. dollar earnings hedges.,True,0
Pembina Pipeline,https://www.pembina.com/media-centre/news/details/218e9151-fd22-400a-b61e-1e83fa45805a,"The Offering was announced on December 8, 2021.",True,0
Enbridge,https://www.enbridge.com/media-center/news/details?id=123859&lang=en,Adjusted EBITDA for the second quarter increased $273 million compared with the second quarter of 2024 primarily related to:,False,0
Pembina Pipeline,https://www.pembina.com/media-centre/news/details/dc63c1f4-8834-4635-b38b-95aba3ab3d87,"""This acquisition is highly strategic for Pembina, providing enhanced integration with our existing franchise, entrance into exciting new businesses and clear visibility to creating long-term value for our shareholders,"" said Mick Dilger, Pembina's President and Chief Executive Officer.",False,0
Suncor Energy,http://web.archive.org/web/20220704143510/https://sustainability-prd-cdn.suncor.com/-/media/project/suncor/files/news-releases/2009/2009-11-06-suncor-energy-releases-first-quarterly-results-following-merger-with-petro-canada-en.pdf?modified=20210902050532,"The sales volume split was diesel 10%, sweet 38%, sour 49% and bitumen 3% and the realization on crude sales basket was WTI @",True,0
Canadian Natural Resources,https://www.cnrl.com/upload/media_element/1237/02/0801_q219-front-end.pdf,"Canadian Natural maintains a balance of products with Q2/19 production mix on a BOE/d basis of 51% light crude oil and SCO blends, 24% heavy crude oil blends and 25% natural gas.",True,0
Pembina Pipeline,https://www.pembina.com/media-centre/news/details/7fc04b8a-b66e-491b-ad57-573348c00d24,"In particular, this document contains forward-looking statements, including certain financial outlook, pertaining to, without limitation, the following: Pembina's corporate strategy; expectations about industry activities and development opportunities; the Kinder Acquisition, including the expected closing date, the strategic rationale and the anticipated benefits thereof; expectations about future growth opportunities and demand for our service; expectations regarding new corporate developments and impact on access to markets; anticipated adjusted EBITDA projections for 2019 and financial performance expectations resulting from Pembina's capital expenditures; planning, construction, capital expenditure estimates, schedules, locations, regulatory and environmental applications and approvals, expected capacity, incremental volumes, in-service dates, rights, activities and operations with respect to planned new construction of, or expansions on, existing pipelines, gas services facilities, fractionation facilities, terminalling, storage and hub facilities, facility and system operations and throughput levels; anticipated synergies between assets under development, assets being acquired and existing assets of the Company; the future level and sustainability of cash dividends that Pembina intends to pay its shareholders, including following completion of the Kinder Acquisition, and including the expected future cash flows and the sufficiency thereof.",True,0
Pembina Pipeline,https://www.pembina.com/media-centre/news/details/b5658227-fae2-4f23-a8bf-3fd267417caf,Pembina recognizes the value that different viewpoints bring to our business and is taking important steps to ensure we have an inclusive and diverse workforce.,False,0
Shell Canada,http://web.archive.org/web/20170911231456/http://www.shell.ca/en_ca/media/news-and-media-releases/news-releases-2013/lng-station.html,"Shell’s first LNG refuelling station in Canada now offers a new choice for heavy-duty fleet customers looking for a long-term, cost competitive fuel that could also help lower their greenhouse gas emissions (GHGs).",True,1
Enbridge,https://www.enbridge.com/media-center/news/details?id=123687&lang=en,We're on track to bring $10 billion of projects into service this year and we're reaffirming our full year 2021 financial guidance.,False,0
Pembina Pipeline,https://www.pembina.com/media-centre/news/details/f1d91820-2686-4920-b838-8d94f833a065,"In addition, based on its successful access to financing in the debt and equity markets over the past several years, Pembina believes it would continue to have access to funds at attractive rates, if and when required.",False,0
Pembina Pipeline,https://www.pembina.com/media-centre/news/details/c23badf6-e264-4288-a177-fc1aa20c470d,"In addition, Pembina recently executed a new agreement with a second Montney producer, which commits to Pembina volumes from a multiphase development of the producer's NEBC Montney acreage, on a take-or-pay basis, upon the acreage being developed.",True,0
Pembina Pipeline,https://www.pembina.com/media-centre/news/details/edbd246f-1732-4de1-8076-92bc2c216c23,"In this news release, Pembina has used the terms net revenue, adjusted earnings before interest, taxes, depreciation and amortization (adjusted EBITDA), cash flow from operating activities per common share­­ (basic), adjusted cash flow from operating activities, adjusted cash flow from operating activities per common share (basic) and fee-based distributable cash flow, which do not have any standardized meaning under IFRS.",False,0
Pembina Pipeline,https://www.pembina.com/media-centre/news/details/9a94bfed-f167-4c66-b11e-f553a73ad88e,The actual U.S. dollar dividend will depend on the Canadian/U.S. dollar,True,0
Pembina Pipeline,https://www.pembina.com/media-centre/news/details/c8f37bc6-7e6a-480b-8afd-c78c10c51abf,"The Company's net obligation in respect of Defined Benefit Pension Plans (""Plans"") is calculated separately for each plan by estimating the amount of future benefit that employees have earned in return for their service in the current and prior periods, discounted to determine its present value, less the fair value of any plan assets.",True,0
Pembina Pipeline,https://www.pembina.com/media-centre/news/details/d531dba7-5f86-48e1-b879-63433a87d077,Pembina's strategy of accessing global markets also continues to unfold.,True,0
Canadian Natural Resources,https://www.cnrl.com/content/uploads/2022/12/1103-Q322-Front-End.pdf,"In Q3/22, the Company repurchased a total of approximately 25.6 million common shares for cancellation at a weighted average price of $67.89 per share for a total of approximately $1.7 billion.",True,0
Pembina Pipeline,https://www.pembina.com/media-centre/news/details/48223166-81f6-4563-a5a3-e327146dd7a8,"These positive factors were partially offset by a lower contribution from Ruby, due to Ruby Pipeline L.L.C. (""Ruby Pipeline"") filing for bankruptcy protection on March 31, 2022, and higher integrity costs.",False,0
Suncor Energy,http://web.archive.org/web/20220703211728/https://sustainability-prd-cdn.suncor.com/-/media/project/suncor/files/news-releases/2017/2017-11-22-fort-mckay-and-mikisew-cree-first-nations-complete-purchase-en.pdf?modified=20210902051005,Suncor is the operator of the East Tank Farm Development.,True,0
Enbridge,https://www.enbridge.com/media-center/news/details?id=123799&lang=en,"Enbridge has expressed concerns with certain aspects of the decision which impact energy affordability, consumer choice and the reliability of gas to Ontario communities and industry.",True,0
Suncor Energy,http://web.archive.org/web/20230601150404/https://sustainability-prd-cdn.suncor.com/-/media/project/suncor/files/news-releases/2023/2023-05-03-news-release-petro-canada-and-canadian-tire-partnership-en.pdf?modified=20230503220218,"This rebrand is expected to enhance existing site productivity, give Petro-Canada's SuperPass TM  commercial fleet program customers access to CTC's network of stations, and unlock future opportunities for CTC to leverage Suncor's scale and operating infrastructure, including providing more products and services to customers, such as low carbon energy alternatives.",True,1
Suncor Energy,https://www.suncor.com/-/media/project/suncor/files/news-releases/2025/2025-08-05-news-release-q2-dividend-en.pdf?modified=20250805203135&created=20250805203135,"Calgary, Alberta (August 5, 2025) -Suncor Energy's (TSX: SU) (NYSE: SU) Board of Directors has approved a quarterly dividend of $0.57 per share on its common shares, payable September 25, 2025 to shareholders of record at the close of business on September 4, 2025.",False,0
Suncor Energy,https://www.suncor.com/-/media/project/suncor/files/news-releases/2025/2025-11-04-news-release-earnings-q3-2025-en.pdf?modified=20251104215519&created=20251104150632,"Achieved record third quarter upstream production of 870,000 bbls/d, 41,000 bbls/d higher than third quarter 2024.",False,0
Imperial Oil,42,Please click here [https://edge.media-server.com/mmc/p/epvwxjrr] to register for the live webcast.,True,0
Pembina Pipeline,https://www.pembina.com/media-centre/news/details/6013c21e-4389-49d8-8f53-023e19e8f84a,Second Quarter 2013 Conference Call & Webcast,False,0
Enbridge,https://www.enbridge.com/media-center/news/details?id=123665&lang=en,"The wind turbines will be assembled at the Port of Le Havre, then shipped to the installation site.",False,0
Imperial Oil,https://news.imperialoil.ca/news-releases/news-releases/2020/Imperial-announces-change-to-virtual-annual-meeting-of-shareholders/default.aspx,"How to attend the meeting To attend the meeting as a shareholder, complete the following steps on the day of the meeting:",True,0
Pembina Pipeline,https://www.pembina.com/media-centre/news/details/6357c8a0-a41e-4124-9628-4b7faaf97ecb,Change in Third Quarter Earnings ($ millions)(1)(2)(3),False,0
Canadian Natural Resources,https://www.cnrl.com/upload/media_element/1319/03/0304-q420-front-end.pdf,"Commenting on the Company's 2020 results, Tim  McKay,  President  of  Canadian  Natural  stated  ""The  impact  of  the COVID-19 pandemic effected the very way we conducted our lives and the way we operated our businesses.",True,0
Suncor Energy,http://web.archive.org/web/20220703210052/https://sustainability-prd-cdn.suncor.com/-/media/project/suncor/files/news-releases/2015/2015-01-06-generous-calgarians-helped-surpass-2014-food-drive-goal-en.pdf?modified=20210902050819,"""We are so grateful to CBC and Suncor for leading the charge to raise these funds again this year.",True,0
Canadian Natural Resources,https://www.cnrl.com/upload/media_element/1155/01/0301_q4-17-front-end.pdf,"Summary of Company Net Reserves As of December 31, 2017 Forecast Prices and Costs",True,0
Suncor Energy,http://web.archive.org/web/20230131024652/https://sustainability-prd-cdn.suncor.com/-/media/project/suncor/files/news-releases/2020/2020-07-15-suncor-energy-releases-2020-report-on-sustainability-en.pdf?modified=20220919045236,A Q&A with new chief sustainability officer Martha Hall Findlay on the impact of COVID-19 and Suncor's progress towards its sustainability goals,True,0
Pembina Pipeline,https://www.pembina.com/media-centre/news/details/af2415eb-3e55-48a0-b4b3-2ccfa050682c,"Unaudited proforma consolidated revenue (prepared as if the Provident Acquisition had occurred on January 1, 2012) for the year ended December 31, 2012 are $3,967.5 million and net earnings for the same period are $277 million.",True,0
Suncor Energy,http://web.archive.org/web/20221007085535/https://sustainability-prd-cdn.suncor.com/-/media/project/suncor/files/news-releases/2019/2019-05-01-nr-su-q1-en.pdf?modified=20220921201600,"For further details and advisories regarding Suncor's 2019 corporate guidance, see www.suncor.com/guidance.",True,0
Shell Canada,http://web.archive.org/web/20170606055607/http://www.shell.ca/en_ca/media/news-and-media-releases/news-releases-2017/completes-divestment-of-oil-sands-interests-in-canada.html,"These forward-looking statements are identified by their use of terms and phrases such as ‘‘anticipate’’, ‘‘believe’’, ‘‘could’’, ‘‘estimate’’, ‘‘expect’’, ‘‘goals’’, ‘‘intend’’, ‘‘may’’, ‘‘objectives’’, ‘‘outlook’’, ‘‘plan’’, ‘‘probably’’, ‘‘project’’, ‘‘risks’’, “schedule”, ‘‘seek’’, ‘‘should’’, ‘‘target’’, ‘‘will’’ and similar terms and phrases.",True,0
Enbridge,https://www.enbridge.com/media-center/news/details?id=123817&lang=en,"Working together with the region: a long-term commitment Throughout the development and construction phases over the past 12 years, the Fécamp Offshore Wind Farm project team has worked in close consultation with all local stakeholders, which has enabled us to best protect the landscape and surrounding environment and help ensure shared use of the sea.",False,1
Pembina Pipeline,https://www.pembina.com/media-centre/news/details/2185b699-f14c-421b-8a8e-596ba0a810d0,"Holders of preferred shares as of the March 15, 2019 record date for the special meeting of preferred shareholders may continue to vote their preferred shares in the same manner as described in the Information Circular.",False,0
Pembina Pipeline,https://www.pembina.com/media-centre/news/details/fd150028-cc5c-4882-8ef3-197c0d60bfeb,"Given its existing ownership interests in the assets, current commercial management of Alliance and operatorship of Aux Sable, and established customer relationships, Pembina is uniquely positioned to execute this transaction with minimal integration risk.",False,0
Pembina Pipeline,https://www.pembina.com/media-centre/news/details/e9f3cbe3-560d-44c0-a81a-53a70fcba0b2,The GHG reduction target will help guide business decisions and improve overall emissions intensity performance while increasing Pembina's long-term value and ensuring Canadian energy is developed and delivered responsibly.,False,1
Enbridge,https://www.enbridge.com/media-center/news/details?id=123623&lang=en,"Enbridge filed its response with the CER on May 1, 2020, submitting that the CER should proceed with issuing a hearing order and not delay the proceedings as the written portion does not require physical gatherings and the oral portion is not likely to occur until the fall.",True,0
Suncor Energy,http://web.archive.org/web/20220621170014/https://sustainability-prd-cdn.suncor.com/-/media/project/suncor/files/news-releases/2011/2011-09-29-suncor-energy-street-hockey-challenge-helps-united-way-bring-out-the-kid-in-you-en.pdf?modified=20210902050638,1:25 p.m.,True,0
Imperial Oil,https://news.imperialoil.ca/news-releases/news-releases/2016/Imperial-reports-voting-results-for-election-of-directors/default.aspx,"Imperial announced at its annual meeting of shareholders held on April 29, 2016, that each of the seven nominees proposed as directors of the company and listed in its management proxy circular dated March 11, 2016 were elected as directors.",True,0
Pembina Pipeline,https://www.pembina.com/media-centre/news/details/6013c21e-4389-49d8-8f53-023e19e8f84a,"Once operational, Pembina expects Saturn I will have the capacity to extract up to 13.5 mbpd of NGL.",False,0
Imperial Oil,https://news.imperialoil.ca/news-releases/news-releases/2025/Imperial-announces-restructuring-to-further-advance-its-well-established-strategy-of-increasing-cash-flow-and-delivering-industry-leading-shareholder-returns/default.aspx,The restructuring will use a rigorous transition process and is expected to reduce employee roles by approximately 20% by the end of 2027.,False,0
Suncor Energy,http://web.archive.org/web/20220629122852/https://sustainability-prd-cdn.suncor.com/-/media/project/suncor/files/news-releases/2015/2015-11-12-suncor-energy-sends-letter-to-canadian-oil-sands-shareholders-en.pdf?modified=20210902050843,"Suncor believes these two documents will demonstrate to COS shareholders the value of the Offer and the risks they face if they reject the Offer, given the new business reality for oil prices and COS' total reliance on the performance of the Syncrude oil sands facility, a single asset over which COS has little control.",True,0
Suncor Energy,http://web.archive.org/web/20221007102843/https://sustainability-prd-cdn.suncor.com/-/media/project/suncor/files/news-releases/2021/2021-07-28-nr-su-q2-2021-en.pdf?modified=20220907174649,The updated strategy and progress on the company's GHG emissions reduction objectives will continue to be underpinned by capital discipline.,True,1
Enbridge,https://www.enbridge.com/media-center/news/details?id=123723&lang=en,"""First quarter operational performance and utilization across each of our businesses translated into a strong start to the year.",True,0
Enbridge,https://www.enbridge.com/media-center/news/details?id=123647&lang=en,The table below provides a brief overview of these governance goals:,True,0
Pembina Pipeline,https://www.pembina.com/media-centre/news/details/26400a51-ee23-4209-b789-4a15c2f699d1,"As part of a broader organizational evolution and in conjunction with planned retirements and succession, Pembina is consolidating key executive portfolios to drive enterprise-wide alignment in support of the Company's strategic priorities.",False,0
Imperial Oil,https://news.imperialoil.ca/news-releases/news-releases/2025/Imperial-announces-second-quarter-2025-financial-and-operating-results/default.aspx,"Cash flows from operating activities of $1,465 million, compared to cash flows from operating activities of $1,629 million in the second quarter of 2024.",False,0
Pembina Pipeline,https://www.pembina.com/media-centre/news/details/cb399b12-b6fd-4026-a3c6-872bbc505768,"All preferred share dividends are payable on September 1, 2017 to shareholders of record on August 1, 2017.",True,0
Pembina Pipeline,https://www.pembina.com/media-centre/news/details/c8f37bc6-7e6a-480b-8afd-c78c10c51abf,"The holders of Series 1 Preferred Shares are entitled to receive fixed cumulative dividends at an annual rate of $1.0625 per share, payable quarterly on the 1st day of March, June, September and December, if, as and when declared by the Board of Directors of Pembina, for the initial fixed rate period to but excluding December 1, 2018.",False,0
Pembina Pipeline,https://www.pembina.com/media-centre/news/details/c8f37bc6-7e6a-480b-8afd-c78c10c51abf,Stronger margins and increased storage opportunities for crude oil and condensate in the first quarter of 2013 also contributed to the full-year increase.,True,0
Suncor Energy,http://web.archive.org/web/20221007101949/https://sustainability-prd-cdn.suncor.com/-/media/project/suncor/files/news-releases/2021/2021-06-06-pathways-press-release-en.pdf?modified=20220907174624,"'Canada - as one of the few jurisdictions with industrial-scale commercial CCUS projects in operation -- coupled with Alberta's abundant natural gas resources, geology and relevant technological expertise - is well positioned to lead in this area.'",True,0
Pembina Pipeline,https://www.pembina.com/media-centre/news/details/41538ff0-24ac-4b23-959b-f5142bd64f4c,"Series 1, 3, 5, 7, 9 and 21 preferred share dividends are payable on March 1, 2022 to shareholders of record on February 1, 2022.",True,0
Suncor Energy,http://web.archive.org/web/20220629130101/https://sustainability-prd-cdn.suncor.com/-/media/project/suncor/files/news-releases/2009/2009-07-22-suncor-energy-releases-second-quarter-2009-results-en.pdf?modified=20210902050522,See Non-GAAP Financial Measures on page 15 of Suncor's second quarter report to shareholders.,True,0
Suncor Energy,http://web.archive.org/web/20230601160034/https://sustainability-prd-cdn.suncor.com/-/media/project/suncor/files/news-releases/2023/2023-05-09-news-release-suncor-energy-reports-voting-results-from-agm-en.pdf?modified=20230509220146,Michael M. Wilson,True,0
Pembina Pipeline,https://www.pembina.com/media-centre/news/details/60a97c1d-4e25-48b0-be91-cf80ec73166d,"Further, Pembina has minimal contracts expiring on Peace Pipeline in 2021 and continues to progress the renewal of the legacy Phase I and II contracts, which have staggered expiries through to 2027.",True,0
Canadian Natural Resources,https://www.cnrl.com/upload/media_element/1397/371b3b3c9828/0804-q222-front-end.pdf,"The  Company  targets  to  allocate  50%  of  this  free  cash  flow  to  share repurchases and 50% to the balance sheet, less any strategic growth capital / acquisitions.",True,0
Pembina Pipeline,https://www.pembina.com/media-centre/news/details/d72081c3-751e-4116-96f5-a4709a6e88c7,"The full year was negatively impacted by higher general and administrative expense, largely due to higher long-term incentive costs as described above, as well as higher consulting fees, salaries and wages, and legal fees.",False,0
Suncor Energy,http://web.archive.org/web/20220629124204/https://sustainability-prd-cdn.suncor.com/-/media/project/suncor/files/news-releases/2016/2016-02-02-suncor-energy-reminds-cos-shareholders-to-tender-shares-by-february-5-deadline-en.pdf?modified=20210902050854,"Outside North America, Banks and Brokers Call Collect: 1-416-867-2272",True,0
Suncor Energy,http://web.archive.org/web/20220703204625/https://sustainability-prd-cdn.suncor.com/-/media/project/suncor/files/news-releases/2012/2012-07-24-suncor-energy-reports-2012-second-quarter-results-en.pdf?modified=20210902050707,"Net earnings were $333 million ($0.21 per common share) in the second quarter of 2012, compared to net earnings of $562 million ($0.36 per common share) for the second quarter of 2011.",True,0
Canadian Natural Resources,https://www.cnrl.com/upload/media_element/1355/02/1104-q3-press-release.pdf,"Returns  to  shareholders  year  to  date  in  2021  have  been  significant,  as  Canadian  Natural  has  returned approximately $3.1 billion by way of dividends and share repurchases up to and including November 3, 2021.",True,0
Pembina Pipeline,https://www.pembina.com/media-centre/news/details/5de3f7c0-426e-47ee-8252-bef4fe252429,"The actual results of Pembina could differ materially from those anticipated in these forward-looking statements as a result of material risk factors including, but not limited to: the regulatory environment and decisions, and the inability to obtain required regulatory approvals; the impact of competitive entities and pricing; reliance on key relationships and agreements; the strength and operations of the oil and natural gas production industry and related commodity prices; the continuation or completion of third- party projects; non-performance or default by counterparties to agreements which Pembina or one or more of its affiliates has entered into in respect of its business; actions by governmental or regulatory authorities including changes in tax laws and treatment, changes in royalty rates or increased environmental regulation; fluctuations in operating results; unexpected increases in capital costs for the Phase III Expansion or related infrastructure; adverse general economic and market conditions in Canada, North America and elsewhere, including changes in interest rates, foreign currency exchange rates, inflation rates and commodity prices; lower than anticipated results of operations and accretion from Pembina's business initiatives; and the ability of Pembina to raise sufficient capital (or to raise capital on favourable terms) to complete future projects and satisfy future commitments.",False,0
Pembina Pipeline,https://www.pembina.com/media-centre/news/details/9a94bfed-f167-4c66-b11e-f553a73ad88e,dividing adjusted cash flow from operating activities by the weighted average number of common shares,True,0
Enbridge,https://www.enbridge.com/media-center/news/details?id=123663&lang=en,GAAP earnings attributable to common shareholders for the fourth quarter of 2020 increased by $1.0 billion or $0.51 per share compared with the same period in 2019 and decreased by $2.3 billion or $1.16 per share for the full-year 2020 compared with 2019.,True,0
Imperial Oil,http://web.archive.org/web/20210430124304/https://news.imperialoil.ca/news-releases/news-releases/2021/Imperial-announces-first-quarter-2021-financial-and-operating-results/default.aspx,"Bitumen realizations averaged $47.19 per barrel in the first quarter of 2021, up from $18.08 per barrel in the first quarter of 2020.",True,0
Pembina Pipeline,https://www.pembina.com/media-centre/news/details/28546eb3-d9cc-413e-8e37-c57439876d0a,"Pembina has granted to the underwriters an option, exercisable at any time up to 48 hours prior to the closing of the offering, to purchase up to an additional 2,000,000 Series 1 Preferred Shares at a price of $25.00 per share.",True,0
Suncor Energy,http://web.archive.org/web/20220629120353/https://sustainability-prd-cdn.suncor.com/-/media/project/suncor/files/news-releases/2018/2018-08-07-pc-brand-announcement-en.pdf?modified=20210902051025,"Petro-Canada touches the lives of more than 900,000 Canadians every day, through more than 1,780 retail and wholesale locations across the country - from the largest cities to the smallest communities.",True,0
Imperial Oil,https://news.imperialoil.ca/news-releases/news-releases/2025/Imperial-announces-fourth-quarter-2024-financial-and-operating-results/default.aspx,Corporate and other,False,0
Pembina Pipeline,https://www.pembina.com/media-centre/news/details/d9a68cd2-c03f-48b9-8815-11a12dd66ef0,"For more information, visit PembinaIPL.com.",False,0
Suncor Energy,http://web.archive.org/web/20220629122024/https://sustainability-prd-cdn.suncor.com/-/media/project/suncor/files/news-releases/2011/2011-07-28-suncor-energy-reports-2011-second-quarter-results-en.pdf?modified=20210902050634,Suncor Energy reports 2011 second quarter results,True,0
Suncor Energy,http://web.archive.org/web/20220629130101/https://sustainability-prd-cdn.suncor.com/-/media/project/suncor/files/news-releases/2009/2009-07-22-suncor-energy-releases-second-quarter-2009-results-en.pdf?modified=20210902050522,"'During the second quarter, we saw the fruits of last year's labour,' said Rick George, president and chief executive officer.",True,0
Canadian Natural Resources,https://www.cnrl.com/content/uploads/2025/11/1106-Q325-Front-End.pdf,Dial-in to the live event:,False,0
Pembina Pipeline,https://www.pembina.com/media-centre/news/details/b331ea3e-c273-44b7-8227-b29860961435,Key Accomplishments in 2014,True,0
Pembina Pipeline,https://www.pembina.com/media-centre/news/details/22976793-6ff8-46c4-a49f-4ef4bb004466,"In April, Pembina completed three pump stations which will provide 17,000 bpd of additional NGL capacity.",True,0
Suncor Energy,http://web.archive.org/web/20220703205756/https://sustainability-prd-cdn.suncor.com/-/media/project/suncor/files/news-releases/2013/2013-07-17-suncor-energy-releases-2013-report-on-sustainability-en.pdf?modified=20210902050733,"Overall, total reported air emissions in 2012 decreased by 8.7 per cent compared to 2011 levels.",True,1
Pembina Pipeline,https://www.pembina.com/media-centre/news/details/a280c537-5f2e-4d14-a653-4cbc5bb0a885,Change in Full Year Adjusted EBITDA ($ millions)(1),True,0
Shell Canada,http://web.archive.org/web/20170913004506/http://www.shell.ca/en_ca/media/news-and-media-releases/news-releases-2014/sema-winners.html,Visit www.shell.com/ecomarathon/americas to learn more about this program.,True,0
Pembina Pipeline,https://www.pembina.com/media-centre/news/details/7e65f674-7b47-4386-95d5-2c37fa2fbe83,Current tax expense for 2015 was lower than the comparable period in 2014 predominantly due to lower taxable income allocations from deferral partnerships in our corporate structure.,True,0
Suncor Energy,http://web.archive.org/web/20220704154303/https://sustainability-prd-cdn.suncor.com/-/media/project/suncor/files/news-releases/2009/2009-03-19-suncor-energy-recognizes-operational-excellence-leaders-at-awards-ceremony-en.pdf?modified=20210902050517,The team managed 551 individual volunteers who participated in 39 projects.,True,0
Suncor Energy,http://web.archive.org/web/20220811230431/https://sustainability-prd-cdn.suncor.com/-/media/project/suncor/files/news-releases/2022/2022-08-04-news-release-earnings-q2-2022-en.pdf?modified=20220809193241,"This includes implementing technologies, such as collision awareness and driver safety systems, making operational modifications to help improve mobile equipment egress and strengthening controls for high-risk activities.",True,0
Imperial Oil,http://web.archive.org/web/20200920192920/https://news.imperialoil.ca/news-releases/news-releases/2020/Imperial-announces-second-quarter-2020-financial-and-operating-results/default.aspx,"West Texas Intermediate averaged US$36.66 per barrel in the first six months of 2020, down from US$57.45 per barrel in the same period of 2019.",True,0
Pembina Pipeline,https://www.pembina.com/media-centre/news/details/4c9b530f-fa37-41e8-8c75-20421df0176e,"For 2019, we are excited to continue building on the strong track record of growth that we have demonstrated in recent years,"" added Mr. Dilger.",False,0
Imperial Oil,https://news.imperialoil.ca/news-releases/news-releases/2025/Imperial-announces-fourth-quarter-2024-financial-and-operating-results/default.aspx,"The company's share of gross production from Syncrude averaged 81,000 barrels per day,compared to 85,000 barrels per day in the fourth quarter of 2023.",False,0
Canadian Natural Resources,https://www.cnrl.com/upload/media_element/1347/04/0805-q221-front-end.pdf,"For more details, please contact the North West Redwater Partnership.",True,0
Pembina Pipeline,https://www.pembina.com/media-centre/news/details/d72081c3-751e-4116-96f5-a4709a6e88c7,"Full year adjusted EBITDA was also positively impacted by higher margins on crude oil and natural gas sales, partially offset by lower margins on NGL sales; lower realized losses on commodity-related derivatives; and higher contributions from Alliance and Aux Sable.",False,0
Pembina Pipeline,https://www.pembina.com/media-centre/news/details/9a94bfed-f167-4c66-b11e-f553a73ad88e,businesses and investing in the energy transition to improve the basins in which we operate.,True,1
Enbridge,https://www.enbridge.com/media-center/news/details?id=123680&lang=en,"These goals include achieving net-zero greenhouse gas (GHG) emissions by 2050 and increasing diversity from racial and ethnic groups throughout the Company's workforce, including senior management and the board of directors.",False,1
Pembina Pipeline,https://www.pembina.com/media-centre/news/details/1242b795-e802-428b-a563-dd1d2d989f60,"Accordingly, if the Company fails to obtain the required approval of the Series 1 Noteholders pursuant to the Consent Solicitation, Pembina intends to hold the Meeting to consider and, if deemed advisable, pass the Extraordinary Resolution.",False,0
Enbridge,https://www.enbridge.com/media-center/news/details?id=123731&lang=en,The expansion project is designed to serve demand in the U.S. Pacific Northwest region.,False,0
Canadian Natural Resources,https://www.cnrl.com/content/uploads/2024/06/0620-Pathways-Competition-Act-amendments.pdf,"The companies undertake no obligation to update any forward-looking statements contained in this press release, except as required by applicable law.",False,0
Pembina Pipeline,https://www.pembina.com/media-centre/news/details/c8f37bc6-7e6a-480b-8afd-c78c10c51abf,Stronger margins and increased storage opportunities for crude oil and condensate in the first quarter of 2013 also contributed to the full-year increase.,False,0
Pembina Pipeline,https://www.pembina.com/media-centre/news/details/c8f37bc6-7e6a-480b-8afd-c78c10c51abf,"Objective evidence that financial assets are impaired can include default or delinquency by a debtor, restructuring of an amount due to the Company on terms that the Company would not consider otherwise, indications that a debtor or issuer will enter bankruptcy, adverse changes in the payment status of borrowers or issuers in the Company, economic conditions that correlate with defaults or the disappearance of an active market for a security or a significant or prolonged decline in the fair value below cost.",False,0
Imperial Oil,http://web.archive.org/web/20211029124723/https://news.imperialoil.ca/news-releases/news-releases/2021/Imperial-announces-third-quarter-2021-financial-and-operating-results/default.aspx,"Refinery throughput averaged 404,000 barrels per day, up from 341,000 barrels per day in the third quarter of 2020.",True,0
Pembina Pipeline,https://www.pembina.com/media-centre/news/details/39170c18-b013-48b5-8761-93ac5f7f811b,"In the fourth quarter of 2014, depreciation and amortization included in operations rose to $62 million compared to $42 million during the same period in 2013 as a result of the same factors which impacted the full-year results noted above.",True,0
Imperial Oil,https://news.imperialoil.ca/news-releases/news-releases/2020/Imperial-announces-change-to-virtual-annual-meeting-of-shareholders/default.aspx,"within Canada and the United States at 1-800-387-0825, or in the Toronto area or from any other country at (416) 682-3860",True,0
Pembina Pipeline,https://www.pembina.com/media-centre/news/details/09fab2de-b5bb-4fc4-b12e-0234bdda48f8,"In accordance with the Arrangement, Veresen has been amalgamated with Pembina and the outstanding Veresen preferred shares have been exchanged for Pembina preferred shares with the same terms and conditions, and will be listed on the Toronto Stock Exchange (""TSX"") under the symbols PPL.PR.O (series 15, previously Series A preferred shares of Veresen), PPL.PR.Q (series 17, previously Series C preferred shares of Veresen) and PPL.PR.S (series 19, previously Series E preferred shares of Veresen) within a few days following closing.",False,0
Enbridge,https://www.enbridge.com/media-center/news/details?id=123723&lang=en,higher realized foreign exchange gains.,False,0
Suncor Energy,http://web.archive.org/web/20220704144841/https://sustainability-prd-cdn.suncor.com/-/media/project/suncor/files/news-releases/2016/2016-06-06-suncor-energy-provides-rmwb-production-and-2016-corporate-guidance-update-en.pdf?modified=20210902050908,"Based on the operator's current estimates, Syncrude anticipates a return to production starting in late June and expects a full ramp up of production following completion of the scheduled turnaround by midJuly.",True,0
Pembina Pipeline,https://www.pembina.com/media-centre/news/details/faddbb8b-3a75-43cc-a689-f1caf896dcfd,"The design of the Duvernay I plant closely resembles that of Pembina's two recent 100 MMcf/d shallow cut gas plants at its Cutbank Complex (""Musreau II"" and ""Musreau III"").",True,0
Pembina Pipeline,https://www.pembina.com/media-centre/news/details/af2415eb-3e55-48a0-b4b3-2ccfa050682c,"In the comparable period in 2011, the Company's capital expenditures included the construction of the Nipisi and Mitsue pipelines, the acquisition of midstream assets in the Edmonton, Alberta area (related to PNT), linefill for the Peace Pipeline system as well as construction of the Musreau deep cut facility.",False,0
Pembina Pipeline,https://www.pembina.com/media-centre/news/details/e67150ab-300e-4ab6-82bf-7de9ed0955b9,"I am excited to continue this path of job creation and enhancing the Pembina and Inter Pipeline communities, where we work and live, upon the successful consummation of the combination.""",True,0
Enbridge,https://www.enbridge.com/media-center/news/details?id=123663&lang=en,"The first quarter of 2019 was exceptionally strong, benefiting from favorable location and quality differentials, which increased opportunities to realize profitable margins.",False,0
Shell Canada,http://web.archive.org/web/20190922083417/https://www.shell.ca/en_ca/media/news-and-media-releases/news-releases-2013/caterpillar-lng-fueling-agreement.html,"With 2012 sales and revenues of $65.875 billion, Caterpillar is the world’s leading manufacturer of construction and mining equipment, diesel and natural gas engines, industrial gas turbines and diesel-electric locomotives.",True,0
Pembina Pipeline,https://www.pembina.com/media-centre/news/details/9a94bfed-f167-4c66-b11e-f553a73ad88e,This resulted in alignment on,True,0
Pembina Pipeline,https://www.pembina.com/media-centre/news/details/60a97c1d-4e25-48b0-be91-cf80ec73166d,New Integrated Service Offering,True,0
Pembina Pipeline,https://www.pembina.com/media-centre/news/details/60a97c1d-4e25-48b0-be91-cf80ec73166d,"Pembina expects to further leverage digital technology and predictive analytics to optimize system capacity, increase asset utilization and performance, optimize power requirements, improve margins and create more efficient workflows.",True,0
Pembina Pipeline,https://www.pembina.com/media-centre/news/details/60a97c1d-4e25-48b0-be91-cf80ec73166d,Pembina expects to remain within its financial guardrails with ample liquidity.,False,0
Pembina Pipeline,https://www.pembina.com/media-centre/news/details/22976793-6ff8-46c4-a49f-4ef4bb004466,U.S. shareholders are only permitted to participate in the dividend reinvestment component of Pembina's Premium Dividend™ and Dividend Reinvestment Plan.,False,0
Suncor Energy,http://web.archive.org/web/20220704145852/https://sustainability-prd-cdn.suncor.com/-/media/project/suncor/files/news-releases/2014/2014-04-28-suncor-energy-reports-first-quarter-results-en.pdf?modified=20210902050801,"(2)  Represents the expected cost of not proceeding with the project, including costs related to decommissioning and restoration of the Voyageur site, and contract cancellations.",True,0
Shell Canada,http://web.archive.org/web/20200918102525/https://www.shell.ca/en_ca/media/news-and-media-releases/news-releases-2014/shell-welcomes-joint-venture-partners.html,The company will be conducting a seabed survey this spring to build upon the data acquired from the 3D WAZ seismic survey to further assess potential drilling locations for drilling.,True,0
Pembina Pipeline,https://www.pembina.com/media-centre/news/details/f9688400-5844-47c6-abf6-c2a1cd3bc23d,"In some cases, forward-looking statements can be identified by terminology such as ""expects"", ""will"", ""would"", ""plans"", ""anticipates"", ""schedule"", and similar expressions suggesting future events or future performance.",False,0
Pembina Pipeline,https://www.pembina.com/media-centre/news/details/60a97c1d-4e25-48b0-be91-cf80ec73166d,"Pembina's positive outlook for the energy sector supports the re-start of two important growth projects, which is reflected in our 2021 guidance and capital budget, as discussed in detail below.",False,0
Suncor Energy,http://web.archive.org/web/20220703204700/https://sustainability-prd-cdn.suncor.com/-/media/project/suncor/files/news-releases/2016/2016-02-05-suncor-energy-announces-successful-acquisition-of-72-9-of-canadian-oil-sands-shares-en.pdf?modified=20210902050856,Shareholders who do not tender by the new expiry date and whose shares are ultimately exchanged for Suncor common shares will not be entitled to receive this dividend as the completion of the subsequent acquisition transaction is not anticipated to occur until after the dividend record date.,True,0
Imperial Oil,https://news.imperialoil.ca/news-releases/news-releases/2019/Imperial-announces-second-quarter-2019-financial-and-operating-results/default.aspx,"Chemical net income was $72 million in the first six months of 2019, compared to $151 million in the same period of 2018, primarily reflecting lower margins.",True,0
Enbridge,https://www.enbridge.com/media-center/news/details?id=123665&lang=en,"Assumptions regarding the expected supply of and demand for energy, and the prices thereof, are material to and underlie all forward-looking statements, as they may impact current and future levels of demand for Enbridge's services and for the Project.",False,0
Suncor Energy,http://web.archive.org/web/20220703214129/https://sustainability-prd-cdn.suncor.com/-/media/project/suncor/files/news-releases/2010/2010-07-02-suncor-energy-and-partners-receive-funding-for-clean-technology-research-projects-en.pdf?modified=20210902050559,"For more information on CCEMC, visit www.ccemc.ca .",True,0
Pembina Pipeline,https://www.pembina.com/media-centre/news/details/9a94bfed-f167-4c66-b11e-f553a73ad88e,"In addition,",True,0
Canadian Natural Resources,https://www.cnrl.com/content/uploads/2024/12/1206-Chevron-Close-2025-Budget-Timing.pdf,Canadian Natural welcomes the Chevron employees that will be joining as part of the acquisitions to its Field and Calgary head office teams.,False,0
Pembina Pipeline,https://www.pembina.com/media-centre/news/details/9a94bfed-f167-4c66-b11e-f553a73ad88e,"the year ended December 31, 2022.",True,0
Pembina Pipeline,https://www.pembina.com/media-centre/news/details/6013c21e-4389-49d8-8f53-023e19e8f84a,"On July 11, 2013, Pembina announced that the Board of Directors declared a dividend for July of $0.135 per qualifying common share ($1.62 annualized) in the total amount of $41.9 million.",True,0
Canadian Natural Resources,https://www.cnrl.com/upload/media_element/1223/04/0509_q119-front-end.pdf,"North America natural gas production was 1,454 MMcf/d in Q1/19, in-line with Q4/18 levels.",True,0
Pembina Pipeline,https://www.pembina.com/media-centre/news/details/2d8105a0-0798-483c-a4f4-90e2f8f090d8,The completion of RFS II will further strengthen Pembina's position as Western Canada's largest owner of fractionation capacity.,True,0
Suncor Energy,https://www.suncor.com/-/media/project/suncor/files/news-releases/2023/2023-11-08-news-release-earnings-q3-2023-en.pdf?modified=20240613191931&created=20231108164205," At Fort Hills, the first full plant turnaround was successfully completed during the quarter, and the asset safely ramped up to normal operating rates within the quarter.",False,0
Enbridge,https://www.enbridge.com/media-center/news/details?id=123748&lang=en,"Enbridge Appoints Pamela L. Carter as Chair of the Board, Effective January 1, 2023",False,0
Pembina Pipeline,https://www.pembina.com/media-centre/news/details/c23badf6-e264-4288-a177-fc1aa20c470d,"For more information on Pembina's significant assets, including as such relate to definitions for capitalized terms used herein and not otherwise defined, refer to Pembina's Annual Information Form (the ""AIF"") filed at www.sedar.com (filed with the U.S. Securities and Exchange Commission at www.sec.gov under Form 40-F) and at www.pembina.com.",True,0
Enbridge,https://www.enbridge.com/media-center/news/details?id=123869&lang=en,"Except to the extent required by applicable law, Enbridge assumes no obligation to publicly update or revise any forward-looking statements made in this news release or otherwise, whether as a result of new information, future events or otherwise.",False,0
Pembina Pipeline,https://www.pembina.com/media-centre/news/details/c8f37bc6-7e6a-480b-8afd-c78c10c51abf,Diluted earnings per common share,False,0
Suncor Energy,http://web.archive.org/web/20220704154303/https://sustainability-prd-cdn.suncor.com/-/media/project/suncor/files/news-releases/2009/2009-03-19-suncor-energy-recognizes-operational-excellence-leaders-at-awards-ceremony-en.pdf?modified=20210902050517,"The event recognized employees and contractors who showed exceptional safety leadership, environmental excellence and commitment to health and wellness in 2008.",True,1
Imperial Oil,https://news.imperialoil.ca/news-releases/news-releases/2016/Imperial-provides-Kearl-operational-update/default.aspx,Imperial provides Kearl operational update,True,0
Suncor Energy,http://web.archive.org/web/20220704152354/https://sustainability-prd-cdn.suncor.com/-/media/project/suncor/files/news-releases/2011/2011-11-30-suncor-energy-one-day-blitz-kicks-off-holiday-fundraising-campaign-to-help-food-bank-en.pdf?modified=20210902050645,"The Suncor Energy Foundation is a private, non-profit charitable foundation established to receive Suncor's contributions and support registered Canadian charitable organizations.",True,0
Enbridge,https://www.enbridge.com/media-center/news/details?id=123697&lang=en,"""On behalf of the Board of Directors of Enbridge, we are very pleased to welcome Gaurdie and Jane to the Enbridge Board.",False,0
Pembina Pipeline,https://www.pembina.com/media-centre/news/details/9a94bfed-f167-4c66-b11e-f553a73ad88e,of Alberta's petrochemical industry.,True,0
Suncor Energy,http://web.archive.org/web/20221007090828/https://sustainability-prd-cdn.suncor.com/-/media/project/suncor/files/news-releases/2019/2019-11-12-suncor-microsoft-strategic-alliance-en.pdf?modified=20220921204024,"In this multi-year strategic alliance, Suncor will take advantage of Microsoft's full range of cloud solutions and will move towards cloud-based computing with Microsoft Azure as a preferred cloud platform.",True,0
Imperial Oil,https://news.imperialoil.ca/news-releases/news-releases/2025/Imperial-to-hold-2025-Third-Quarter-Earnings-Call/default.aspx,The webcast will be available for one year on the company’s website https://www.imperialoil.ca/en-CA/Investors/Investor-relations.,False,0
Pembina Pipeline,https://www.pembina.com/media-centre/news/details/0a500b87-d99b-4e14-a211-3a1467a5d483,"This news release contains certain forward-looking information and statements that are based on Pembina's current expectations, estimates, projections and assumptions in light of its experience and its perception of historical trends.",False,0
Suncor Energy,http://web.archive.org/web/20220703205204/https://sustainability-prd-cdn.suncor.com/-/media/project/suncor/files/news-releases/2011/2011-05-03-suncor-energy-reports-2011-first-quarter-results-en.pdf?modified=20210902050629,(1) Actual production results will be impacted by the timing of planned divestitures of assets.,True,0
Pembina Pipeline,https://www.pembina.com/media-centre/news/details/c8f37bc6-7e6a-480b-8afd-c78c10c51abf,"For the year ended December 31, 2013, capital expenditures within Gas Services totalled $258 million compared to $163 million during the same period of 2012.",True,0
Pembina Pipeline,https://www.pembina.com/media-centre/news/details/c8f37bc6-7e6a-480b-8afd-c78c10c51abf,"On September 16, 2013, in response to requests from area producers for firm service between Simonette and Fox Creek, Alberta, Pembina announced plans to proceed with a $115 million expansion of its Peace Pipeline System (the ""Simonette Pipeline Expansion"").",False,0
Canadian Natural Resources,https://www.cnrl.com/content/uploads/2023/05/0504-Q123-Front-End.pdf,Net  earnings  of  approximately  $1.8  billion  and  adjusted  net  earnings  from  operations  of  approximately $1.9 billion.,True,0
Pembina Pipeline,https://www.pembina.com/media-centre/news/details/af2415eb-3e55-48a0-b4b3-2ccfa050682c,"The following are the contractual maturities of financial liabilities, including estimated interest payments and excluding the impact of netting agreements.",True,0
Suncor Energy,http://web.archive.org/web/20220704160249/https://sustainability-prd-cdn.suncor.com/-/media/project/suncor/files/news-releases/2013/2013-10-30-suncor-energy-reports-2013-third-quarter-results-en.pdf?modified=20210902050742,"Suncor's share of Syncrude production decreased to an average of 27,200 bbls/d in the third quarter of 2013 from 37,600 bbls/d in the third quarter of 2012, due primarily to planned maintenance performed on one of three cokers and the LC Finer.",True,0
Canadian Natural Resources,https://www.cnrl.com/upload/media_element/1359/04/1109-acquisition-of-storm-resources-ltd.pdf,Phone: 403-514-7777   Email: ir@cnrl.com www.cnrl.com,True,0
Imperial Oil,https://news.imperialoil.ca/news-releases/news-releases/2019/Imperial-announces-second-quarter-2019-financial-and-operating-results/default.aspx,"Second quarter 2019 results include a favourable impact, largely non-cash, of $662 million associated with the Alberta corporate income tax rate decrease.",True,0
Canadian Natural Resources,https://www.cnrl.com/upload/media_element/1366/c183aa1c98e7/0303-q421-front-end.pdf,The conference archive ID number is 2278721.,True,0
Suncor Energy,http://web.archive.org/web/20221007103655/https://sustainability-prd-cdn.suncor.com/-/media/project/suncor/files/news-releases/2020/2020-04-14-suncor-supports-communities-through-petro-canada-en.pdf?modified=20220917160733,"Whether you are a health care worker on the frontline, a truck driver ensuring needed products are delivered across the country, a transit worker who is getting others where they need to go, or a grocery store, pharmacy, or food delivery service employee, you are essential, and we celebrate your contribution.",True,0
Enbridge,https://www.enbridge.com/media-center/news/details?id=123743&lang=en,"At September 30, 2022, the Fund totalled $529 billion.",False,0
Pembina Pipeline,https://www.pembina.com/media-centre/news/details/9a94bfed-f167-4c66-b11e-f553a73ad88e,"per share, to be paid, subject to applicable law, on September 29, 2023, to shareholders of record on September",True,0
Pembina Pipeline,https://www.pembina.com/media-centre/news/details/3c2f1698-d492-45dc-acd5-1dea1df3f04f,"""We continue to strive for excellence by advancing our safety culture initiative and the current focus is on safely executing our suite of growth projects.""",True,0
Enbridge,https://www.enbridge.com/media-center/news/details?id=123641&lang=en,"CALGARY, AB and LANSING, Mich., Sept. 9, 2020 /CNW/ - Enbridge (TSX: ENB) (NYSE: ENB) will restart the east segment of Line 5 in the Straits of Mackinac after receiving authorization from the Pipeline and Hazardous Materials Safety Administration (PHMSA) and approval from the Michigan Circuit Court.",True,0
Pembina Pipeline,https://www.pembina.com/media-centre/news/details/9d7026d2-5c87-4dd9-8156-cbb581837a06,"CALGARY, Feb. 28, 2020 /CNW/ - Pembina Pipeline Corporation (""Pembina"" or ""the Company"") (TSX: PPL; NYSE: PBA) has filed its audited consolidated financial statements for the year ended December 31, 2019 as well as the related management's discussion and analysis, with Canadian securities regulatory authorities.",True,0
Pembina Pipeline,https://www.pembina.com/media-centre/news/details/f1d91820-2686-4920-b838-8d94f833a065,Saturn II,False,0
Canadian Natural Resources,https://www.cnrl.com/upload/media_element/1292/02/0318-corporate-update.pdf,"Detailed guidance on production levels, capital expenditures and production expenses can be found on the Company's website at www.cnrl.com.",True,0
Enbridge,https://www.enbridge.com/media-center/news/details?id=123726&lang=en,Goal: 28 per cent racial and ethnic minority groups across the Enbridge workforce by 2025.,False,0
Imperial Oil,http://web.archive.org/web/20220214215231/https://news.imperialoil.ca/news-releases/news-releases/2021/Imperial-announces-plan-to-accelerate-share-purchases-under-normal-course-issuer-bid/default.aspx,"When we have surplus cash beyond our base dividend, efficient share repurchases through an NCIB has been our first step.",True,0
Pembina Pipeline,https://www.pembina.com/media-centre/news/details/1c3a594b-6871-47b9-b5bf-37ed2f5c8200,____________________________________________1 TM denotes trademark of Canaccord Genuity Corp.,False,0
Pembina Pipeline,https://www.pembina.com/media-centre/news/details/c8f37bc6-7e6a-480b-8afd-c78c10c51abf,The Series F debentures may be converted at the option of the holder at a conversion price of $29.53 per common share at any time prior to maturity and may be redeemed by the Company.,False,0
Enbridge,https://www.enbridge.com/media-center/news/details?id=123820&lang=en,Questar will join Enbridge's Gas Distribution and Storage Business Unit.,False,0
Suncor Energy,http://web.archive.org/web/20220704162019/https://sustainability-prd-cdn.suncor.com/-/media/project/suncor/files/news-releases/2017/2017-07-13-suncor-energy-releases-2017-report-on-sustainability-en.pdf?modified=20210902050952,"In 2016, COSIA received 113 new contributed technologies with a cost of",True,0
Canadian Natural Resources,https://www.cnrl.com/upload/media_element/1347/04/0805-q221-front-end.pdf,"25% reduction in oil sands GHG emissions intensity by 2025, from a 2016 baseline.",True,1
Pembina Pipeline,https://www.pembina.com/media-centre/news/details/29bbba9d-35e6-4ff6-98a5-3ec93a929174,The purpose of the Adjusted EBITDA projections is to provide investors with an indication of the value to Pembina of the PDH/PP facility or our expected financial results.,True,0
Suncor Energy,http://web.archive.org/web/20240518045646/https://sustainability-prd-cdn.suncor.com/-/media/project/suncor/files/news-releases/2024/2024-05-07-news-release-suncor-energy-reports-voting-results-from-agm-en.pdf?modified=20240507210107,Daniel Romasko,True,0
Canadian Natural Resources,https://www.cnrl.com/content/uploads/2024/10/1031-Q324-Front-End.pdf,"While  we  wait  for  clarity  on  this  legislation,  we  are  proud  to  share  Canadian  Natural's  performance  in  governance, workplace and process safety, and our contributions to people, community and partnerships.",False,0
Suncor Energy,http://web.archive.org/web/20221007095721/https://sustainability-prd-cdn.suncor.com/-/media/project/suncor/files/news-releases/2021/2021-05-26-nr-su-corporate-strategy-update-en.pdf?modified=20220907174616,All dividends are at the discretion of Suncor's Board of Directors.,True,0
Suncor Energy,http://web.archive.org/web/20221007093052/https://sustainability-prd-cdn.suncor.com/-/media/project/suncor/files/news-releases/2021/2021-10-27-nr-su-q3-dividend-en.pdf?modified=20220907174743,"Capital guidance is expected to be approximately $4.7 billion, $300 million below the $5.0 billion annual cap outlined at Investor Day.",True,0
Enbridge,https://www.enbridge.com/media-center/news/details?id=123626&lang=en,"John Whelen, EVP & Chief Development Officer, Enbridge, added: ""We are pleased to mark this important milestone with our partners.",True,0
Pembina Pipeline,https://www.pembina.com/media-centre/news/details/6357c8a0-a41e-4124-9628-4b7faaf97ecb,The most directly comparable financial measure to adjusted cash flow from operating activities that is determined in accordance with GAAP and disclosed in Pembina's financial statements is cash flow from operating activities.,False,0
Enbridge,https://www.enbridge.com/media-center/news/details?id=123779&lang=en,The transaction also reinforces our position as the first-choice energy delivery company in North America.,False,0
Pembina Pipeline,https://www.pembina.com/media-centre/news/details/e3621171-a7fb-493a-9369-eb4acb3f4411,The Settlement is fair and equitable to Alliance and all Shippers.,False,0
Canadian Natural Resources,https://www.cnrl.com/content/uploads/2024/05/0502-Q124-Front-End.pdf,"Long-term debt, net (also referred to as net debt) is a capital management measure that is calculated as current and long-term debt less cash and cash equivalents.",True,0
Pembina Pipeline,https://www.pembina.com/media-centre/news/details/b10695e0-7954-439d-bdde-9eaa9959c9dd,"A live webcast of the conference call can be accessed on Pembina's website at www.pembina.com under Investor Centre/ Presentation & Events, or by entering:https://produceredition.webcasts.com/starthere.jsp?ei=1499099&tp_key=9492e908e4 in your web browser.",True,0
Suncor Energy,http://web.archive.org/web/20220704142712/https://sustainability-prd-cdn.suncor.com/-/media/project/suncor/files/news-releases/2009/2009-09-03-suncor-energy-reports-oil-sands-production-numbers-for-august-2009-en.pdf?modified=20210902050525,"Calgary, Alberta (September 3, 2009) -",True,0
Enbridge,https://www.enbridge.com/media-center/news/details?id=123833&lang=en,"In addition, domestic and international oil demand highlight the necessity of integrated infrastructure, and Enbridge is there to provide it.",False,0
Pembina Pipeline,https://www.pembina.com/media-centre/news/details/f1d91820-2686-4920-b838-8d94f833a065,This increase was largely due to improved results from operating activities in each of Pembina's businesses and returns on new assets and services.,True,0
Pembina Pipeline,https://www.pembina.com/media-centre/news/details/c8f37bc6-7e6a-480b-8afd-c78c10c51abf,Deferred tax is not recognized for:,True,0
Pembina Pipeline,https://www.pembina.com/media-centre/news/details/8de8f5c1-f954-4fa0-9e4f-9dcdc0ad97f8,Pembina's Diversity & Inclusion Stand,False,0
Pembina Pipeline,https://www.pembina.com/media-centre/news/details/33debf84-3a1f-497a-9fba-438be44f3952,"Activity in the Western Canadian Sedimentary Basin (""WCSB"") continues to benefit from strengthening commodity prices across all the products within Pembina's integrated value chain – crude oil, condensate, natural gas, and natural gas liquids – and this has enhanced our confidence in our 2021 outlook.",True,0
Canadian Natural Resources,https://www.cnrl.com/upload/media_element/1355/02/1104-q3-press-release.pdf,(4) A barrel of oil  equivalent  ('BOE')  is  derived  by  converting  six  thousand  cubic  feet  ('Mcf')  of  natural  gas  to  one  barrel  ('bbl')  of  crude  oil  (6  Mcf:1  bbl).,True,0
Pembina Pipeline,https://www.pembina.com/media-centre/news/details/7c41b9b4-5e5d-4844-b233-2e2a72905016,"""We are seeing strong customer demand for our services, leading to increased utilization in the Pipelines and Facilities Divisions, and rising commodity prices are driving solid performance in our Marketing business,"" said Mick Dilger, Pembina's President and Chief Executive Officer.",False,0
Pembina Pipeline,https://www.pembina.com/media-centre/news/details/60a97c1d-4e25-48b0-be91-cf80ec73166d,"The initial capacity of Phase VII has been reduced from the previous 240,000 bpd, to 160,000 bpd.",False,0
Pembina Pipeline,https://www.pembina.com/media-centre/news/details/cb506928-19b7-4e4b-94e2-e0a30fc35c4b,These non-GAAP financial measures and ratios are used by management to evaluate the performance and cash flows of Pembina and its businesses and to provide additional useful information respecting Pembina's financial performance and cash flows to investors and analysts.,False,0
Canadian Natural Resources,https://www.cnrl.com/upload/media_element/1307/02/1105-q320-front-end.pdf,"The Company's natural gas production, targeted at over 1.6 Bcf/d in Q4/20, and associated natural gas liquids is forecast to generate approximately $1.2 billion in annualized operating cash flow at current strip pricing.",True,0
Suncor Energy,https://www.suncor.com/-/media/project/suncor/files/news-releases/2023/2023-08-14-news-release-earnings-q2-2023-en.pdf?modified=20240613191929&created=20230814144224,"The company's net SCO production increased to 505,000 bbls/d in the second quarter of 2023, representing combined upgrader utilizations of 94%, compared to 483,000 bbls/d and 89% in the prior year quarter, reflecting lower planned maintenance activities in the current period and strong upgrader utilizations outside of planned maintenance activities.",False,0
Suncor Energy,http://web.archive.org/web/20220703214256/https://sustainability-prd-cdn.suncor.com/-/media/project/suncor/files/news-releases/2011/2011-12-01-suncor-energy-announces-rick-george-transition-plan-and-retirement-en.pdf?modified=20210902050645,Chief Operating Officer Steve Williams appointed president and to the Board of Directors and will succeed George as chief executive officer,True,0
Pembina Pipeline,https://www.pembina.com/media-centre/news/details/39170c18-b013-48b5-8761-93ac5f7f811b,To register for the webcast please click the following link or enter the URL into your web browser: http://event.on24.com/r.htm?e=909285&s=1&k=9ADA55600DE489890511AB3328511E0A,False,0
Pembina Pipeline,https://www.pembina.com/media-centre/news/details/0cd838f4-4d7b-45b8-92a4-e4c3c8edfebd,"In this news release, Pembina has used the terms net revenue, adjusted earnings before interest, taxes, depreciation and amortization (Adjusted EBITDA), Adjusted EBITDA per common share, cash flow from operating activities per common share, adjusted cash flow from operating activities per common share, which do not have any standardized meaning under IFRS (""Non-GAAP Measures"").",True,0
Enbridge,https://www.enbridge.com/media-center/news/details?id=123834&lang=en,Material assumptions include assumptions about whether holders of Series 9 Shares will exercise their right to convert their Series 9 Shares into Series 10 Shares.,False,0
Pembina Pipeline,https://www.pembina.com/media-centre/news/details/b4bfb2fc-fffb-4a70-94e8-502a51c83ff6,"The year-over-year increase primarily reflects certain deferrals of current taxes from 2022 to 2023, partially offset by the impact of the joint venture transaction to create PGI.",True,0
Pembina Pipeline,https://www.pembina.com/media-centre/news/details/6f038147-f622-4495-9996-2e405c187ee7,"Beyond 2024, Pembina’s core business, at the centre of the western Canadian energy industry, positions the Company to benefit from multi-year volume growth expected through the balance of the decade driven by transformational developments that include the recent completion of the Trans Mountain Pipeline expansion, new West Coast liquefied natural gas (""LNG"") and natural gas liquids (""NGL"") export capacity, and new petrochemical facilities creating significant demand for ethane and propane.",False,0
Enbridge,https://www.enbridge.com/media-center/news/details?id=123703&lang=en,Performance drivers in 2022 include: continued volume recovery on the Liquids' Mainline System; a full year of the full Line 3 Replacement surcharge; a full year contribution from the Ingleside Energy Center acquisition; contributions from Gas Transmission projects brought into service in 2021; customer additions in the gas utility; and continued but moderating losses in Energy Services.,False,0
Canadian Natural Resources,https://www.cnrl.com/upload/media_element/1281/02/0305_q419-front-end.pdf,The Company is implementing enhancements to improve overall operability in 2020.,True,0
Canadian Natural Resources,https://www.cnrl.com/content/uploads/2022/12/1103-Q322-Front-End.pdf,"Safe, effective and efficient operations combined with our high quality, long life low decline asset base generated substantial  quarterly  free  cash  flow  of  approximately  $1.7  billion  after  dividend  payments  of  approximately $2.5 billion and base capital expenditures of approximately $1.0 billion (excluding net acquisitions and strategic growth capital, as per the Company's free cash flow allocation policy).",True,0
Enbridge,https://www.enbridge.com/media-center/news/details?id=123735&lang=en,"For more information, please see this video link here.",True,0
Suncor Energy,http://web.archive.org/web/20221007103319/https://sustainability-prd-cdn.suncor.com/-/media/project/suncor/files/news-releases/2020/2020-11-30-suncor-energy-announces-2021-production-outlook-and-capital-allocation-en.pdf?modified=20220917163636,"This news release contains certain forward-looking information and forward-looking statements (collectively referred to herein as ""forward-looking statements"") within the meaning of applicable Canadian and U.S. securities laws.",True,0
Canadian Natural Resources,https://www.cnrl.com/upload/media_element/1359/04/1109-acquisition-of-storm-resources-ltd.pdf,"CALGARY, ALBERTA - NOVEMBER 9, 2021 - FOR IMMEDIATE RELEASE",True,0
Imperial Oil,https://news.imperialoil.ca/news-releases/news-releases/2018/Imperial-earns-196-million-in-the-second-quarter-of-2018/default.aspx,"Net income of $196 million or $0.24 per share on a diluted basis, an increase of $273 million compared to a net loss of $77 million or $0.09 per share in the second quarter of 2017.",True,0
Pembina Pipeline,https://www.pembina.com/media-centre/news/details/c8f37bc6-7e6a-480b-8afd-c78c10c51abf,"On August 9, 2013, Pembina announced that it is pursuing the Musreau II Facility, a new 100 MMcf/d shallow cut gas plant with associated NGL and gas gathering pipelines near its existing Musreau Gas Plant (part of the greater Cutbank Complex).",False,0
Suncor Energy,http://web.archive.org/web/20220629122024/https://sustainability-prd-cdn.suncor.com/-/media/project/suncor/files/news-releases/2011/2011-07-28-suncor-energy-reports-2011-second-quarter-results-en.pdf?modified=20210902050634,"Operating earnings, which are adjusted for significant items that are not indicative of operating performance, increased to $980 million ($0.62 per common share) in the second quarter of 2011 from $839 million ($0.54 per common share) in the second quarter of 2010.",True,0
Enbridge,https://www.enbridge.com/media-center/news/details?id=123787&lang=en,less pronounced market structure backwardation as compared to the same period of 2022.,True,0
Pembina Pipeline,https://www.pembina.com/media-centre/news/details/60a97c1d-4e25-48b0-be91-cf80ec73166d,"Throughout past commodity and financial cycles, as well as the conversion from a non-taxable to taxable entity, Pembina has maintained and grown its dividend.",True,0
Pembina Pipeline,https://www.pembina.com/media-centre/news/details/c8f37bc6-7e6a-480b-8afd-c78c10c51abf,The current longevities underlying the values of the liabilities in the defined plans are as follows:,True,0
Pembina Pipeline,https://www.pembina.com/media-centre/news/details/3852f924-a438-4746-9488-30a9e0c10248,Greenlight would also create incremental demand for natural gas and associated liquids production within western Canada.,False,0
Canadian Natural Resources,https://www.cnrl.com/content/uploads/2024/02/0229-Q423-Front-End.pdf,"Total proved plus probable reserves increased 3% to 18.504 billion BOE, with reserves additions and revisions of 0.944 billion BOE.",True,0
Pembina Pipeline,https://www.pembina.com/media-centre/news/details/5d65044c-2f9f-4a4c-a793-8dfe88541933,"In particular, this news release contains forward-looking statements and information relating to: future dividends which may be declared on Pembina's common shares, the dividend payment date, and the tax treatment thereof, and Pembina's corporate strategy.",True,0
Shell Canada,http://web.archive.org/web/20170913004920/http://www.shell.ca/en_ca/media/news-and-media-releases/news-releases-2012/fuelling-change.html,Please provide both your e-mail and phone number as some queries will only be answered via e-mail.l,True,0
Pembina Pipeline,https://www.pembina.com/media-centre/news/details/df8cb0ed-1167-4c36-b574-9c2ff8cc7980,"All preferred share dividends are payable on March 1, 2015 to shareholders of record on February 1, 2015:",False,0
Canadian Natural Resources,https://www.cnrl.com/upload/media_element/1355/02/1104-q3-press-release.pdf,"The Company continues to improve corporate total recordable injury frequency (""TRIF"") in 2020, with a TRIF of 0.21 in 2020 compared to 0.50 in 2016.",True,0
Pembina Pipeline,https://www.pembina.com/media-centre/news/details/af2415eb-3e55-48a0-b4b3-2ccfa050682c,"Revenue generated by the Provident business for the period from the Acquisition date of April 2, 2012 to December 31, 2012, before intersegment eliminations, was $1,151.4 million.",False,0
Pembina Pipeline,https://www.pembina.com/media-centre/news/details/f95387cc-3cdd-44c2-86fd-76b0eefbe7a7,"The increase in the fourth quarter was primarily driven by an increase in operating results after adjusting for non-cash items, largely due to the Kinder Acquisition, and a decrease in taxes paid, partially offset by higher net interest paid, changes in non-cash working capital and lower distributions from equity accounted investees.",False,0
Pembina Pipeline,https://www.pembina.com/media-centre/news/details/22976793-6ff8-46c4-a49f-4ef4bb004466,"In total, Pembina expects the Phase I and II expansions to increase NGL transportation capacity by 90 percent.",False,0
Imperial Oil,http://web.archive.org/web/20220429224128/https://news.imperialoil.ca/news-releases/news-releases/2022/Imperial-announces-first-quarter-2022-financial-and-operating-results/default.aspx,"The company completed share repurchases under its normal course issuer bid on January 31, 2022.",True,0
Enbridge,https://www.enbridge.com/media-center/news/details?id=123663&lang=en,Energy Services adjusted EBITDA decreased $60 million compared with the fourth quarter of 2019 and $388 million compared with full year 2019 as a result of significant compression of location and quality differentials in certain markets which led to fewer opportunities to achieve profitable margins on capacity obligations.,False,0
Pembina Pipeline,https://www.pembina.com/media-centre/news/details/b331ea3e-c273-44b7-8227-b29860961435,The remaining capital in Gas Services will be spent on upgrades and other business development activities.,True,0
Pembina Pipeline,https://www.pembina.com/media-centre/news/details/c8f37bc6-7e6a-480b-8afd-c78c10c51abf,REPORT OF INDEPENDENT REGISTERED PUBLIC ACCOUNTING FIRM,False,0
Pembina Pipeline,https://www.pembina.com/media-centre/news/details/c8f37bc6-7e6a-480b-8afd-c78c10c51abf,"Conventional Pipelines' capital was incurred to complete its Phase I expansion program, progress its numerous other expansions and on various new connections.",False,0
Enbridge,https://www.enbridge.com/media-center/news/details?id=123674&lang=en,the positive impact of colder weather in 2021 when compared to 2020 of approximately $17 million; and,False,0
Imperial Oil,http://web.archive.org/web/20220214215231/https://news.imperialoil.ca/news-releases/news-releases/2021/Imperial-announces-plan-to-accelerate-share-purchases-under-normal-course-issuer-bid/default.aspx,"The current NCIB allows Imperial to repurchase up to five percent of its 711,673,439 outstanding common shares as of June 15, 2021, or a maximum of 35,583,671 shares prior to June 28, 2022.",True,0
Pembina Pipeline,https://www.pembina.com/media-centre/news/details/60a97c1d-4e25-48b0-be91-cf80ec73166d,CKPC will continue to take action to safeguard its existing investment associated with long-lead equipment and intellectual property.,True,0
Imperial Oil,http://web.archive.org/web/20230308044100/https://news.imperialoil.ca/news-releases/news-releases/2023/Imperial-advances-cleanup-from-drainage-pond-overflow-at-Kearl/default.aspx,Imperial is continuing to address a separate issue related to seepage in close proximity to the Kearl lease.,True,0
Canadian Natural Resources,https://www.cnrl.com/upload/media_element/1397/371b3b3c9828/0804-q222-front-end.pdf,"Additionally,  Canadian  Natural  is  a  research  and  development  (""R&D"")  investment  leader.",True,0
Canadian Natural Resources,https://www.cnrl.com/upload/media_element/1290/01/0507-q120-front-end.pdf,"At Pelican Lake, the Company continues to demonstrate effective and efficient operations as Q1/20 operating costs decreased by 8% from Q1/19 levels, averaging $6.18/bbl (US$4.59/bbl) in the quarter, primarily as a result of the Company's focus on cost control.",True,0
Enbridge,https://www.enbridge.com/media-center/news/details?id=123624&lang=en,"After taking into account all conversion notices received from holders of its outstanding Series 13 Shares by the May 19, 2020 deadline for the conversion of the Series 13 Shares into Series 14 Shares, less than the 1,000,000 Series 13 Shares required to give effect to conversions into Series 14 Shares were tendered for conversion.",True,0
Suncor Energy,http://web.archive.org/web/20220629133225/https://sustainability-prd-cdn.suncor.com/-/media/project/suncor/files/news-releases/2012/2012-06-19-suncor-energy-extends-commitment-to-support-canadian-paralympic-movement-en.pdf?modified=20210902050704,Programs supported by Suncor include:,True,0
Enbridge,https://www.enbridge.com/media-center/news/details?id=123799&lang=en,The toll settlement agreement for the Canadian portion of Maritimes & Northeast Pipeline (M&N Canada) expired in December 2023.,True,0
Enbridge,https://www.enbridge.com/media-center/news/details?id=123816&lang=en,Incentive Regulation Rate Application,True,0
Pembina Pipeline,https://www.pembina.com/media-centre/news/details/af2415eb-3e55-48a0-b4b3-2ccfa050682c,The Resthaven facility and the Saturn facility are currently under development by Pembina and the successful completion of these facilities is dependent on numerous factors outside of Pembina's control.,True,0
Pembina Pipeline,https://www.pembina.com/media-centre/news/details/c8f37bc6-7e6a-480b-8afd-c78c10c51abf,"The Company derecognizes a financial liability when its contractual obligations are discharged, cancelled or expire.",False,0
Suncor Energy,http://web.archive.org/web/20221007081755/https://sustainability-prd-cdn.suncor.com/-/media/project/suncor/files/news-releases/2021/2021-12-13-nr-su-2022-corporate-guidance-en.pdf?modified=20220907174752,"'Our strong execution in 2021 and confidence in our plan enabled us to double the dividend, increase the buyback program to 7% of the public float, and reduce net debt at the highest annual pace ever,' said Mark Little, president and chief executive officer.",True,0
Suncor Energy,http://web.archive.org/web/20221007084834/https://sustainability-prd-cdn.suncor.com/-/media/project/suncor/files/news-releases/2021/2021_05_03_nr_su_q1_2021_en.pdf?modified=20220907174546,"2  Combined upgrader utilization rates are calculated using total upgraded production, inclusive of internally consumed diesel and internal transfers.",True,0
Pembina Pipeline,https://www.pembina.com/media-centre/news/details/33fe5ef9-1cd7-4b54-9c74-56c7b8fa268b,"The TRS Shares provided Brookfield with an economic interest in the common shares of Inter Pipeline (the ""Inter Pipeline Shares"") that is in addition to the 9.75% of issued and outstanding Inter Pipeline Shares that Brookfield and its affiliates had acquired directly.",False,0
Pembina Pipeline,https://www.pembina.com/media-centre/news/details/a6830d88-020c-4d5f-8356-7528d9634f2f,Calgary-based Pembina Pipeline Corporation is a leading transportation,True,0
Enbridge,https://www.enbridge.com/media-center/news/details?id=123793&lang=en,"With this divestiture, we will have raised ~$14 billion since 2018 at attractive valuations,"" said Pat Murray, EVP and Chief Financial Officer.",False,0
Enbridge,https://www.enbridge.com/media-center/news/details?id=123723&lang=en,The Company's current secured growth program is approximately $10 billion and is supported by commercial models consistent with Enbridge's low-risk model.,True,0
Suncor Energy,http://web.archive.org/web/20220704150053/https://sustainability-prd-cdn.suncor.com/-/media/project/suncor/files/news-releases/2018/2018-12-14-suncor-energy-announces-2019-capital-program-and-production-outlook-en.pdf?modified=20210902051032,Suncor's corporate guidance provides management's outlook for 2019 in certain key areas of the company's business.,True,0
Pembina Pipeline,https://www.pembina.com/media-centre/news/details/b1a1d572-37c7-4cb7-95b0-fdb9e1867bd2,"Cedar LNG will largely target the Asia-Pacific market to maximize the project's geographic shipping advantage compared to U.S. Gulf Coast LNG projects, which are subject to the high costs and risks of transiting the Panama Canal.",False,0
Pembina Pipeline,https://www.pembina.com/media-centre/news/details/5e497191-c68a-43eb-b3ea-ec77ceb7f246,"In conjunction with building RFS III, Pembina also plans to construct a new HVP pipeline lateral into the Willesden Green area in south-central Alberta, at an estimated cost of approximately $60 million.",True,0
Pembina Pipeline,https://www.pembina.com/media-centre/news/details/af2415eb-3e55-48a0-b4b3-2ccfa050682c,"For the full year of 2012, revenue was $88.3 million compared to $71.5 million in 2011.",True,0
Enbridge,https://www.enbridge.com/media-center/news/details?id=123782&lang=en,"These appointments follow the decisions of Bob Rooney, Executive Vice President & Chief Legal Officer and Byron Neiles, Executive Vice President & Chief Administrative Officer to step down from their current roles on December 31, 2023.",False,0
Canadian Natural Resources,https://www.cnrl.com/upload/media_element/1168/02/0503_-q1-18-front-end.pdf,"Operating costs of $1.31/Mcf were realized in Q1/18, an increase of 4% primarily as a result of lower natural gas volumes due to the Company's proactive decision to shut-in volumes and delayed activity on natural gas assets.",True,0
Pembina Pipeline,https://www.pembina.com/media-centre/news/details/94c35ec7-2e59-42f7-adf1-d641d520acb3,"""We are looking forward to the year ahead and the transformation it will bring for our Company and our shareholders as we bring the bulk of our assets under construction into service and start generating associated cash flows.""",False,0
Imperial Oil,http://web.archive.org/web/20230504234839/https://news.imperialoil.ca/news-releases/news-releases/2023/Imperial-announces-first-quarter-2023-financial-and-operating-results/default.aspx,Chemicals Net income (loss) factor analysis millions of Canadian dollars,True,0
Imperial Oil,http://web.archive.org/web/20211029124723/https://news.imperialoil.ca/news-releases/news-releases/2021/Imperial-announces-third-quarter-2021-financial-and-operating-results/default.aspx,"In August, Imperial announced plans for the construction of a world-class renewable diesel complex at the Strathcona refinery, leveraging blue hydrogen to help Canada meet its low-carbon fuel standards.",True,1
Imperial Oil,https://news.imperialoil.ca/news-releases/news-releases/2018/Imperial-Provides-Update-on-Syncrude-Outage/default.aspx,Indications suggest a high voltage transformer trip resulted in a cascading shutdown of site-wide power and utility systems.,True,0
Pembina Pipeline,https://www.pembina.com/media-centre/news/details/44474ee2-d88c-4368-8387-fa457e8be6c9,"Over the same 10-year period, shareholders have realized a total return of about 380 percent, or 17 percent per year, assuming reinvestment of their dividends.",False,0
Pembina Pipeline,https://www.pembina.com/media-centre/news/details/a86f7b93-e454-448d-a241-988fa271db77,"During the third quarter of 2015, Pembina continued to advance its growth projects as well as place new assets into service within the Gas Services business.",True,0
Suncor Energy,http://web.archive.org/web/20220704152020/https://sustainability-prd-cdn.suncor.com/-/media/project/suncor/files/news-releases/2009/2009-04-08-suncor-energy-spends-1-billion-with-aboriginal-business-partners-en.pdf?modified=20210902050518,"By tapping into the regional skills and experience of these communities, we're making progress on a number of shared economic, social and environmental goals.'",True,1
Imperial Oil,https://news.imperialoil.ca/news-releases/news-releases/2025/Imperial-announces-fourth-quarter-2024-financial-and-operating-results/default.aspx,Reconciliation of cash flows from (used in) operating activities excluding working capital,False,0
Pembina Pipeline,https://www.pembina.com/media-centre/news/details/c8f37bc6-7e6a-480b-8afd-c78c10c51abf,"Pembina's common shares were listed and began trading on the NYSE under the symbol ""PBA"" on April 2, 2012.",False,0
Suncor Energy,http://web.archive.org/web/20221007082611/https://sustainability-prd-cdn.suncor.com/-/media/project/suncor/files/news-releases/2020/2020-03-23-nr-su-revises-guidance-en.pdf?modified=20220917160430,The partners will continue to monitor market conditions and re-evaluate these decisions as market conditions change.,True,0
Pembina Pipeline,https://www.pembina.com/media-centre/news/details/c8f37bc6-7e6a-480b-8afd-c78c10c51abf,A formal Risk Management Program including policies and procedures has been designed to mitigate these risks.,True,0
Canadian Natural Resources,https://www.cnrl.com/upload/media_element/1290/01/0507-q120-front-end.pdf,"Thermal in situ operating costs were strong in Q1/20 averaging $11.02/bbl (US$8.19/bbl), a decrease of 39% from Q1/19 levels, primarily as a result of higher production volumes, synergies captured to date from the Devon Canada asset acquisition and the Company's continued focus on cost control and lower energy costs.",True,0
Enbridge,https://www.enbridge.com/media-center/news/details?id=123664&lang=en,"CALGARY, AB, Feb. 12, 2021 /CNW/ - Enbridge Inc. (TSX: ENB) (NYSE: ENB) has filed its Form 10-K for the year ended December 31, 2020, with the United States Securities and Exchange Commission.",True,0
Pembina Pipeline,https://www.pembina.com/media-centre/news/details/b054118f-3b5e-4c86-bb3d-f611a95087d9,and information are being made by Pembina based on certain assumptions that Pembina has made in respect thereof,True,0
Canadian Natural Resources,https://www.cnrl.com/content/uploads/2023/08/0803-Q223-Front-End.pdf,"As part of the acquisition the Company issued approximately 97.6 million shares, resulting in shares outstanding at May 31, 2017 of approximately 1,215.0 million shares.",True,0
Pembina Pipeline,https://www.pembina.com/media-centre/news/details/03639b47-c5dc-4662-9ff5-b0e0f2b18366,"Furthermore, past and future investments by both companies will help access new demand markets for the Western Canadian Sedimentary Basin (""WCSB""), benefitting Pembina, its customers and the provinces of Alberta and British Columbia alike.",False,0
Suncor Energy,http://web.archive.org/web/20220703213758/https://sustainability-prd-cdn.suncor.com/-/media/project/suncor/files/news-releases/2017/2017-11-09-suncor-energys-steve-williams-appoints-mark-little-as-chief-operating-officer-en-en.pdf?modified=20210902051002,"Calgary, Alberta (Nov. 9, 2017) - Steve Williams, chief executive officer at Suncor, today announced the appointment of Mark Little, currently president, Upstream, as chief operating officer (COO).",True,0
Suncor Energy,http://web.archive.org/web/20220704152244/https://sustainability-prd-cdn.suncor.com/-/media/project/suncor/files/news-releases/2016/2016-02-22-suncor-energy-offer-for-canadian-oil-sands-expires-en.pdf?modified=20210902050857,"The offering of Suncor shares in connection with the COS Amalgamation is made exclusively by means of, and subject to the terms and conditions set out in, the Amalgamation Documents, as they may be amended from time to time.",True,0
Canadian Natural Resources,https://www.cnrl.com/upload/media_element/1366/c183aa1c98e7/0303-q421-front-end.pdf,"Solvent enhanced oil recovery technology is being piloted by the Company with an objective to increase bitumen production, reduce the Steam to Oil Ratio (""SOR""), reduce GHG intensity and realize high solvent recovery.",True,0
Pembina Pipeline,https://www.pembina.com/media-centre/news/details/c8f37bc6-7e6a-480b-8afd-c78c10c51abf,Critical Accounting Estimates,False,0
Canadian Natural Resources,https://www.cnrl.com/upload/media_element/1257/06/1107_q319-front-end.pdf,"Canadian Natural's continued focus on delivering effective and efficient operations and cost control was demonstrated as the Company's E&P Q3/19 operating costs were $11.11/BOE, 5% and 7% reductions from Q2/19 and Q3/18 levels respectively.",True,0
Pembina Pipeline,https://www.pembina.com/media-centre/news/details/421d69ba-6489-4434-9963-21144d2725ec,Project Highlights,False,0
Imperial Oil,http://web.archive.org/web/20210730120849/https://news.imperialoil.ca/news-releases/news-releases/2021/Imperial-Announces-Second-Quarter-2021-Financial-and-Operating-Results/default.aspx,Second quarter earnings of $366 million with cash flow from operating activities of $852 million,True,0
Imperial Oil,https://news.imperialoil.ca/news-releases/news-releases/2025/Imperial-announces-third-quarter-2025-financial-and-operating-results/default.aspx,Attachment VI,False,0
Pembina Pipeline,https://www.pembina.com/media-centre/news/details/c8f37bc6-7e6a-480b-8afd-c78c10c51abf,The net proceeds from the offering were used to reduce the Company's debt.,False,0
Suncor Energy,https://www.suncor.com/-/media/project/suncor/files/news-releases/2024/2024-02-21-news-release-earnings-q4-2023-en.pdf?modified=20240613191935&created=20240221151728,"Changes to non-casn working capital can be Impacted by, among otner factors, commoality price volatility, the timing of offsnore feedstock purchases and payments for commoaity and income taxes, the timing of cash flows related to accounts receivable and accounts payable, and changes in inventory, which management believe reaquces comparability between periods.",False,0
Enbridge,https://www.enbridge.com/media-center/news/details?id=123687&lang=en,The CER will now review the record developed throughout the regulatory process prior to issuing its decision.,False,0
Enbridge,https://www.enbridge.com/media-center/news/details?id=123665&lang=en,"In all, these three projects will provide employment for 7,000 people.",False,0
Canadian Natural Resources,https://www.cnrl.com/content/uploads/2023/05/0504-Q123-Front-End.pdf,Members of Pathways  continue  to  advance  environmental  field  programs  to  minimize  the  project's  environmental  disturbance.,True,1
Pembina Pipeline,https://www.pembina.com/media-centre/news/details/0a500b87-d99b-4e14-a211-3a1467a5d483,"For shareholders receiving their common share dividends in U.S. funds, the April 2018 cash dividend is expected to be approximately U.S. $0.1394 per share (before deduction of any applicable Canadian withholding tax) based on a currency exchange rate of 0.7747.",False,0
Suncor Energy,http://web.archive.org/web/20220703204734/https://sustainability-prd-cdn.suncor.com/-/media/project/suncor/files/news-releases/2016/2016-02-03-suncor-energy-reports-fourth-quarter-2015-results-en.pdf?modified=20210902050855,Highlights in the fourth quarter of,True,0
Pembina Pipeline,https://www.pembina.com/media-centre/news/details/a178b44c-c8d5-418e-8155-9f2dd5b80a37,"Forward-looking statements are typically identified by terminology such as ""expects"", ""projects"", ""will"", ""anticipates"", ""would"", ""could"", ""potential"" and similar expressions suggesting future events or future performance.",False,0
Imperial Oil,https://news.imperialoil.ca/news-releases/news-releases/2018/Imperial-earns-516-million-in-the-first-quarter-of-2018/default.aspx,"Additionally, Imperial declared a second quarter dividend of 19 cents per share, nearly a 20 percent increase.",True,0
Pembina Pipeline,https://www.pembina.com/media-centre/news/details/b4bfb2fc-fffb-4a70-94e8-502a51c83ff6,"These forward-looking statements are not guarantees of future performance and are subject to a number of known and unknown risks and uncertainties that could cause actual events or results to differ materially, including, but not limited to: the regulatory environment and decisions and Indigenous and landowner consultation requirements; the impact of competitive entities and pricing; reliance on third parties to successfully operate and maintain certain assets; the strength and operations of the oil and natural gas production industry and related commodity prices; nonperformance or default by counterparties to agreements which Pembina or one or more of its affiliates has entered into in respect of its business; actions by governmental or regulatory authorities; the ability of Pembina to acquire or develop the necessary infrastructure in respect of future development projects; fluctuations in operating results; adverse general economic and market conditions in Canada, North America and worldwide; risks relating to the current and potential adverse impacts of the COVID-19 pandemic; the ability to access various sources of debt and equity capital; changes in credit ratings; counterparty credit risk; and certain other risks and uncertainties detailed in the AIF, Annual MD&A, Interim MD&A and from time to time in Pembina's public disclosure documents available at www.sedar.com, www.sec.gov and through Pembina's website at www.pembina.com.",True,0
Suncor Energy,https://www.suncor.com/-/media/project/suncor/files/news-releases/2025/2025-02-26-news-release-su-annual-report-2024-en.pdf?modified=20250226225619&created=20250225191815,"Suncor's Annual Information Form, Annual Report to Shareholders and Form 40-F, each dated February 26, 2025, Suncor's Report to Shareholders for the Fourth Quarter of 2024 dated February 5, 2024, and other documents it files from time to time with securities regulatory authorities describe the risks, uncertainties, material assumptions and other factors that could influence actual results and such factors are incorporated herein by reference.",False,0
Suncor Energy,https://www.suncor.com/-/media/project/suncor/files/news-releases/2024/2024-02-21-news-release-earnings-q4-2023-en.pdf?modified=20240613191935&created=20240221151728,"[ne increase was primarily driven by 41,800 bbls/d of bitumen transferred trom Fort Hills to upgrading at Oll Sands Base, taking advantage of the yield uplift trom Fort Hills barrels.",False,0
Suncor Energy,http://web.archive.org/web/20220704144436/https://sustainability-prd-cdn.suncor.com/-/media/project/suncor/files/news-releases/2015/2015-11-22-oil-sands-companies-demonstrate-leadership-on-climate-change-en.pdf?modified=20210902050845,This plan will make one of the world's largest oil-producing regions a leader in addressing the climate change challenge.',True,1
Pembina Pipeline,https://www.pembina.com/media-centre/news/details/c803d0d0-bc42-4ffe-906f-cc863aeef9c2,"Pembina will release its third quarter 2017 results on Thursday, November 2, 2017 after markets close.",False,0
Suncor Energy,http://web.archive.org/web/20221007085253/https://sustainability-prd-cdn.suncor.com/-/media/project/suncor/files/news-releases/2019/2019-07-24-nrsu-q2-en.pdf?modified=20220921202337,"Operating earnings were $1.253 billion ($0.80 per common share), compared to operating earnings of $1.190 billion ($0.73 per common share) in the prior year quarter, an increase of 10% per common share.",True,0
Imperial Oil,http://web.archive.org/web/20200904105518/https://news.imperialoil.ca/news-releases/news-releases/2020/Imperial-Provides-Kearl-Operational-Update/default.aspx,The company is pursuing a number of steps to try to mitigate the operational impacts.,True,0
Imperial Oil,https://news.imperialoil.ca/news-releases/news-releases/2018/Imperial-earns-196-million-in-the-second-quarter-of-2018/default.aspx,"Sales growth continues to be driven by optimization across the full Downstream value chain, and the expansion of Imperial's logistics capabilities.",True,0
Pembina Pipeline,https://www.pembina.com/media-centre/news/details/bb781ff9-aede-4811-b318-021a4513a8f3,"Pembina and PIC have executed 50/50 joint venture agreements (the ""Joint Venture"") that includes binding commercial terms in support of the Project and have formed a new entity, Canada Kuwait Petrochemical Corporation (""CKPC"").",True,0
Enbridge,https://www.enbridge.com/media-center/news/details?id=123813&lang=en,Investment Community Toll Free: (800) 481-2804,True,0
Enbridge,https://www.enbridge.com/media-center/news/details?id=123703&lang=en,"Maximize asset returns and deliver on the secured capital program, to drive cash flow growth through 2024;",True,0
Pembina Pipeline,https://www.pembina.com/media-centre/news/details/5de3f7c0-426e-47ee-8252-bef4fe252429,"Subject to regulatory approval, Pembina expects the 16"" and 24"" diameter pipelines to be in-service between late-2016 and mid-2017.",True,0
Suncor Energy,http://web.archive.org/web/20220621170116/https://sustainability-prd-cdn.suncor.com/-/media/project/suncor/files/news-releases/2015/2015-07-22-suncor-energy-to-release-second-quarter-2015-financial-results-en.pdf?modified=20210902050831,"Suncor Energy will release its second quarter financial results on July 29, 2015 before 8:00 p.m. MT (10:00 p.m. ET).",True,0
Canadian Natural Resources,https://www.cnrl.com/content/uploads/2023/12/1214-2024-Budget.pdf,"At  Jackfish  and  Kirby  North,  planned  turnarounds  are  targeted  to  occur  in  Q2/24  and  impact  quarterly average production by approximately 17,100 bbl/d.",True,0
Pembina Pipeline,https://www.pembina.com/media-centre/news/details/6013c21e-4389-49d8-8f53-023e19e8f84a,"For the first six months of 2013, revenue was $197.3 million compared to $160.6 million for the same period in 2012.",False,0
Pembina Pipeline,https://www.pembina.com/media-centre/news/details/8cbce48d-bac6-4f28-8f52-504298c5b54d,"In aggregate and including contracted volumes on the Vantage pipeline, Pembina has now secured 760 mbpd of crude oil, condensate and NGL through its recontracting efforts, the addition of new assets and its Phase I, II and III conventional pipeline expansions on its Peace and Northern Pipeline systems.",True,0
Suncor Energy,http://web.archive.org/web/20220621170110/https://sustainability-prd-cdn.suncor.com/-/media/project/suncor/files/news-releases/2016/2016-10-06-suncor-energy-closes-purchase-of-interest-in-rosebank-project-en.pdf?modified=20210902050923,"Suncor (30 per cent), OMV (U.K.) Limited (20 per cent) and DONG E&P (U.K.) Limited (10 per cent).",True,0
Enbridge,https://www.enbridge.com/media-center/news/details?id=123720&lang=en,"Enbridge Announces Redemption of Cumulative Redeemable Preference Shares, Series J",False,0
Canadian Natural Resources,https://www.cnrl.com/upload/media_element/1307/02/1105-q320-front-end.pdf,The  cost  of  the  repair  was  minor  and  is  included  within  the  Horizon maintenance budget.,True,0
Suncor Energy,http://web.archive.org/web/20221007085002/https://sustainability-prd-cdn.suncor.com/-/media/project/suncor/files/news-releases/2019/2019-12-17-pc-ev-completion-of-network-en.pdf?modified=20220921204604,"Canada's Electric Highway includes more than 50 stations from Victoria, B.C. to Stewiacke, N.S.",True,0
Enbridge,https://www.enbridge.com/media-center/news/details?id=123841&lang=en,Adjusted EBITDA in the fourth quarter of 2024 increased by $1.0 billion compared with the same period in 2023.,False,0
Suncor Energy,http://web.archive.org/web/20240518041803/https://sustainability-prd-cdn.suncor.com/-/media/project/suncor/files/news-releases/2024/2024-05-07-news-release-earnings-q1-2024-en.pdf?modified=20240507213212,"Certain financial measures referred to in this news release (adjusted funds from operations, adjusted operating earnings, free funds flow and net debt) are not prescribed by Canadian generally accepted accounting principles (GAAP).",True,0
Enbridge,https://www.enbridge.com/media-center/news/details?id=123753&lang=en,Gray Oak is competitively positioned to remain well-utilized as Permian Basin oil production grows.,True,0
Pembina Pipeline,https://www.pembina.com/media-centre/news/details/7caffff7-7c18-4ba4-999c-d684ebf06f08,"In some cases, forward-looking statements can be identified by terminology such as ""continue,"" ""anticipate,"" ""schedule,"" ""will,"" ""expects,"" ""estimate,"" ""potential,"" ""planned,"" ""future,"" ""outlook,"" ""strategy,"" ""protect,"" ""trend,"" ""commit,"" ""maintain,"" ""focus,"" ""ongoing,"" ""believe"" and similar expressions suggesting future events or future performance.",False,0
Suncor Energy,http://web.archive.org/web/20220704155007/https://sustainability-prd-cdn.suncor.com/-/media/project/suncor/files/news-releases/2016/2016-06-16-suncor-energy-ventures-holding-corporation-announces-any-and-all-debt-tender-offers-en.pdf?modified=20210902050909,Plus accrued and unpaid interest to but not including the applicable Payment Date.,True,0
Canadian Natural Resources,https://www.cnrl.com/content/uploads/2025/03/0306-Q424-Front-End.pdf,"For  the  year  ended  December  31,  2024,  the  Company  retained  IQREs,  Sproule  International  Limited  and  GLJ  Ltd.,  to evaluate  and  review  all  of  the  Company's  proved  and  proved  plus  probable  reserves.",False,0
Imperial Oil,http://web.archive.org/web/20211029124723/https://news.imperialoil.ca/news-releases/news-releases/2021/Imperial-announces-third-quarter-2021-financial-and-operating-results/default.aspx,"Imperial reported estimated net income in the third quarter of $908 million and cash flow from operating activities of $1,947 million, up from net income of $366 million and cash flow from operating activities of $852 million in the second quarter of 2021.",True,0
Pembina Pipeline,https://www.pembina.com/media-centre/news/details/c8f37bc6-7e6a-480b-8afd-c78c10c51abf,"The core of the Phase III Expansion will entail constructing a new 270 km 24 inch diameter pipeline from Fox Creek, Alberta to the Edmonton area, which is expected to have an initial capacity of 320 mbpd and an ultimate capacity of over 500 mbpd with the addition of midpoint pump stations.",False,0
Pembina Pipeline,https://www.pembina.com/media-centre/news/details/170bbbe6-045c-487d-934d-887e84fe0953,Pembina is well positioned with our assets situated on some of the best geological plays in the world that have very long resource life potential.,False,0
Pembina Pipeline,https://www.pembina.com/media-centre/news/details/a178b44c-c8d5-418e-8155-9f2dd5b80a37,The Phase III Expansion also contemplates increasing pipeline interconnectivity between Edmonton and Fort Saskatchewan including Pembina's Redwater and Heartland Hub sites as well as third-party delivery points in these areas.,False,0
Suncor Energy,http://web.archive.org/web/20221007084710/https://sustainability-prd-cdn.suncor.com/-/media/project/suncor/files/news-releases/2022/2022-05-09-earnings-q1-2022-news-release-en.pdf?modified=20220909193039,"'Safety and operational excellence are foundational to our business and we are continuing to implement changes to strengthen our accountability and performance in these areas,' said Little.",True,0
Imperial Oil,https://news.imperialoil.ca/news-releases/news-releases/2016/Imperial-provides-Kearl-operational-update/default.aspx,We continue to assess ways that Imperial can best support the community at this difficult time and the days ahead.,True,0
Pembina Pipeline,https://www.pembina.com/media-centre/news/details/d4c23268-6f5f-4030-a2e1-77e5200d9b4c,"These forward-looking statements are not guarantees of future performance and are subject to a number of known and unknown risks and uncertainties including, but not limited to: the regulatory environment and decisions; the impact of competitive entities and pricing; labour and material shortages; reliance on key relationships and agreements; the strength and operations of the oil and natural gas production industry and related commodity prices; non-performance or default by counterparties to agreements which Pembina or one or more of its affiliates has entered into in respect of its business; actions by governmental or regulatory authorities including changes in tax laws and treatment, changes in royalty rates or increased environmental regulation; the inability to meet the remaining conditions to completion of the Transaction, in a timely manner or at all; the failure to realize the anticipated benefits or synergies of the Transaction following closing due to the factors set out herein, integration issues or otherwise, fluctuations in operating results; adverse general economic and market conditions in Canada, North America and worldwide, including changes, or prolonged weaknesses, as applicable, in interest rates, foreign currency exchange rates, commodity prices, supply/demand trends and overall industry activity levels; ability to access various sources of debt and equity capital; changes in credit ratings; counterparty credit risk; technology and security risks; and certain other risks detailed from time to time in Pembina's public disclosure documents available at www.sedar.com, www.sec.gov and through Pembina's website at www.pembina.com.",False,0
Imperial Oil,https://news.imperialoil.ca/news-releases/news-releases/2019/Imperial-announces-third-quarter-2019-financial-and-operating-results/default.aspx,"The turnaround impacted the company’s share of gross production in the quarter by an estimated 15,000 barrels per day.",True,0
Pembina Pipeline,https://www.pembina.com/media-centre/news/details/1242b795-e802-428b-a563-dd1d2d989f60,"CALGARY, Alberta--(BUSINESS WIRE)--  Pembina Pipeline Corporation (""Pembina"" or the ""Company"") (TSX: PPL; NYSE: PBA) is pleased to announce that it has commenced a solicitation of written consents (the ""Consent Solicitation"") and proxies (the ""Proxy Solicitation"" and, together with the Consent Solicitation, the ""Solicitation"") from holders (the ""Series 1 Noteholders"") of Pembina's 4.80% Fixed-to-Fixed Rate Subordinated Notes, Series 1 due January 25, 2081 (the ""Series 1 Notes"").",False,0
Pembina Pipeline,https://www.pembina.com/media-centre/news/details/b5bb01d5-c77b-4e3d-a608-cce50ae24c98,Appointment of Auditors,True,0
Shell Canada,http://web.archive.org/web/20170911220512/http://www.shell.ca/en_ca/media/news-and-media-releases/news-releases-2015/world-of-science-edmonton-announce-partnership.html,All amounts shown throughout this Report are unaudited.,True,0
Canadian Natural Resources,https://www.cnrl.com/upload/media_element/1181/06/0802_q2-18-front-end.pdf,"Kirby North targets to add 40,000 bbl/d of SAGD production.",True,0
Pembina Pipeline,https://www.pembina.com/media-centre/news/details/a86f7b93-e454-448d-a241-988fa271db77,The decrease was primarily due to lower operating margin partially offset by lower tax expense and lower share-based compensation expense.,False,0
Pembina Pipeline,https://www.pembina.com/media-centre/news/details/c02d9b52-f34d-425f-a6ee-c2aeb21c05f2,"In particular, this news release contains forward-looking statements, relating to future dividends which may be declared on Pembina's common shares and preferred shares; the dividend payments and the tax treatment thereof; and the timing for release of the third quarter 2019 results.",False,0
Pembina Pipeline,https://www.pembina.com/media-centre/news/details/144c1e27-bdb4-4f34-bbc1-30c0995e1867,"In addition to this being a record-setting year for financial contributions, 91 percent of Pembina staff participated in the campaign and volunteered over 232 hours.",True,0
Pembina Pipeline,https://www.pembina.com/media-centre/news/details/9147ee99-cd5a-46c4-8968-690d6fbfa8e0,"These forward-looking statements are not guarantees of future performance and are subject to a number of known and unknown risks and uncertainties, including, but not limited to: non-performance of agreements in accordance with their terms; the impact of competitive entities and pricing; reliance on key industry partners, alliances and agreements; the levels of activity in the oil and natural gas production industry and related commodity prices; the continuation or completion of third-party projects; the regulatory environment and the ability to obtain required regulatory approvals; tax laws and treatment; fluctuations in operating results; the ability of Pembina to raise sufficient additional capital to complete future projects and satisfy future commitments; construction delays; labour and material shortages; and certain other risks detailed from time to time in Pembina's public disclosure documents including, among other things, those detailed under the heading ""Risk Factors"" in Pembina's management's discussion and analysis and annual information form for the year ended December 31, 2015, which can be found at www.sedar.com.",True,0
Pembina Pipeline,https://www.pembina.com/media-centre/news/details/33428551-5f17-4000-9569-0e8f41c6dfdf,Mr. Kerr currently serves on the Board of Directors of Laricina Energy Ltd. and is a member of the Management Advisory Council of the Haskayne School of Business at the University of Calgary.,False,0
Enbridge,https://www.enbridge.com/media-center/news/details?id=123833&lang=en,All three phases of the project are supported by 20-year-fixed-price power purchase agreements with Amazon.,False,0
Pembina Pipeline,https://www.pembina.com/media-centre/news/details/41be5692-5a04-4b8d-9300-dae8e885422a,"In particular, this news release contains forward-looking statements relating to: future dividends which may be declared on Pembina's common shares; and the timing and the amount of the dividend payments and the tax treatment thereof.",False,0
Enbridge,https://www.enbridge.com/media-center/news/details?id=123753&lang=en,Energy Services adjusted EBITDA increased $21 million compared with the fourth quarter of 2021.,True,0
Enbridge,https://www.enbridge.com/media-center/news/details?id=123816&lang=en,Renewable Power Generation,True,0
Pembina Pipeline,https://www.pembina.com/media-centre/news/details/7e65f674-7b47-4386-95d5-2c37fa2fbe83,Increased operating margin and a decreased change in non-cash working capital was offset by increased taxes paid in 2015.,False,0
Enbridge,https://www.enbridge.com/media-center/news/details?id=123777&lang=en,"Second quarter GAAP earnings of $1.8 billion or $0.91 per common share, compared with GAAP earnings of $0.5 billion or $0.22 per common share in 2022",False,0
Imperial Oil,http://web.archive.org/web/20210202131030/https://news.imperialoil.ca/news-releases/news-releases/2021/Imperial-announces-fourth-quarter-2020-financial-and-operating-results/default.aspx,"The per share dividend paid in 2020 was $0.88, up from $0.82 in 2019.",True,0
Imperial Oil,http://web.archive.org/web/20220311100009/https://news.imperialoil.ca/news-releases/news-releases/2022/Imperial-announces-2021-financial-and-operating-results/default.aspx,"The company’s average Canadian dollar realizations for synthetic crude increased generally in line with WTI, adjusted for changes in exchange rates and transportation costs.",True,0
Canadian Natural Resources,https://www.cnrl.com/content/uploads/2022/12/1130-2023-budget-and-new-ghg-emissions-reduction-target.pdf,"We are committed to supporting Canada's climate goals and continuing to reduce our environmental footprint with our aspirational goal of net zero greenhouse gas (""GHG"") emissions in the oil sands.",True,1
Suncor Energy,https://www.suncor.com/-/media/project/suncor/files/news-releases/2024/2024-03-07-nr-fort-mckay-first-nation-and-su-to-partner-on-prospective-os-dev-opportunity-en.pdf?modified=20240613191936&created=20240307180528,"'This potential opportunity, which has synergies with Suncor's existing operations, could provide Suncor with bitumen supply optionality post 2040.'",False,0
Suncor Energy,http://web.archive.org/web/20221007084710/https://sustainability-prd-cdn.suncor.com/-/media/project/suncor/files/news-releases/2022/2022-05-09-earnings-q1-2022-news-release-en.pdf?modified=20220909193039,"Impact of First-in, First-out (FIFO) Inventory Valuation on Refining and Marketing Net Earnings (Loss)",True,0
Enbridge,https://www.enbridge.com/media-center/news/details?id=123713&lang=en,The call will be audio webcast live at https://event.on24.com/wcc/r/3574327/A306812D7E85261DFF8D8810CF6EC1E4.,True,0
Canadian Natural Resources,https://www.cnrl.com/upload/media_element/1343/02/0506-q121-front-end.pdf,"Corporate  annual  liquids  production  is  targeted  to  be  strong  in  2021  ranging  from  920,000  bbl/d  to 980,000 bbl/d, an increase of approximately 32,000 bbl/d at the mid-point from 2020 levels.",True,0
Pembina Pipeline,https://www.pembina.com/media-centre/news/details/c1d26c53-2e5a-4a5a-82e2-d14c9d4f05c0,"The decrease in the fourth quarter was primarily driven by the change in non-cash working capital, higher taxes paid, and a decrease in payments collected through contract liabilities, partially offset by higher operating results.",True,0
Imperial Oil,https://news.imperialoil.ca/news-releases/news-releases/2018/Imperial-earns-196-million-in-the-second-quarter-of-2018/default.aspx,"Gross production of Cold Lake bitumen averaged 133,000 barrels per day in the second quarter, compared to 160,000 barrels per day in the same period last year.",True,0
Canadian Natural Resources,https://www.cnrl.com/content/uploads/2023/11/1102-Q323-Front-End.pdf,"International  E&P  crude  oil  production  volumes  averaged  24,719  bbl/d  in  Q3/23,  comparable  to  Q3/22  levels.",True,0
Suncor Energy,http://web.archive.org/web/20220621170123/https://sustainability-prd-cdn.suncor.com/-/media/project/suncor/files/news-releases/2012/2012-01-31-suncor-energy-reports-2011-fourth-quarter-results-en.pdf?modified=20210902050651,Cash flow from operations and ROCE are reconciled in the NonGAAP Financial Measures Advisory section of the Q4 Report.,True,0
Canadian Natural Resources,https://www.cnrl.com/content/uploads/2025/05/0508-Q125-Front-End.pdf,"Canadian  Natural  continues  to  focus  on  safe,  effective  and  efficient  operations  delivering  record  quarterly  average production  in  Q1/25  of  1,582,348  BOE/d,  consisting  of  record  total  liquids  production  of  1,173,804  bbl/d  and  record natural gas production of 2,451 MMcf/d.",False,0
Pembina Pipeline,https://www.pembina.com/media-centre/news/details/33debf84-3a1f-497a-9fba-438be44f3952,Higher margins on NGL and crude oil sales and the positive impact of higher marketed NGL volumes were offset by an increase in the realized loss on commodity-related derivatives.,False,0
Canadian Natural Resources,https://www.cnrl.com/content/uploads/2023/05/0504-Q123-Front-End.pdf,"The narrowing of the WCS heavy differential to-date in 2023 relative to Q4/22 and the early part of Q1/23 reflects the completion of the US Strategic Petroleum Reserve (""SPR"") releases and the return of certain refineries in the US Midwest, strengthening margins on the Company's heavy crude oil production.",True,0
Suncor Energy,https://www.suncor.com/-/media/project/suncor/files/news-releases/2025/2025-11-04-news-release-suncor-energy-increases-dividend-en.pdf?modified=20251104214157&created=20251104213241,"The dividend will be payable December 24, 2025 to shareholders of record at the close of business on December 3, 2025.",False,0
Pembina Pipeline,https://www.pembina.com/media-centre/news/details/c8f37bc6-7e6a-480b-8afd-c78c10c51abf,"A reduction in the current ratings on Pembina's debt by its rating agencies, particularly a downgrade below investment grade ratings, could adversely affect Pembina's cost of financing and its access to sources of liquidity and capital.",True,0
Suncor Energy,http://web.archive.org/web/20221007083429/https://sustainability-prd-cdn.suncor.com/-/media/project/suncor/files/news-releases/2020/2020-06-02-nr-su-lanzajet-release-en.pdf?modified=20220917161938,ANA is the only Japanese airline to win this prestigious designation eight years in a row.,True,0
Enbridge,https://www.enbridge.com/media-center/news/details?id=123816&lang=en,"The Tennessee Ridgeline Expansion project is an expansion of the East Tennessee Natural Gas (""ETNG"") system which will provide additional natural gas for the Tennessee Valley Authority (TVA) to support the replacement of an existing coal-fired power plant as it continues to transition its generation mix towards lower-carbon fuels.",True,1
Pembina Pipeline,https://www.pembina.com/media-centre/news/details/f95387cc-3cdd-44c2-86fd-76b0eefbe7a7,This view is informed by the following:,False,0
Pembina Pipeline,https://www.pembina.com/media-centre/news/details/7e65f674-7b47-4386-95d5-2c37fa2fbe83,Annual and Fourth Quarter 2015 Conference Call & Webcast,False,0
Pembina Pipeline,https://www.pembina.com/media-centre/news/details/dfec1452-af06-4665-970a-d78f6fe2c154,"Series 1, 3, 5, 7, 9, 11, 13 and 21 preferred share dividends are payable on March 1, 2021 to shareholders of record on February 1, 2021.",False,0
Pembina Pipeline,https://www.pembina.com/media-centre/news/details/fa8f1d4a-3f24-4e91-b435-4a123e88749f,"The CDH is designed to augment Pembina's existing diluent handling facilities in the Fort Saskatchewan area which includes approximately 20,000 bpd of rail import capacity, 500,000 barrels of underground diluent storage and approximately 180,000 bpd of existing delivery capacity to third-party diluent delivery pipelines.",False,0
Enbridge,https://www.enbridge.com/media-center/news/details?id=123769&lang=en,Texas Eastern Open Season,False,0
Pembina Pipeline,https://www.pembina.com/media-centre/news/details/c8f37bc6-7e6a-480b-8afd-c78c10c51abf,Pembina expects the expansions detailed below to bring the Company's Gas Services processing capacity to approximately 1.2 bcf/d (net) by the end of 2015 which includes ethane-plus extraction capacity of approximately 735 MMcf/d (net).,True,0
Pembina Pipeline,https://www.pembina.com/media-centre/news/details/bd4f74ad-0bf8-4e2a-a0ba-2df4ec67c207,"The Series 7 Shares are issued in ""book entry only"" form and, as such, the sole registered holder of the Series 7 Shares is the Canadian Depositary for Securities Limited (""CDS"").",True,0
Pembina Pipeline,https://www.pembina.com/media-centre/news/details/169b5bb8-3951-47e3-8ceb-dd196bfc83cf,"The net proceeds of the Offering will be held in escrow and are expected to be used by Pembina to fund a portion of the purchase price of Pembina's previously announced acquisition of all of the interests of Enbridge Inc. in the Alliance, Aux Sable and NRGreen joint ventures (the ""Acquisition"").",True,0
Canadian Natural Resources,https://www.cnrl.com/upload/media_element/1321/02/0309-ncib.pdf,"CANADIAN NATURAL RESOURCES LIMITED ANNOUNCES NORMAL COURSE ISSUER BID CALGARY, ALBERTA - MARCH 9, 2021 - FOR IMMEDIATE RELEASE",True,0
Pembina Pipeline,https://www.pembina.com/media-centre/news/details/7e65f674-7b47-4386-95d5-2c37fa2fbe83,"Underpinned by a long-term fixed return agreement and a long-term NGL mix purchase and sale agreement related to RFS III, the terminalling services include truck and rail loading, storage, as well as handling and processing equipment for a variety of products delivered from North West.",True,0
Suncor Energy,http://web.archive.org/web/20221007095422/https://sustainability-prd-cdn.suncor.com/-/media/project/suncor/files/news-releases/2021/2021_03_18_nr_su_svante_en.pdf?modified=20220907174531,We are excited to become both an investor in and a collaborative partner with the company.',True,0
Pembina Pipeline,https://www.pembina.com/media-centre/news/details/c8f37bc6-7e6a-480b-8afd-c78c10c51abf,The current longevities underlying the values of the liabilities in the defined plans are as follows:,False,0
Imperial Oil,https://news.imperialoil.ca/news-releases/news-releases/2020/Imperial-announces-change-to-virtual-annual-meeting-of-shareholders/default.aspx,Step 2: Follow these instructions: For registered shareholders: Click “I have a Control Number” Enter the control number located on your proxy form Enter the password “imperial2020” (case sensitive),True,0
Suncor Energy,http://web.archive.org/web/20240502092352/https://sustainability-prd-cdn.suncor.com/-/media/project/suncor/files/news-releases/2024/2024-04-30-media-advisory-suncor-energy-q1-earnings-and-agm-en.pdf?modified=20240430210119,"Calgary, Alberta (April 30, 2024) -",True,0
Pembina Pipeline,https://www.pembina.com/media-centre/news/details/af2415eb-3e55-48a0-b4b3-2ccfa050682c,"Redwater West also includes NGL production from the Younger NGL extraction and fractionation plant (Taylor, B.C.) that provides specification NGL to B.C. markets.",False,0
Imperial Oil,https://news.imperialoil.ca/news-releases/news-releases/2020/Imperial-announces-change-to-virtual-annual-meeting-of-shareholders/default.aspx,"This includes registered shareholders who have duly appointed another person as proxyholder, and non-registered (beneficial) shareholders who have duly appointed themselves or another person as proxyholder.",True,0
Suncor Energy,http://web.archive.org/web/20220703203553/https://sustainability-prd-cdn.suncor.com/-/media/project/suncor/files/news-releases/2011/2011-11-08-suncor-energy-announces-2012-capital-spending-plan-and-production-outlook-en.pdf?modified=20210902050642,"Suncor Energy Inc. released its 2012 guidance today, which includes $7.5 billion in capital spending and planned average production of 530,000 to 580,000 barrels per day.",True,0
Canadian Natural Resources,https://www.cnrl.com/content/uploads/2024/02/0229-Q423-Front-End.pdf,"The  increase  in  thermal  in  situ  production  is  driven  by  strong  execution  on  the  Company's  strategic development plan, including capital efficient pad additions at Primrose and Kirby in 2023, partially offset by natural field declines.",True,0
Canadian Natural Resources,https://www.cnrl.com/content/uploads/2023/05/0504-Q123-Front-End.pdf,"As previously announced, the Company made an early repayment in Q4/22 of US$1.0 billion of 2.95% debt securities, originally due January 15, 2023.",True,0
Suncor Energy,http://web.archive.org/web/20240602110529/https://sustainability-prd-cdn.suncor.com/-/media/project/suncor/files/news-releases/2024/2024-03-21-news-release-su-annual-report-2023-en.pdf?modified=20240522152716,"For more information about Suncor, visit our website at Suncor.com.",True,0
Canadian Natural Resources,https://www.cnrl.com/content/uploads/2025/03/0306-Q424-Front-End.pdf,"Canadian Natural drilled a total of 79 net natural gas wells in 2024, 12 fewer than originally budgeted, as a result of the Company's strategic decision to reduce dry natural gas activity due to low natural gas prices.",False,0
Pembina Pipeline,https://www.pembina.com/media-centre/news/details/8a6b1458-d83a-4ae5-b6b2-be24c3a3e402,"For the fifth year in a row, Pembina Pipeline Corporation (""Pembina"" or the ""Company"") (TSX: PPL; NYSE: PBA) has committed to supporting local volunteer fire departments in the Company's operating communities by providing them with much-needed funds through Pembina's Fire Prevention Project.",False,0
Pembina Pipeline,https://www.pembina.com/media-centre/news/details/9a94bfed-f167-4c66-b11e-f553a73ad88e,technology and cyber security risks; natural catastrophes; and certain other risks detailed in Pembina's,False,0
Pembina Pipeline,https://www.pembina.com/media-centre/news/details/9a94bfed-f167-4c66-b11e-f553a73ad88e,To access the,True,0
Canadian Natural Resources,https://www.cnrl.com/content/uploads/2024/10/1007-Chevron-Canada-Acquisition.pdf,UPDATE TO FREE CASH FLOW POLICY,False,0
Pembina Pipeline,https://www.pembina.com/media-centre/news/details/af2415eb-3e55-48a0-b4b3-2ccfa050682c,Pembina conducts regular reviews and audits to assess compliance with legislation and company policy.,True,0
Pembina Pipeline,https://www.pembina.com/media-centre/news/details/7fe114ff-c1ed-45cb-a122-032bd7530df6,"All preferred share dividends are payable on March 1, 2017 to shareholders of record on February 1, 2017.",False,0
Shell Canada,http://web.archive.org/web/20170911222832/http://www.shell.ca/en_ca/media/news-and-media-releases/news-releases-2013/flood-update-sunday-june-23.html,"If you are an impacted employee, assistance from the following contact points have been made available to you:",True,0
Pembina Pipeline,https://www.pembina.com/media-centre/news/details/6013c21e-4389-49d8-8f53-023e19e8f84a,"For depreciation and amortization included in operations during the second quarter, Conventional Pipelines recovered $2.1 million due to a re-measurement of the decommissioning provision in excess of the carrying amount of the related asset.",False,0
Pembina Pipeline,https://www.pembina.com/media-centre/news/details/60a97c1d-4e25-48b0-be91-cf80ec73166d,"The Canadian energy industry is not egress constrained for the first time in many years and additional third-party egress in the form of Trans Mountain Pipeline expansion, LNG Canada, and Enbridge's Line 3 Replacement should improve relative pricing for Canadian hydrocarbons, support future growth in the WCSB and provide new opportunities for Pembina.",False,0
Pembina Pipeline,https://www.pembina.com/media-centre/news/details/6013c21e-4389-49d8-8f53-023e19e8f84a,"Pembina Pipeline Corporation (""Pembina"" or the ""Company"") is an energy transportation and service provider domiciled in Canada.",True,0
Enbridge,https://www.enbridge.com/media-center/news/details?id=123699&lang=en,"However, it was also evident from extensive industry input that there was no consensus on what a new commercial structure should look like – some favoured contracting, while others opposed it altogether, preferring to maintain the status-quo, a monthly nominations process and a fixed toll.",True,0
Enbridge,https://www.enbridge.com/media-center/news/details?id=123789&lang=en,Enbridge Announces Conversion Results for Series N Preferred Shares,False,0
Enbridge,https://www.enbridge.com/media-center/news/details?id=123753&lang=en,higher maintenance capital spend across the organization;,False,0
Pembina Pipeline,https://www.pembina.com/media-centre/news/details/fa8f1d4a-3f24-4e91-b435-4a123e88749f,"As part of the Transaction, Pembina also acquired pipeline infrastructure from Mistral and Mistral's interest in SEEP, an under construction, 60 MMcf/d deep cut gas processing facility that is centrally located to service the southeast Saskatchewan Bakken region.",False,0
Imperial Oil,http://web.archive.org/web/20220311100009/https://news.imperialoil.ca/news-releases/news-releases/2022/Imperial-announces-2021-financial-and-operating-results/default.aspx,"Chemical fourth quarter net income was $64 million with full-year net income of $361 million, the highest full-year net income in over 30 years.",True,0
Imperial Oil,http://web.archive.org/web/20210730120849/https://news.imperialoil.ca/news-releases/news-releases/2021/Imperial-Announces-Second-Quarter-2021-Financial-and-Operating-Results/default.aspx,"Corporate and other expenses were $50 million in the second quarter, compared to $57 million in the same period of 2020.",True,0
Enbridge,https://www.enbridge.com/media-center/news/details?id=123833&lang=en,Going forward PSNC will conduct business as Enbridge Gas North Carolina.,False,0
Pembina Pipeline,https://www.pembina.com/media-centre/news/details/45280c09-e9d8-4a89-8633-f40a5a91d089,"For the six months ended June 30, 2014, depreciation and amortization included in operations was $103 million compared to $74 million in the first half of 2013 for the same reasons noted above.",True,0
Pembina Pipeline,https://www.pembina.com/media-centre/news/details/af2415eb-3e55-48a0-b4b3-2ccfa050682c,"Pembina's CEO and CFO have evaluated the design and operational effectiveness of such controls as at December 31, 2012.",False,0
Suncor Energy,http://web.archive.org/web/20220704151000/https://sustainability-prd-cdn.suncor.com/-/media/project/suncor/files/news-releases/2014/2014-07-08-ge-suncor-energy-new-investments-toward-environmental-performance-albertas-oil-sands-en.pdf?modified=20210902050806,"'We have a world-class resource in Canada's oil sands that will supply energy for decades to come,' said Steve Williams, Suncor president and chief executive officer.",True,0
Shell Canada,http://web.archive.org/web/20191207033823/https://www.shell.ca/en_ca/media/news-and-media-releases/news-releases-2013/winners-of-shell-canada-and-canadian-geographics-classroom-energy.html,"It tells us that schools see value in content about where energy comes from, how it’s used and the issues we face managing our resources.”",True,0
Pembina Pipeline,https://www.pembina.com/media-centre/news/details/6f2b54ba-3ce3-4d93-83b1-e2256f1103de,"""The receipt of our EAC is the culmination of more than a decade of work by the Haisla Nation and marks a significant milestone for the Cedar LNG project and the Haisla Nation's journey towards economic self-determination,"" said Crystal Smith, Chief Councillor for Haisla Nation.",True,0
Pembina Pipeline,https://www.pembina.com/media-centre/news/details/54141db2-ec5d-48ba-bc96-ce84c2fe37cd,Any forward-looking information contained herein is expressly qualified by this cautionary statement.,False,0
Imperial Oil,http://web.archive.org/web/20210430124304/https://news.imperialoil.ca/news-releases/news-releases/2021/Imperial-announces-first-quarter-2021-financial-and-operating-results/default.aspx,"Corporate and other expenses were $46 million in the first quarter, up from $3 million in the same period of 2020, mainly due to higher share-based compensation costs.",True,0
Enbridge,https://www.enbridge.com/media-center/news/details?id=123610&lang=en,"For more information, visit www.next-decade.com.",True,0
Enbridge,https://www.enbridge.com/media-center/news/details?id=123730&lang=en,"The partners will jointly participate in project's execution and governance of ongoing operations, while Pacific Energy retains responsibility for daily operations.",False,0
Canadian Natural Resources,https://www.cnrl.com/content/uploads/2023/03/0302-Q422-Front-End.pdf,"Canadian  Natural's  diverse  portfolio  is  supported  by  long  life  low  decline  assets  which  have  low  risk,  high  value reserves  that  require  low  maintenance  capital.",True,0
Suncor Energy,http://web.archive.org/web/20220704151739/https://sustainability-prd-cdn.suncor.com/-/media/project/suncor/files/news-releases/2017/2017-07-26-suncor-energy-reports-second-quarter-2017-results-en.pdf?modified=20210902050953,Funds from operations were $1.627 billion ($0.98 per common share) compared to $916 million ($0.58 per common share) in the second quarter of 2016 and were impacted by the same factors noted in operating earnings above.,True,0
Pembina Pipeline,https://www.pembina.com/media-centre/news/details/00b83e75-6acd-4ceb-b4b9-400435a7f5fe,"CALGARY, Alberta--(BUSINESS WIRE)--  Pembina Pipeline Corporation (""Pembina"" or the ""Company"") (TSX: PPL; NYSE: PBA) announced today that its Board of Directors has declared quarterly dividends for the Company's preferred shares, Series 1, 3, 5, 7, 9, 15, 17, 19, 21, 22 and 25.",False,0
Enbridge,https://www.enbridge.com/media-center/news/details?id=123687&lang=en,"This is primarily driven by rebounding demand for energy as economies continue to recover from the impacts of the COVID-19 pandemic offset by weaker contributions from Energy Services and the impacts of a weaker USD, which negatively impacts the translation of the Company's USD denominated EBITDA.",False,0
Pembina Pipeline,https://www.pembina.com/media-centre/news/details/7e65f674-7b47-4386-95d5-2c37fa2fbe83,"""Given this market volatility, it is important that I reiterate our goals at Pembina have not changed and we remain focused on doing the important things right, which includes operating our business safely and reliably, successfully executing on our growth plans, working to achieve our cost savings goal of $225 million and taking a prudent approach to maintaining and growing shareholder value.",True,0
Enbridge,https://www.enbridge.com/media-center/news/details?id=123787&lang=en,We are currently holding an open season on Algonquin which will provide much needed supply in New England and will help to stabilize energy prices.,True,0
Pembina Pipeline,https://www.pembina.com/media-centre/news/details/6013c21e-4389-49d8-8f53-023e19e8f84a,4. ACQUISITION,False,0
Pembina Pipeline,https://www.pembina.com/media-centre/news/details/c23badf6-e264-4288-a177-fc1aa20c470d,"Cedar LNG will be the largest First Nation-owned infrastructure project in Canada and by utilizing renewable power as its primary energy source, will have one of the cleanest environmental profiles of any LNG facility in the world.",True,1
Imperial Oil,https://news.imperialoil.ca/news-releases/news-releases/2016/Imperial-reports-101-million-loss-in-first-quarter-of-2016/default.aspx,"Downstream net income was $320 million in the first quarter, compared to $565 million in the same period of 2015.",True,0
Pembina Pipeline,https://www.pembina.com/media-centre/news/details/a7c7b03d-ee49-43f7-9635-72cb51580043,Pembina Announces CEO Leadership Transition,True,0
Enbridge,https://www.enbridge.com/media-center/news/details?id=123831&lang=en,"Enbridge employs intelligent automation for pipeline integrity, using AI to identify potential maintenance needs.",False,0
Pembina Pipeline,https://www.pembina.com/media-centre/news/details/4ee3f666-c5a5-4e7a-979b-4cc1d5202b5e,"PIC is a subsidiary of Kuwait Petroleum Corporation and a producer of ammonia, urea fertilizer and polypropylene in Kuwait.",False,0
Pembina Pipeline,https://www.pembina.com/media-centre/news/details/39c8ef3f-343e-43f1-94ff-cbcfe79511e5,"CALGARY, Jan. 28, 2013 /CNW/ - Pembina Pipeline Corporation understands that by supporting organizations that improve access to education, they are able to enhance the quality of life in the communities where they operate.",False,0
Suncor Energy,http://web.archive.org/web/20220701100108/https://sustainability-prd-cdn.suncor.com/-/media/project/suncor/files/news-releases/2022/2022-02-02-nr-su-q4-2021-en.pdf?modified=20220203002122,"Beginning in the first quarter of 2021, the company has revised its calculation of adjusted operating earnings (loss), a non-GAAP financial measure, to exclude unrealized (gains) losses on derivative financial instruments that are recorded at fair value in other income (loss) to better align the earnings impact of the activity with the underlying items being risk-managed.",True,0
Pembina Pipeline,https://www.pembina.com/media-centre/news/details/b1a1d572-37c7-4cb7-95b0-fdb9e1867bd2,Executive Commentary,True,0
Enbridge,https://www.enbridge.com/media-center/news/details?id=123705&lang=en,"CALGARY, AB, Dec. 31, 2021 /CNW/ - Enbridge Inc. (TSX: ENB) (NYSE: ENB) (Enbridge or the Company) announced today that the Toronto Stock Exchange (TSX) has approved the Company's normal course issuer bid (NCIB) to purchase, for cancellation, up to 31,062,331 of its outstanding common shares to an aggregate amount of up to $1.5 billion.",False,0
Imperial Oil,http://web.archive.org/web/20220311100009/https://news.imperialoil.ca/news-releases/news-releases/2022/Imperial-announces-2021-financial-and-operating-results/default.aspx,"Petroleum product sales in the quarter averaged 496,000 barrels per day, reflecting continued recovery in demand for fuel products.",True,0
Enbridge,https://www.enbridge.com/media-center/news/details?id=123799&lang=en,Reaffirmed 2024 full year financial guidance for EBITDA and DCF.,False,0
Canadian Natural Resources,https://www.cnrl.com/content/uploads/2024/07/0801-Q224-Front-End.pdf,"This document includes reterences to non-GAAP measures, which include non-GAAP ana other Tinancial measures as detined in National Instrument 52-112 — Non-GAAP ana Other Financial Measures Disclosure.",False,0
Suncor Energy,http://web.archive.org/web/20220704142203/https://sustainability-prd-cdn.suncor.com/-/media/project/suncor/files/news-releases/2015/2015-02-04-suncor-energy-reports-fourth-quarter-2014-results-en.pdf?modified=20210902050824,Media inquiries: Investor inquiries: 403-296-4000 800-558-9071 media@suncor.com,True,0
Pembina Pipeline,https://www.pembina.com/media-centre/news/details/c8f37bc6-7e6a-480b-8afd-c78c10c51abf,"Pembina Pipeline Corporation (""Pembina"" or the ""Company"") is an energy transportation and service provider domiciled in Canada.",False,0
Pembina Pipeline,https://www.pembina.com/media-centre/news/details/91d81e34-6d29-4160-851e-3e5a91746d4e,Pembina expects net proceeds of $1.07 billion upon closing of the Offering.,False,0
Imperial Oil,https://news.imperialoil.ca/news-releases/news-releases/2022/Imperial-announces-terms-of-its-substantial-issuer-bid-for-up-to-2500000000/default.aspx,The modified Dutch auction procedure will have a tender price range from $62.00 per Share to $78.00 per Share.,True,0
Pembina Pipeline,https://www.pembina.com/media-centre/news/details/af2415eb-3e55-48a0-b4b3-2ccfa050682c,"Operating margin for Pembina's NGL midstream activities was $74.8 million for the fourth quarter and $156.4 million year-to-date since the closing of the Acquisition, including a $5.8 million year-to-date realized loss on commodity-related derivative financial instruments (see ""Market Risk Management Program"").",True,0
Canadian Natural Resources,https://www.cnrl.com/upload/media_element/1213/03/0307_q418-front-end.pdf,"In Q4/18, the Gabonese Republic approved cessation of production from the Company's Olowi field, as well as the terms of termination of the Olowi Production Sharing Contract and the surrender of the permit area back to the Gabonese Republic.",True,0
Pembina Pipeline,https://www.pembina.com/media-centre/news/details/d2183014-93bd-4440-9303-8455b2d13574,"Furthermore, this transaction builds on a long-term track record of driving significant shareholder value through acquisitions.""",True,0
Pembina Pipeline,https://www.pembina.com/media-centre/news/details/d4c23268-6f5f-4030-a2e1-77e5200d9b4c,"""Thanks to the newly in-service assets, we've set a revenue volume record in our Conventional Pipelines business on a quarterly and year-to-date basis, which have contributed to reaching new financial records including adjusted EBITDA, adjusted cash flow from operating activities and adjusted cash flow from operating activities per share,"" continued Mr. Dilger.",True,0
Imperial Oil,https://news.imperialoil.ca/news-releases/news-releases/2018/Imperial-earns-196-million-in-the-second-quarter-of-2018/default.aspx,"The company continued to progress activities to enhance future operations, including construction to add supplemental crushing capacity at Kearl and scaled application of new solvent technology at Cold Lake.",True,0
Canadian Natural Resources,https://www.cnrl.com/content/uploads/2022/12/1130-2023-budget-and-new-ghg-emissions-reduction-target.pdf,Setting  a  target  based  on  absolute  emissions  is  important  to  support  Canada's  overall environmental goals and demonstrates we are committed to reducing our overall carbon footprint.,True,1
Suncor Energy,http://web.archive.org/web/20220704142203/https://sustainability-prd-cdn.suncor.com/-/media/project/suncor/files/news-releases/2015/2015-02-04-suncor-energy-reports-fourth-quarter-2014-results-en.pdf?modified=20210902050824,"Suncor's share of Syncrude production decreased to 35,100 bbls/d in the fourth quarter of 2014 from 36,900 bbls/d in the prior year quarter, primarily due to unplanned maintenance.",True,0
Canadian Natural Resources,https://www.cnrl.com/content/uploads/media_element/1209/04/1205_2019-budget.pdf,"In the event that pricing differentials improve and the Company has greater clarity around market access, additional capital could potentially be invested.",True,0
Pembina Pipeline,https://www.pembina.com/media-centre/news/details/c8f37bc6-7e6a-480b-8afd-c78c10c51abf,"For more information about the Company's exposure to interest rate, foreign currency and liquidity risk, see financial instruments and financial risk management Note 22.",True,0
Pembina Pipeline,https://www.pembina.com/media-centre/news/details/03639b47-c5dc-4662-9ff5-b0e0f2b18366,"Pembina and its management believe that the prospective financial information has been prepared on a reasonable basis, reflecting management's best estimates and judgments, and represents, to the best of management's knowledge and opinion, Pembina's expected course of action.",False,0
Enbridge,https://www.enbridge.com/media-center/news/details?id=123674&lang=en,several other smaller projects in Liquids Pipelines and Gas Transmission and Midstream.,True,0
Canadian Natural Resources,https://www.cnrl.com/content/uploads/2025/03/0306-Q424-Front-End.pdf,"-Annual thermal in situ operating costs were strong, averaging $11.04/bbl (US$8.06/bbl) in 2024, a decrease of 16% from 2023 levels.",False,0
Imperial Oil,http://web.archive.org/web/20210826044201/https://news.imperialoil.ca/news-releases/news-releases/2021/Imperial-to-produce-renewable-diesel-at-Strathcona-refinery/default.aspx,"“Imperial is excited to announce our plan to build the largest renewable diesel manufacturing facility in Canada,” said Brad Corson, Imperial chairman, president and chief executive officer.",True,1
Pembina Pipeline,https://www.pembina.com/media-centre/news/details/dfd2341e-0ee8-4d1d-a2b5-4a61975fdb9d,"Series 1, 3, 5, 7, 9, 11, 13 and 21 preferred share dividends are payable on December 3, 2018 to shareholders of record on November 1, 2018.",True,0
Shell Canada,http://web.archive.org/web/20170913003749/http://www.shell.ca/en_ca/media/news-and-media-releases/news-releases-2014/vip-jet-service.html,This service combines VIP treatment and first-class Fixed Based Operator (FBO) facilities with Shell Aviation’s operational excellence and reliability.,True,0
Pembina Pipeline,https://www.pembina.com/media-centre/news/details/faef119e-98d6-4ebc-b567-602c5080551e,"The Phase 2 LVP Expansion is expected to accommodate increased producer crude oil and condensate volumes arising from strong drilling results in the Dawson Creek, Grande Prairie and Kaybob/Fox Creek areas of Alberta.",False,0
Pembina Pipeline,https://www.pembina.com/media-centre/news/details/c8f37bc6-7e6a-480b-8afd-c78c10c51abf,"The cost of replacing a part of an item of property, plant and equipment is recognized in the carrying amount of the item if it is probable that the future economic benefits embodied within the part will flow to the Company, and its cost can be measured reliably.",True,0
Suncor Energy,https://www.suncor.com/-/media/project/suncor/files/news-releases/2024/2024-10-02-news-release-suncor-announces-early-tender-results-and-increase-of-tender-offers-en.pdf?modified=20241003050621&created=20241003045637,"Because the Pool 1 Notes validly tendered and not validly withdrawn prior to or at the Early Tender Date have an aggregate principal amount that is expected to exceed the Pool 1 Maximum Amount, Suncor does not expect to accept for purchase all Pool 1 Notes that have been validly tendered and not validly withdrawn prior to or at the Early Tender Date.",False,0
Enbridge,https://www.enbridge.com/media-center/news/details?id=123730&lang=en,About Woodfibre LNG,True,0
Enbridge,https://www.enbridge.com/media-center/news/details?id=123833&lang=en,"Sanctioned the 815 MW Sequoia Solar project in Texas, a US$1.1 billion development substantially underpinned by long-term power purchase agreements with AT&T and Toyota",False,0
Canadian Natural Resources,https://www.cnrl.com/content/uploads/2024/02/0229-Q423-Front-End.pdf,"In the past three years, we have reduced our net debt by over $11 billion and delivered approximately $21.5 billion directly to shareholders through $11.0 billion in dividends and $10.5 billion in share repurchases.",True,0
Pembina Pipeline,https://www.pembina.com/media-centre/news/details/f95387cc-3cdd-44c2-86fd-76b0eefbe7a7,"Pembina acknowledges the need to contribute to reducing global emissions, part of the 'E' in ESG.",False,1
Enbridge,https://www.enbridge.com/media-center/news/details?id=123740&lang=en,"""This expansion illustrates the immense strategic importance of our B.C. natural gas system in supplying regional and global energy demand with low-emission natural gas,"" said Cynthia Hansen, Executive Vice President and President of Gas Transmission and Midstream at Enbridge.",True,1
Canadian Natural Resources,https://www.cnrl.com/upload/media_element/1191/01/0719_aosp-1-billion-barrel-milestone.pdf,"Canadian Natural's President Tim McKay stated, 'This is a significant milestone and demonstrates the size and scale of Canada's oil sands mining operations.",True,0
Suncor Energy,http://web.archive.org/web/20221007084834/https://sustainability-prd-cdn.suncor.com/-/media/project/suncor/files/news-releases/2021/2021_05_03_nr_su_q1_2021_en.pdf?modified=20220907174546,"The source of cash in the first quarter of 2021 was primarily due to an increase in accounts payable and accrued liabilities, including a restructuring charge associated with the continuation of the company's workforce reductions, partially offset by an increase in accounts receivable and inventory due to an increase in commodity prices through the quarter.",True,0
Pembina Pipeline,https://www.pembina.com/media-centre/news/details/1027733a-8392-4590-a2a1-e7b7cec5d1c4,Pembina Pipeline Corporation Hosting Annual Investor Day,True,0
Suncor Energy,http://web.archive.org/web/20221007082611/https://sustainability-prd-cdn.suncor.com/-/media/project/suncor/files/news-releases/2020/2020-03-23-nr-su-revises-guidance-en.pdf?modified=20220917160430,"To limit the risk and transmission of COVID-19, only location essential personnel are working at Suncor sites and offices.",True,0
Pembina Pipeline,https://www.pembina.com/media-centre/news/details/b331ea3e-c273-44b7-8227-b29860961435,Capital Spending Summary,True,0
Enbridge,https://www.enbridge.com/media-center/news/details?id=123815&lang=en,Diversity & Inclusion,False,0
Pembina Pipeline,https://www.pembina.com/media-centre/news/details/9f94b0da-387a-4825-a200-5996b1ebd0ce,"For shareholders receiving their common share dividends in U.S. funds, the May 2016 cash dividend is expected to be approximately U.S. $0.1245 per share (before deduction of any applicable Canadian withholding tax) based on a currency exchange rate of 0.7780.",False,0
Pembina Pipeline,https://www.pembina.com/media-centre/news/details/af2415eb-3e55-48a0-b4b3-2ccfa050682c,iii) Other long-term employee benefits,False,0
Pembina Pipeline,https://www.pembina.com/media-centre/news/details/594f5ca5-4b51-49f2-97cb-675b4a7668e1,"The non-GAAP financial measures and ratios disclosed in this news release do not have any standardized meaning under International Financial Reporting Standards (""IFRS"") and may not be comparable to similar financial measures or ratios disclosed by other issuers.",True,0
Suncor Energy,http://web.archive.org/web/20220703201845/https://sustainability-prd-cdn.suncor.com/-/media/project/suncor/files/news-releases/2013/2013-02-05-suncor-energy-reports-2012-fourth-quarter-results-en.pdf?modified=20210902050721,"For further details regarding Suncor's 2013 revised corporate guidance, including certain outlook assumptions and other information, see www.suncor.com/guidance.",True,0
Imperial Oil,https://news.imperialoil.ca/news-releases/news-releases/2024/Imperial-announces-third-quarter-2024-financial-and-operating-results/default.aspx,"The program will end should the company purchase the maximum allowable number of shares or otherwise on June 28, 2025.",False,0
Enbridge,https://www.enbridge.com/media-center/news/details?id=123703&lang=en,"Enbridge's forward-looking statements are subject to risks and uncertainties pertaining to the realization of anticipated benefits and synergies of projects and transactions, successful execution of our strategic plan and priorities, operating performance, the Company's dividend policy, regulatory parameters, changes in regulations applicable to the Company's business, litigation, acquisitions and dispositions and other transactions, project approval and support, renewals of rights-of-way, weather, economic and competitive conditions, public opinion, changes in tax laws and tax rates, changes in trade agreements, political decisions, exchange rates, interest rates, commodity prices, supply of and demand for commodities, and the COVID-19 pandemic, including but not limited to those risks and uncertainties discussed in this and in the Company's other filings with Canadian and United States securities regulators.",False,0
Pembina Pipeline,https://www.pembina.com/media-centre/news/details/a86f7b93-e454-448d-a241-988fa271db77,"Pembina expects the expansion of the Resthaven facility, which is underpinned by a fee-for-service agreement with a substantial take-or-pay component, to be in service in mid-2016.",False,0
Pembina Pipeline,https://www.pembina.com/media-centre/news/details/7e65f674-7b47-4386-95d5-2c37fa2fbe83,"In fact, almost 80 percent of our 2015 EBITDA was generated from fee-for-service contracts and we forecast this to exceed 80 percent by 2018, given current commodity strip pricing.""",True,0
Enbridge,https://www.enbridge.com/media-center/news/details?id=123779&lang=en,"Unless otherwise specified, all dollar amounts in this news release are expressed in Canadian dollars, all references to ""CDN,"" ""dollars"" or ""$"" are to Canadian dollars and all references to ""US$"" are to US dollars.",True,0
Canadian Natural Resources,https://www.cnrl.com/content/uploads/2023/08/0803-Q223-Front-End.pdf,"Additionally,  Canadian Natural is an investment leader in research and development (""R&D"").",True,0
Imperial Oil,http://web.archive.org/web/20221122205203/https://news.imperialoil.ca/news-releases/news-releases/2022/Imperial-announces-terms-of-its-substantial-issuer-bid-for-up-to-1500000000-and-receipt-of-exemptive-relief/default.aspx,"Imperial expects to mail the formal offer to purchase, issuer bid circular, letter of transmittal, notice of guaranteed delivery and other related documents (collectively, the “Offer Documents”) containing the terms and conditions of the Offer, instructions for tendering Shares, and the factors considered by Imperial, its Special Committee and its Board of Directors in determining to approve the Offer, among other considerations, on or about November 4, 2022.",True,0
Pembina Pipeline,https://www.pembina.com/media-centre/news/details/c8f37bc6-7e6a-480b-8afd-c78c10c51abf,Impairment testing,True,0
Pembina Pipeline,https://www.pembina.com/media-centre/news/details/af2415eb-3e55-48a0-b4b3-2ccfa050682c,Operating margin for the 2012 year was $288.5 million compared to $93.2 million in 2011.,True,0
Pembina Pipeline,https://www.pembina.com/media-centre/news/details/39170c18-b013-48b5-8761-93ac5f7f811b,"""Another 2014 achievement that I'm particularly proud of is our safety record.",True,0
Canadian Natural Resources,https://www.cnrl.com/content/uploads/2025/01/0109-2025-Budget.pdf,"The targeted production mix in 2025 is balanced, consisting of approximately 47% high value light crude oil, NGLs and SCO, 26% heavy crude oil and 27% natural gas, based upon the mid-point of corporate production guidance.",False,0
Imperial Oil,https://news.imperialoil.ca/news-releases/news-releases/2019/Imperial-announces-second-quarter-2019-financial-and-operating-results/default.aspx,"Overall upstream gross oil-equivalent production averaged 400,000 barrels per day, up from 336,000 barrels per day in the second quarter of 2018, due to strong Kearl production and the absence of Syncrude turnaround activity.",True,0
Suncor Energy,http://web.archive.org/web/20220703201845/https://sustainability-prd-cdn.suncor.com/-/media/project/suncor/files/news-releases/2013/2013-02-05-suncor-energy-reports-2012-fourth-quarter-results-en.pdf?modified=20210902050721,Our reliability at our oil sands upgraders and the delays associated with our Terra Nova planned maintenance were disappointing.,True,0
Imperial Oil,https://news.imperialoil.ca/news-releases/news-releases/2020/Imperial-announces-2019-financial-and-operating-results/default.aspx,Western Canada Select averaged US$44.29 per barrel and US$38.71 per barrel for the same periods.,True,0
Suncor Energy,https://www.suncor.com/-/media/project/suncor/files/news-releases/2023/2023-11-08-news-release-earnings-q3-2023-en.pdf?modified=20240613191931&created=20231108164205,Delivered adjusted funds from operations of $3.6 billion and adjusted operating earnings of $2.0 billion.,False,0
Imperial Oil,https://news.imperialoil.ca/news-releases/news-releases/2020/Imperial-announces-first-quarter-2020-financial-and-operating-results/default.aspx,First quarter 2020 vs. first quarter 2019,True,0
Pembina Pipeline,https://www.pembina.com/media-centre/news/details/7e65f674-7b47-4386-95d5-2c37fa2fbe83,The increase in deferred tax expense in the current quarter is mainly attributable to an increase in the income tax rate and higher taxable temporary differences between book and tax basis.,False,0
Enbridge,https://www.enbridge.com/media-center/news/details?id=123742&lang=en,Sanctioned investment for four additional oil storage tanks at the Enbridge Ingleside Energy Center (EIEC),True,0
Enbridge,https://www.enbridge.com/media-center/news/details?id=123806&lang=en,"The newly formed joint venture, Oceanus Pipeline Company, LLC, will develop and construct a 60 mile 18"" oil pipeline and a 15 mile 10"" gas pipeline to serve Shell and Equinor's offshore Sparta development.",False,0
Suncor Energy,https://www.suncor.com/-/media/project/suncor/files/news-releases/2024/2024-08-06-news-release-earnings-q2-2024-en.pdf?modified=20241030140652&created=20240806185133,Calculated as the total cost of share repurchases divided by the weighted average number of shares outstanding for the applicable period.,False,0
Pembina Pipeline,https://www.pembina.com/media-centre/news/details/af2415eb-3e55-48a0-b4b3-2ccfa050682c,12. LOANS AND BORROWINGS,False,0
Enbridge,https://www.enbridge.com/media-center/news/details?id=123866&lang=en,EBITDA TO ADJUSTED EARNINGS,False,0
Pembina Pipeline,https://www.pembina.com/media-centre/news/details/d4c23268-6f5f-4030-a2e1-77e5200d9b4c,"""Thanks to the newly in-service assets, we've set a revenue volume record in our Conventional Pipelines business on a quarterly and year-to-date basis, which have contributed to reaching new financial records including adjusted EBITDA, adjusted cash flow from operating activities and adjusted cash flow from operating activities per share,"" continued Mr. Dilger.",False,0
Suncor Energy,http://web.archive.org/web/20220704151818/https://sustainability-prd-cdn.suncor.com/-/media/project/suncor/files/news-releases/2013/2013-07-24-boris-jackman-retires-kris-smith-promoted-to-evp-refining-and-marketing-en.pdf?modified=20210902050733,"Calgary, Alberta (July 24, 2013) - Suncor Energy Inc. today announced that after 20 years with the company, Boris Jackman is retiring on September 30, 2013.",True,0
Enbridge,https://www.enbridge.com/media-center/news/details?id=123731&lang=en,"When compared with the normal weather forecast embedded in rates, the weather in the second quarter of 2022 and 2021 had no impact on EBITDA.",True,0
Suncor Energy,http://web.archive.org/web/20220629130243/https://sustainability-prd-cdn.suncor.com/-/media/project/suncor/files/news-releases/2017/2017-02-09-suncor-energy-announces-board-chair-retirement-appointment-of-michael-wilson-en.pdf?modified=20210902050940,"P.O. Box 38, 112 4 Avenue S.W., Calgary, Alberta  T2P 2V5",True,0
Suncor Energy,http://web.archive.org/web/20220704153444/https://sustainability-prd-cdn.suncor.com/-/media/project/suncor/files/news-releases/2012/2012-04-24-petro-canadas-face-program-supports-big-dreams-en.pdf?modified=20210902050659,"Working with National Sport Organizations across Canada, Petro-Canada's FACE program provides developing (pre-carded) Canadian athlete and coach pairings with $8,000 in grants.",True,0
Shell Canada,http://web.archive.org/web/20210411153106/https://www.shell.ca/en_ca/media/news-and-media-releases/news-releases-2021/susannah-pierce-to-have-dual-role-as-country-chair-canada-and-gm-renewables-and-energy-solutions-canada.html,Susannah Pierce to have dual role as Country Chair Canada and GM Renewables & Energy Solutions Canada,True,0
Pembina Pipeline,https://www.pembina.com/media-centre/news/details/7f99973b-9c85-4785-8687-b965926a147a,[email protected].,False,0
Pembina Pipeline,https://www.pembina.com/media-centre/news/details/00ae9dc8-eb59-4051-92de-5451e3396353,"Additionally, Pembina will continue to progress a large-scale pipeline expansion in northeast British Columbia, which will connect the growing Montney resource play into the Phase III Expansion, with an expected in service date of late 2017, subject to environmental and regulatory approval.",False,0
Pembina Pipeline,https://www.pembina.com/media-centre/news/details/98fa4a58-d9b0-49f9-9b4d-17a2a9f5c2a5,"These plays have significant growth potential, and we are proud to be Whitecap’s infrastructure partner,” said Chris Rousch, PGI’s President & Chief Executive Officer.",False,0
Enbridge,https://www.enbridge.com/media-center/news/details?id=123841&lang=en,Full year 2024 Liquids Pipelines adjusted EBITDA increased by $219 million compared with 2023 and was primarily impacted by the same factors discussed above as well as:,False,0
Suncor Energy,http://web.archive.org/web/20220703214658/https://sustainability-prd-cdn.suncor.com/-/media/project/suncor/files/news-releases/2009/2009-01-20-suncor-energy-reports-financial-results-for-2008-and-operational-goals-for-2009-en.pdf?modified=20210902050515,federal rate reduction of 0.5%.,True,0
Pembina Pipeline,https://www.pembina.com/media-centre/news/details/bd4f74ad-0bf8-4e2a-a0ba-2df4ec67c207,"There are currently 10,000,000 Series 7 Shares outstanding.",True,0
Enbridge,https://www.enbridge.com/media-center/news/details?id=123753&lang=en,Advanced low-carbon strategy announcing a partnership with Oxy Low Carbon Ventures to transport and sequester carbon dioxide in the Corpus Christi area,False,1
Pembina Pipeline,https://www.pembina.com/media-centre/news/details/39170c18-b013-48b5-8761-93ac5f7f811b,"Pembina now plans to construct two pipelines between Fox Creek and Namao, Alberta (one 16-inch diameter and one 24-inch diameter) with an initial combined capacity of 420 mbpd and an ultimate capacity of over 690 mbpd with the addition of midpoint pump stations.",False,0
Canadian Natural Resources,https://www.cnrl.com/upload/media_element/1257/06/1107_q319-front-end.pdf,The changes from Q2/19 and Q3/18 levels primarily reflect changes in production volumes noted above and the Company's focus on cost control.,True,0
Suncor Energy,http://web.archive.org/web/20240518041803/https://sustainability-prd-cdn.suncor.com/-/media/project/suncor/files/news-releases/2024/2024-05-07-news-release-earnings-q1-2024-en.pdf?modified=20240507213212,Free funds flow reflects cash available for increasing distributions to shareholders and reducing debt.,True,0
Pembina Pipeline,https://www.pembina.com/media-centre/news/details/c0fe76c4-53f6-44ca-9e42-dd93ad4b7af2,"CALGARY, March 28, 2018 /CNW/ - Pembina Pipeline Corporation (""Pembina"" or ""the Company"") (TSX: PPL; NYSE: PBA) announced today that Alliance Pipeline Ltd. (""Alliance""), of which it owns a 50 percent interest, has commenced a binding open season (""Open Season"") for expansion capacity commitments.",True,0
Suncor Energy,http://web.archive.org/web/20220621170105/https://sustainability-prd-cdn.suncor.com/-/media/project/suncor/files/news-releases/2009/2009-03-23-suncor-and-petro-canada-join-forces-to-create-the-premier-canadian-energy-company-en.pdf?modified=20210902050518,"Completion  of  the  proposed  merger  is  conditional  on  approval  of  Suncor  and Petro-Canada shareholders, compliance with the Competition Act, and satisfaction of other customary approvals including regulatory, stock exchange, and Court of Queen's Bench of Alberta  approvals.",True,0
Enbridge,https://www.enbridge.com/media-center/news/details?id=123799&lang=en,favorable contracting on our US Gas Transmission and Storage assets;,True,0
Pembina Pipeline,https://www.pembina.com/media-centre/news/details/c8f37bc6-7e6a-480b-8afd-c78c10c51abf,"Pembina evaluates the value proposition for expansion projects, new acquisitions or divestitures on an ongoing basis.",False,0
Pembina Pipeline,https://www.pembina.com/media-centre/news/details/ef60b009-55e5-4d33-96f8-7328f9519fdc,"Overall, physical volumes reached their lows in early May, at levels approximately 16 percent below the average levels from the prior two quarters.",False,0
Pembina Pipeline,https://www.pembina.com/media-centre/news/details/f1d91820-2686-4920-b838-8d94f833a065,"""During the third quarter, Pembina's momentum of securing value-added growth projects continued at a solid pace in addition to achieving continued strong financial and operational performance,"" said Bob Michaleski, Pembina's CEO.",True,0
Suncor Energy,http://web.archive.org/web/20220704143556/https://sustainability-prd-cdn.suncor.com/-/media/project/suncor/files/news-releases/2009/2009-06-18-suncor-sees-possibilities-outlines-environmental-goals-in-sustainability-report-en.pdf?modified=20210902050521,The action plan includes developing renewable energy sources and participating in public policy discussions.,True,1
Imperial Oil,http://web.archive.org/web/20220729123336/https://news.imperialoil.ca/news-releases/news-releases/2022/Imperial-announces-second-quarter-2022-financial-and-operating-results/default.aspx,"Volumes – Higher volumes primarily driven by the timing of turnaround activities at Syncrude, partially offset by downtime at Kearl.",True,0
Suncor Energy,http://web.archive.org/web/20220811230431/https://sustainability-prd-cdn.suncor.com/-/media/project/suncor/files/news-releases/2022/2022-08-04-news-release-earnings-q2-2022-en.pdf?modified=20220809193241,"Refining and Marketing (R&M) generated record adjusted funds from operations (1) of $2.127 billion in the second quarter of 2022, compared to $677 million in the prior year quarter.",True,0
Enbridge,https://www.enbridge.com/media-center/news/details?id=123661&lang=en,"Survey research has shown that a majority of Michigan residents favor construction of the Great Lakes Tunnel, which is why Enbridge is investing approximately $500 million to construct the tunnel.",True,0
Suncor Energy,http://web.archive.org/web/20221007100449/https://sustainability-prd-cdn.suncor.com/-/media/project/suncor/files/news-releases/2021/2021-10-27-nr-su-q3-2021-en.pdf?modified=20220907174737,Net Earnings (Loss),True,0
Suncor Energy,http://web.archive.org/web/20220703203212/https://sustainability-prd-cdn.suncor.com/-/media/project/suncor/files/news-releases/2011/2011-01-07-suncor-energy-reports-oil-sands-production-numbers-for-december-2010-en.pdf?modified=20210902050619,"The company achieved its oil sands production target for 2010 with annual production averaging approximately 283,000 bpd.",True,0
Canadian Natural Resources,https://www.cnrl.com/upload/media_element/1223/04/0509_q119-front-end.pdf,Enterprise value is derived as the sum of the Company's market capitalization and total long-term debt less cash and cash equivalents.,True,0
Canadian Natural Resources,https://www.cnrl.com/upload/media_element/1155/01/0301_q4-17-front-end.pdf,"Including energy costs, strong operating costs of $9.74/bbl were achieved in the quarter.",True,0
Suncor Energy,http://web.archive.org/web/20220704144801/https://sustainability-prd-cdn.suncor.com/-/media/project/suncor/files/news-releases/2011/2011-08-30-suncor-energy-announces-normal-course-issuer-bid-en.pdf?modified=20210902050636,Suncor Energy announced today that the Toronto Stock Exchange (TSX) has accepted the notice filed by Suncor of its intention to make a Normal Course Issuer Bid (the Bid) through the facilities of the TSX and/or alternative Canadian trading platforms.,True,0
Suncor Energy,http://web.archive.org/web/20220703214855/https://sustainability-prd-cdn.suncor.com/-/media/project/suncor/files/news-releases/2009/2009-12-17-suncor-energy-responds-to-fire-at-oil-sands-upgrader-en.pdf?modified=20210902050537,The fire occurred at approximately 10 a.m. December 15 and was extinguished within an hour.,True,0
