Organization,Link,Sentence,isWayback,Label,Generality,Approximation,Degree,Combinatory,Explicit Subjectivity,Vagueness Label
Suncor Energy,http://web.archive.org/web/20220701142339/https://sustainability-prd-cdn.suncor.com/-/media/project/suncor/files/news-releases/2011/2011-03-24-suncor-energy-recognized-for-exceptional-environment-performance-en.pdf?modified=20210902050625,Suncor Energy today reported it has been recognized by industry for exceptional environmental performance in the areas of oil sands tailings management and land reclamation.,True,1,,,,,,0
Shell Canada,http://web.archive.org/web/20190926171658/https://www.shell.ca/en_ca/media/news-and-media-releases/news-releases-2019/quest-ccs-facility-reaches-major-milestone.html,"Currently, CCUS for enhanced oil recovery (EOR) is the most commercially viable option to progress self-funded carbon capture.""",True,1,most,,,currently,,0
Canadian Natural Resources,https://www.cnrl.com/content/uploads/2023/03/0302-Q422-Front-End.pdf,"Working collectively with the federal and provincial governments, the Pathways Alliance has a goal to achieve net zero GHG emissions from oil sands operations by 2050 and is pursuing realistic and workable solutions to deliver significant emission reductions.",True,1,,,,,,1
Pembina Pipeline,https://www.pembina.com/media-centre/news/details/c1d26c53-2e5a-4a5a-82e2-d14c9d4f05c0,"Consistent with our strategy, we will continue to invest in infrastructure to serve customers and enhance Pembina's integrated value chain, while also pursuing opportunities to enhance access to global markets and better align the Company's future with the transition to a lower-carbon economy.",True,1,a,,low,"better, consistent","our, we",1
Suncor Energy,http://web.archive.org/web/20220704144436/https://sustainability-prd-cdn.suncor.com/-/media/project/suncor/files/news-releases/2015/2015-11-22-oil-sands-companies-demonstrate-leadership-on-climate-change-en.pdf?modified=20210902050845,These measures provide predictability and certainty and will help ensure that producers can responsibly develop and grow this significant Canadian resource while also addressing global concerns about climate change.,True,1,,about,,significant,,1
Enbridge,https://www.enbridge.com/media-center/news/details?id=123651&lang=en,"We remain highly committed to protecting the Great Lakes, the environment, and all the people who use these waters while delivering energy that people rely on daily.",True,1,,,,,,1
Pembina Pipeline,https://www.pembina.com/media-centre/news/details/b2ba241c-3287-4179-9dac-7e925621f35b,Our province's energy industry is vital to achieving Canada's GHG reduction goals and Alberta companies are global leaders in reducing emissions.,False,1,,,,,,1
Enbridge,https://www.enbridge.com/media-center/news/details?id=123665&lang=en,"Over the past several years, we have firmly established Enbridge as a competitive player in offshore wind in Europe and developed an extensive portfolio of projects.",False,1,"a, an, several",,,competitive,we,0
Imperial Oil,https://news.imperialoil.ca/news-releases/news-releases/2020/Imperial-announces-first-quarter-2020-financial-and-operating-results/default.aspx,"The report provides enhanced disclosure and addresses environmental, social and governance areas of focus for the company, including information on advanced technologies that could reduce greenhouse gas emissions intensity by about 25 percent to 90 percent for new oil sands production.",True,1,,,,,,0
Canadian Natural Resources,https://www.cnrl.com/content/uploads/2023/08/0803-Q223-Front-End.pdf,"In 2022, we increased our investment in R&D by 30% over 2021 levels with over $587 million invested in technology development and deployment focusing on reductions in our environmental footprint, including reductions in greenhouse gas (""GHG"") emissions and productivity improvements.",True,1,,,,,"our, we",0
Canadian Natural Resources,https://www.cnrl.com/upload/media_element/1181/06/0802_q2-18-front-end.pdf,"This is a true demonstration of the quality, size and scale of the Company's Oil Sands Mining and Upgrading operations which through environmentally responsible, safe, reliable, effective and efficient operations, provide sustainable long life low decline production and significant value for stakeholders.",True,1,a,,"long, low","effective, efficient, reliable, responsible, safe, significant, sustainable, true",,1
Canadian Natural Resources,https://www.cnrl.com/upload/media_element/1281/02/0305_q419-front-end.pdf,"Canadian Natural has invested approximately $3.4 billion in research and development from 2009 to 2018 and continues to invest in technology to unlock reserves, become more effective and efficient, increase production and reduce the Company's environmental footprint.",True,1,,,,,,1
Pembina Pipeline,https://www.pembina.com/media-centre/news/details/4842329f-03f7-4fe6-9c80-1b9ee51a11cb,"We have also launched a process to enhance ESG integration across the Company, including establishing a governance framework to develop a longer-term GHG strategy and emissions intensity reduction targets.",False,1,a,,long,,,1
Shell Canada,http://web.archive.org/web/20191216050805/https://www.shell.ca/en_ca/media/news-and-media-releases/news-releases-2012/fuellingchange.html,"The winning projects range from building an industrial composting system to reducing waste entering landfills in Alberta, to the delivery of water management and watershed educational programming to over 20 schools in Montmagny and area in Quebec.",True,1,,,,,,0
Suncor Energy,http://web.archive.org/web/20220701143738/https://sustainability-prd-cdn.suncor.com/-/media/project/suncor/files/news-releases/2016/2016-07-21-suncor-releases-2016-report-on-sustainability-and-new-long-term-sustainability-goals-en.pdf?modified=20210902050913,"Sustainability goals drive us far beyond our current capabilities, setting our ambition to be globally cost and carbon competitive, while meeting the energy needs in Canada and around the world.'",True,1,,,,,,1
Suncor Energy,http://web.archive.org/web/20220703204840/https://sustainability-prd-cdn.suncor.com/-/media/project/suncor/files/news-releases/2014/2014-12-04-suncor-energy-recognized-for-excellence-in-corporate-reporting-en.pdf?modified=20210902050818,"'Our Report on Sustainability addresses and reports on the challenges we face in our industry,' said Arlene Strom, vice president, sustainability and communications, Suncor.",True,1,,,,,,0
Enbridge,https://www.enbridge.com/media-center/news/details?id=123646&lang=en,Enbridge has filed for all major regulatory and environmental permits necessary to construct the tunnel and the review processes for each of these continue to advance on schedule.,True,1,,,,,,0
Imperial Oil,http://web.archive.org/web/20210730120849/https://news.imperialoil.ca/news-releases/news-releases/2021/Imperial-Announces-Second-Quarter-2021-Financial-and-Operating-Results/default.aspx,"The goal of this unique alliance, working collectively with the federal and Alberta governments, is to achieve net zero greenhouse gas emissions from oil sands operations by 2050 to help Canada meet its climate goals.",True,1,,,,,,1
Enbridge,https://www.enbridge.com/media-center/news/details?id=123711&lang=en,Lehigh Cement and Enbridge Agree to Advance a CO2 storage solution in Alberta,True,1,a,,,,,0
Enbridge,https://www.enbridge.com/media-center/news/details?id=123687&lang=en,This issuance further demonstrates Enbridge's commitment to the ESG goals the Company set out in November 2020 and to industry leading performance.,False,1,,,,,,1
Enbridge,https://www.enbridge.com/media-center/news/details?id=123700&lang=en,"About Capital Power Capital Power (TSX: CPX) is a growth-oriented North American wholesale power producer with a strategic focus on sustainable energy headquartered in Edmonton, Alberta.",True,1,,,,,,1
Enbridge,https://www.enbridge.com/media-center/news/details?id=123726&lang=en,"Enbridge has long considered environmental and social factors, along with strong governance and accountability to be foundational to its success and 2021 was pivotal in this regard.",True,1,,,,,,1
Enbridge,https://www.enbridge.com/media-center/news/details?id=123817&lang=en,"Luc Rémont, Chairman and CEO, EDF Group, said: ""We are very proud to inaugurate the first offshore wind farm in Normandy, less than two years after the commissioning of the Saint-Nazaire wind farm in Loire-Atlantique.",True,1,,,very,proud,,0
Imperial Oil,https://news.imperialoil.ca/news-releases/news-releases/2024/Imperial-provides-2025-corporate-guidance-outlook/default.aspx,"Imperial continues to focus on further improving its advantaged Canadian downstream business by leveraging its coast-to-coast logistics network to efficiently move product to high-value markets, maximizing refinery crude and product slate flexibility to improve resiliency and further developing its lower-carbon product offering to meet the needs of customers across Canada.",False,1,,,"high, low","improve, improving",,1
Suncor Energy,http://web.archive.org/web/20220703201606/https://sustainability-prd-cdn.suncor.com/-/media/project/suncor/files/news-releases/2017/2017-08-02-suncor-energy-extends-condolences-on-death-of-former-ceo-rick-george-en.pdf?modified=20210902050954,"Rick George encouraged the company to adopt a seven point climate action plan in the 1990s, well before many companies had begun to address the environmental impacts of their operations.",True,1,,,,,,1
Enbridge,https://www.enbridge.com/media-center/news/details?id=123787&lang=en,"Enbridge has agreed to acquire seven operating landfill-to-renewable natural gas assets located in Texas and Arkansas from Morrow Renewables, reflecting our commitment to become an industry leader in RNG.",False,1,,,,,,0
Suncor Energy,http://web.archive.org/web/20221007095111/https://sustainability-prd-cdn.suncor.com/-/media/project/suncor/files/news-releases/2021/2021-05-11-h2-project-announcement-en.pdf?modified=20220907174604,"""A clean energy future is a shared national priority, and a transformational project like this one will require extraordinary collaboration with all levels of governments.",True,1,,,,,,0
Suncor Energy,http://web.archive.org/web/20221007093204/https://sustainability-prd-cdn.suncor.com/-/media/project/suncor/files/news-releases/2019/2019-10-15-nr-suncor-50m-enerkem-en.pdf?modified=20220921202949,Enerkem's facilities are built as prefabricated systems based on the company's modular manufacturing infrastructure that can be deployed globally.,True,1,,,,,,0
Canadian Natural Resources,https://www.cnrl.com/upload/media_element/1322/03/0609-oil-sands-alliance.pdf,"While alternative energy sources will play an increasingly important role in the decades ahead, all internationally recognized forecasts indicate fossil fuels will continue to be an essential requirement through 2050 and beyond as part of a diversified energy mix, including as a feedstock for carbon fibres, asphalt, plastics and other important products.",True,1,,,,,,1
Enbridge,https://www.enbridge.com/media-center/news/details?id=123646&lang=en,The $9 billion Line 3 Replacement Project is a critical integrity project that will enhance the continued safe and reliable operations of our Mainline System well into the future reflecting Enbridge's commitment to protecting the environment.,True,1,,,,,,0
Enbridge,https://www.enbridge.com/media-center/news/details?id=123715&lang=en,The Hub and associated carbon capture projects being advanced by Capital Power and Lehigh Cement represent an opportunity to avoid nearly 4 million tonnes of atmospheric CO2 emissions with phased in-service dates starting as early as 2025.,True,1,,,,,,0
Canadian Natural Resources,https://www.cnrl.com/upload/media_element/1281/02/0305_q419-front-end.pdf,"In 2020, the Company is targeting an additional 1,300 controller retrofits, a reduction of approximately 130,000 tonnes of CO2 equivalent per year.",True,1,,,,,,0
Suncor Energy,http://web.archive.org/web/20220701143738/https://sustainability-prd-cdn.suncor.com/-/media/project/suncor/files/news-releases/2016/2016-07-21-suncor-releases-2016-report-on-sustainability-and-new-long-term-sustainability-goals-en.pdf?modified=20210902050913,"We will start by reducing the total emission intensity of the production of our oil and petroleum products by 30% by 2030, through focused efforts in these areas:",True,1,total,,,,our,0
Canadian Natural Resources,https://www.cnrl.com/upload/media_element/1181/06/0802_q2-18-front-end.pdf,"The project has the potential to reduce the Company's carbon emissions and environmental footprint by reducing the usage of haul trucks, the size and need for tailings ponds and accelerating site reclamation.",True,1,,,,,,1
Pembina Pipeline,https://www.pembina.com/media-centre/news/details/60a97c1d-4e25-48b0-be91-cf80ec73166d,"Moreover, we stand shoulder-to-shoulder with our customers in ensuring Canadian energy is developed and delivered with leading environmental, social and governance (""ESG"") standards and practices in place, making it the most ethically produced energy in the world.",True,1,,,,,,1
Canadian Natural Resources,https://www.cnrl.com/upload/media_element/1322/03/0609-oil-sands-alliance.pdf,We are committed to working together with industry partners and governments to help meet Canada's climate objectives while providing sustainable longterm economic and social benefits for Canadians from the oil sands.',True,1,,,,,,1
Imperial Oil,https://news.imperialoil.ca/news-releases/news-releases/2018/Imperial-investment-in-Aspen-project-to-proceed/default.aspx,"Next-generation technology to improve economics, reduce emissions intensity and water use",True,1,,,,improve,,1
Canadian Natural Resources,https://www.cnrl.com/upload/media_element/1319/03/0304-q420-front-end.pdf,"Additionally in 2020, the Company reached significant environmental milestones, including the cumulative sequestration at our Quest facility of five million tonnes of CO2 captured from the Scotford Upgrader and the cumulative planting of two and a half million trees at our Oil Sands Mining and Upgrading operations.""",True,1,,,,,,0
Imperial Oil,116,"Imperial expects to achieve even greater reductions through the application of step-change in-situ oil recovery technology at its proposed Aspen oil sands project, which is currently under regulatory review.",True,1,,,,,,0
Canadian Natural Resources,https://www.cnrl.com/upload/media_element/1319/03/0304-q420-front-end.pdf,"The Company continues to advance its high value Montney light crude oil development plan at Wembley, including 18 net wells targeted in 2021 and construction is underway on the new crude oil battery targeted to be on-stream in October 2021.",True,1,,,,,,0
Pembina Pipeline,https://www.pembina.com/media-centre/news/details/f95387cc-3cdd-44c2-86fd-76b0eefbe7a7,"As an example, at our Prince Rupert Terminal, Pembina invested heavily and together with the City of Prince Rupert removed a toxic and abandoned pulp mill, replacing it with a new propane export terminal.",False,1,"a, an",,"heavily, new",toxic,our,1
Imperial Oil,http://web.archive.org/web/20220908090747/https://news.imperialoil.ca/news-releases/news-releases/2022/Imperial-advances-renewable-diesel-plans-awards-hydrogen-contract-to-Air-Products/default.aspx,"We continue to set the stage for a competitive, low-carbon-intensity hydrogen network, which includes increasing liquid hydrogen production capacity at our site to 35 metric tonnes per day, to provide clean hydrogen for the growing industrial and mobility markets across Canada.""",True,1,,,,,,1
Canadian Natural Resources,https://www.cnrl.com/content/uploads/2023/03/0302-Q422-Front-End.pdf,"In 2022, we announced a new environmental target to reduce corporate scope 1 and 2 absolute GHG emissions by 40% by 2035, in addition to our other robust environmental targets.",True,1,"a, absolute",,new,,"our, we",0
Suncor Energy,http://web.archive.org/web/20220629133234/https://sustainability-prd-cdn.suncor.com/-/media/project/suncor/files/news-releases/2010/2010-09-23-suncor-energy-completes-surface-reclamation-of-first-tailings-pond-en.pdf?modified=20210902050609,"'We said we would be first to complete surface reclamation of a tailings pond and we have delivered on this important commitment,' said Rick George, president and chief executive officer.",True,1,a,,,"complete, important",we,0
Enbridge,https://www.enbridge.com/media-center/news/details?id=123665&lang=en,"The company has strong positions in offshore wind power, but also in other areas of the renewable energies industry such as energy storage.",False,1,,,,,,1
Enbridge,https://www.enbridge.com/media-center/news/details?id=123687&lang=en,"This is an exciting opportunity reflecting the vital role that natural gas is expected to play in displacing higher-carbon sources of power generation, while providing reliable and affordable energy to the people of Tennessee.",False,1,an,,high,"affordable, exciting, natural, reliable",,1
Shell Canada,https://www.shell.com/news-and-insights/newsroom/news-and-media-releases/2024/shell-to-build-carbon-capture-and-storage-projects-in-canada.html,"Since 2015, Quest has captured and stored about one million tonnes a year of CO2 from the Scotford upgrader.",False,1,a,about,,,,0
Enbridge,https://www.enbridge.com/media-center/news/details?id=123689&lang=en,"""This investment is also a prime example of how we're focused on being a differentiated service provider to our customers by lowering emissions across our systems.",True,1,,,,,,1
Imperial Oil,http://web.archive.org/web/20210622082629/https://news.imperialoil.ca/news-releases/news-releases/2021/Canadas-largest-oil-sands-producers-announce-unprecedented-alliance-to-achieve-net-zero-greenhouse-gas-emissions/default.aspx,"Imperial is collaborating with others in industry and governments to develop and commercialize the breakthrough technologies that will reduce emissions and support society's net zero ambitions.""",True,1,,,,,,1
Enbridge,https://www.enbridge.com/media-center/news/details?id=123665&lang=en,"Our core businesses include Liquids Pipelines, which transports approximately 25 percent of the crude oil produced in North America; Gas Transmission and Midstream, which transports approximately 20 percent of the natural gas consumed in the U.S.; Gas Distribution and Storage, which serves approximately 3.8 million retail customers in Ontario and Quebec; and Renewable Power Generation, which currently generates approximately 1,750 MW of net renewable power in North America and Europe.",False,1,,approximately,,"crude, currently, natural",,0
Enbridge,https://www.enbridge.com/media-center/news/details?id=123692&lang=en,"""After more than eight years of many people working together, extensive community engagement, and thorough environmental, regulatory and legal review, we are pleased that Line 3 is complete and will soon deliver the low cost and reliable energy that people depend on every day,"" said Al Monaco, Enbridge President and Chief Executive Officer.",False,1,,,,,,0
Imperial Oil,http://web.archive.org/web/20210622082629/https://news.imperialoil.ca/news-releases/news-releases/2021/Canadas-largest-oil-sands-producers-announce-unprecedented-alliance-to-achieve-net-zero-greenhouse-gas-emissions/default.aspx,Canada's largest oil sands producers announce unprecedented alliance to achieve net zero greenhouse gas emissions,True,1,,,largest,,,1
Shell Canada,http://web.archive.org/web/20210713152107/https://www.shell.ca/en_ca/media/news-and-media-releases/news-releases-2021/shell-proposes-large-scale-ccs-facility-in-alberta.html,"In the initial phase of Polaris, CO2 captured from the refinery's hydrogen plants would produce blue hydrogen for use in the refining process, with the potential for large-scale blue hydrogen production in future phases.",True,1,,,large,,,1
Canadian Natural Resources,https://www.cnrl.com/content/uploads/2023/12/1214-2024-Budget.pdf,"We are committed to supporting Canada's climate goals and continuing to reduce our environmental footprint with our aspirational goal of net zero greenhouse gas (""GHG"") emissions in the oil sands by 2050, along with our other robust environmental targets.",True,1,,,,,,1
Suncor Energy,http://web.archive.org/web/20221007095111/https://sustainability-prd-cdn.suncor.com/-/media/project/suncor/files/news-releases/2021/2021-05-11-h2-project-announcement-en.pdf?modified=20220907174604,"The project would produce more than 300,000 tonnes per year of clean hydrogen, reduce Alberta's CO2 emissions by more than two million tonnes per year, significantly advance Alberta's hydrogen strategy, generate substantial economic activity and jobs across the province, and make a sizable contribution to Canada's net zero ambition.",True,1,,,,,,0
Pembina Pipeline,https://www.pembina.com/media-centre/news/details/4842329f-03f7-4fe6-9c80-1b9ee51a11cb,"Pembina recognizes the growing risks and opportunities of climate change and the role our industry must play in reducing greenhouse gas (""GHG"") emissions while supplying the world with affordable and reliable energy.",True,1,,,,,,1
Canadian Natural Resources,https://www.cnrl.com/upload/media_element/1355/02/1104-q3-press-release.pdf,"Solvent enhanced oil recovery technology is being piloted by the Company with an objective to increase bitumen production, reduce the Steam to Oil Ratio (""SOR""), reduce greenhouse gas (""GHG"") intensity and have high solvent recovery.",True,1,an,,high,,,1
Enbridge,https://www.enbridge.com/media-center/news/details?id=123726&lang=en,"Enbridge was the first midstream company in Canada to commit to achieving net-zero greenhouse gas (GHG) emissions by 2050 and to help achieve this goal, the Company set the interim target of reducing its emissions intensity 35% by 2030.",False,1,,,,,,0
Suncor Energy,http://web.archive.org/web/20220629124437/https://sustainability-prd-cdn.suncor.com/-/media/project/suncor/files/news-releases/2011/2011-10-13-suncor-energy-ranked-top-canadian-firm-for-climate-change-disclosure-en.pdf?modified=20210902050639,"'Companies that make the Carbon Disclosure Leadership Index have demonstrated good internal data management practices for understanding greenhouse gas emissions,' said Paul Simpson, chief executive officer of the Carbon Disclosure Project.",True,1,,,,good,,0
Pembina Pipeline,https://www.pembina.com/media-centre/news/details/6f2b54ba-3ce3-4d93-83b1-e2256f1103de,One of the most important decisions was to power the facility with renewable electricity from BC Hydro.,True,1,,,,,,0
Pembina Pipeline,https://www.pembina.com/media-centre/news/details/d72081c3-751e-4116-96f5-a4709a6e88c7,"Aligning with our corporate strategy we will also continue to advance development of two transformational projects, Cedar LNG and the Alberta Carbon Grid, along with other development opportunities that support the transition to a lower-carbon economy.",False,1,,,,,,1
Enbridge,https://www.enbridge.com/media-center/news/details?id=123678&lang=en,"As a leader in the energy transition, Enbridge is committed to continuing its work to lower the emission intensity of the natural gas it transports through investment in renewable natural gas and hydrogen.",False,1,,,,,,1
Shell Canada,http://web.archive.org/web/20190922083417/https://www.shell.ca/en_ca/media/news-and-media-releases/news-releases-2013/caterpillar-lng-fueling-agreement.html,"For more than 85 years, Caterpillar Inc. has been making sustainable progress possible and driving positive change on every continent.",True,1,,,,,,1
Imperial Oil,http://web.archive.org/web/20230201074801/https://news.imperialoil.ca/news-releases/news-releases/2023/Imperial-announces-fourth-quarter-2022-financial-and-operating-results/default.aspx,"This builds on Imperial's previously announced net zero goal for operated oil sands as part of the Pathways Alliance initiative, as well as the company's 2030 emission intensity reduction goal for its operated oil sands.",True,1,,,,well,,1
Enbridge,https://www.enbridge.com/media-center/news/details?id=123663&lang=en,We're focused on executing world class construction and environmental practices and we've implemented the most up-to-date health and safety protocols to protect communities and our crews.,False,1,,,,,,1
Enbridge,https://www.enbridge.com/media-center/news/details?id=123686&lang=en,"Our core businesses include Liquids Pipelines, which transports approximately 25 percent of the crude oil produced in North America; Gas Transmission and Midstream, which transports approximately 20 percent of the natural gas consumed in the U.S.; Gas Distribution and Storage, which serves approximately 3.8 million retail customers in Ontario and Quebec; and Renewable Power Generation, which generates approximately 1,763 MW of net renewable power in North America and Europe.",True,1,,,,,,0
Enbridge,https://www.enbridge.com/media-center/news/details?id=123638&lang=en,"This project will make a safe pipeline even safer, demonstrating our ongoing commitment to protect Michigan and the Great Lakes' natural resource.",True,1,a,,,"natural, safe",our,1
Pembina Pipeline,https://www.pembina.com/media-centre/news/details/157b6763-25d6-4a80-855c-531233f5e32d,"Employees worked over 350,000 man hours on this project and drove over 1.8 million kilometres with no lost time injuries, yet another demonstration of Pembina's commitment to executing our growth projects safely and responsibly.""",True,1,,,,,,0
Pembina Pipeline,https://www.pembina.com/media-centre/news/details/c23badf6-e264-4288-a177-fc1aa20c470d,"As we strive towards our vision to be the leader in delivering integrated infrastructure solutions and connecting customers to global markets, Pembina is also taking steps to reduce its environmental footprint, enhance employee equity, diversity and inclusion, and partner with Indigenous communities in the development of Canadian energy projects.",True,1,,,,,,1
Canadian Natural Resources,https://www.cnrl.com/upload/media_element/1355/02/1104-q3-press-release.pdf,"The Company targets to increase the total corporate level of third party verification of GHG emissions to 95% in 2021, an increase of 9% from 2020 levels of 87%.",True,1,,,,,,0
Imperial Oil,https://news.imperialoil.ca/news-releases/news-releases/2019/Imperial-Releases-Energy-and-Carbon-Summary/default.aspx,"Its suite of next-generation in situ oil sands technologies, currently in varying stages of development, could enable greenhouse gas emissions intensity reductions for new production between about 25 and 90 percent.",True,1,between,about,new,currently,,0
Suncor Energy,http://web.archive.org/web/20230810052510/https://sustainability-prd-cdn.suncor.com/-/media/project/suncor/files/news-releases/2023/2023-07-18-news-release-suncor-energy-releases-2023-ros-and-cr-en.pdf?modified=20230718224601,"The reports highlight how the company is working to achieve strong environmental, social and governance (ESG) performance and the company's actions on sustainable energy development.",True,1,,,,,,0
Shell Canada,http://web.archive.org/web/20170606170632/http://www.shell.ca/en_ca/media/news-and-media-releases/news-releases-2017/shell-canada-statement-on-proposed-federal-regulations-on-methane-emissions.html,"Shell Canada supports controls on methane emissions and has had voluntary leak detection and repair, and preventative maintenance programs in place for many years in our Alberta and BC gas production operations.",True,1,,,,,,0
Canadian Natural Resources,https://www.cnrl.com/content/uploads/2024/06/0620-Pathways-Competition-Act-amendments.pdf,"As the largest oil sands companies in Canada, and members of the Pathways Alliance, we are steadfast in our commitment to environmental performance and operational emissions reduction.",False,1,,,largest,,"our, we",1
Enbridge,https://www.enbridge.com/media-center/news/details?id=123784&lang=en,Enbridge CEO urges Canada to champion LNG to reduce global emissions and energy poverty,False,1,,,,,,0
Enbridge,https://www.enbridge.com/media-center/news/details?id=123788&lang=en,The project will be constructed in three phases and is designed to ultimately deliver up to 577 MW of renewable energy to the utility grid by the end of 2024.,False,1,,,,,,0
Enbridge,https://www.enbridge.com/media-center/news/details?id=123735&lang=en,"About Enbridge At Enbridge, we safely connect millions of people to the energy they rely on every day, fueling quality of life through our North American natural gas, oil or renewable power networks and our growing European offshore wind portfolio.",False,1,,,,,,0
Enbridge,https://www.enbridge.com/media-center/news/details?id=123689&lang=en,EIEC has been recently constructed to industry-leading environmental standards designed to minimize its carbon emissions footprint.,True,1,,,,,,1
Enbridge,https://www.enbridge.com/media-center/news/details?id=123663&lang=en,"ESG has long been integrated into our business and strategies, and in 2020, we raised the bar again by committing to a 35% reduction in energy intensity by 2030, net-zero emissions by 2050 and setting new diversity and inclusion goals all tied to management compensation.",False,1,,,,,,0
Pembina Pipeline,https://www.pembina.com/media-centre/news/details/4842329f-03f7-4fe6-9c80-1b9ee51a11cb,"We recently completed the construction of a co-generation facility at our Redwater Complex, which will reduce our emissions intensity, and are evaluating similar opportunities at other locations.",True,1,,,,,,1
Pembina Pipeline,https://www.pembina.com/media-centre/news/details/8104adc4-4b32-4c2e-acfe-741cef480a87,"""We are proud to partner with Cedar LNG, the Haisla Nation and Pembina Pipeline who share our commitment to responsible energy development.""",True,1,,,,,,1
Shell Canada,http://web.archive.org/web/20170911220512/http://www.shell.ca/en_ca/media/news-and-media-releases/news-releases-2015/world-of-science-edmonton-announce-partnership.html,"CCS has been identified as a critical technology to reduce CO2 emissions from large-scale industrial facilities like power plants, oil and gas operations The International Energy Agency (IEA) calls CCS ""a crucial part of worldwide efforts to limit global warming"" and estimates that it could deliver about one-fifth of necessary worldwide reductions in greenhouse gases by 2050.",True,1,,,,,,1
Pembina Pipeline,https://www.pembina.com/media-centre/news/details/d2d26283-c368-4f7e-96da-8672beb3affd,Our industry will continue to evolve to meet the needs of our customers and provide sustainable energy solutions for this generation and those to come.,False,1,,,,,,1
Enbridge,https://www.enbridge.com/media-center/news/details?id=123736&lang=en,"""TGE will enhance Enbridge's renewable platform and accelerate our North American growth strategy,"" said Al Monaco, Enbridge's President and Chief Executive Officer.",True,1,,,,,,1
Suncor Energy,http://web.archive.org/web/20220704152831/https://sustainability-prd-cdn.suncor.com/-/media/project/suncor/files/news-releases/2009/2009-10-01-safe-resolution-to-demonstration-at-suncors-site-en.pdf?modified=20210902050526,"Since 1990, Suncor's oil sands emissions intensity has been reduced by nearly half.",True,1,,,,,,0
Enbridge,https://www.enbridge.com/media-center/news/details?id=123810&lang=en,"About Enbridge Inc.At Enbridge, we safely connect millions of people to the energy they rely on every day, fueling quality of life through our North American natural gas, oil or renewable power networks and our growing European offshore wind portfolio.",False,1,,,,,,0
Enbridge,https://www.enbridge.com/media-center/news/details?id=123816&lang=en,"Issued 23rd Sustainability Report, demonstrating the Company's continued commitment to reconciliation, social governance, and environmental stewardship.",False,1,,,,,,1
Shell Canada,http://web.archive.org/web/20170913020104/http://www.shell.ca/en_ca/media/news-and-media-releases/news-releases-2012/global-energy-firms-announce-lng-canada.html,"LNG is an odorless, non-toxic and non-corrosive liquid and evaporates quickly and disperses, leaving no residue.",True,1,,,,,,0
Shell Canada,http://web.archive.org/web/20170913013035/http://www.shell.ca/en_ca/media/news-and-media-releases/news-releases-2014/sema-1.html,"The average Shell Eco-Marathon vehicle, plus its driver, emits less carbon dioxide than a world class athlete running at 25 kilometres an hour.",True,1,,,,,,0
Enbridge,https://www.enbridge.com/media-center/news/details?id=123791&lang=en,"""As the world's demand for energy continues to grow, Enbridge remains committed to meeting these needs by delivering safe, affordable, reliable, and sustainable energy.",True,1,,,,"affordable, reliable, safe, sustainable",,1
Canadian Natural Resources,https://www.cnrl.com/upload/media_element/1322/03/0609-oil-sands-alliance.pdf,"The proposed CCUS system is similar to the multi-billion dollar Longship/Northern Lights project in Norway as well as other CCUS projects in the Netherlands, U.K. and U.S., all of which involve significant collaboration between industry and government.",True,1,,,,,,0
Pembina Pipeline,https://www.pembina.com/media-centre/news/details/0684153a-9d56-4f5a-943c-88a4bf182e27,The Project will have one of the cleanest environmental profiles in the world.,True,1,,,,,,1
Enbridge,https://www.enbridge.com/media-center/news/details?id=123670&lang=en,"With facilities across Canada and the United States the company employs more than 1100 people in environmental waste management and recovery, renewable energy, paving and construction, aggregates, and emulsions.",True,1,,,,,,0
Enbridge,https://www.enbridge.com/media-center/news/details?id=123713&lang=en,"And, we're expanding our multi-billion Texas Eastern modernization program to upgrade and electrify additional compressors, which will improve system safety and performance and drive emissions lower.",True,1,,,,,,1
Canadian Natural Resources,https://www.cnrl.com/upload/media_element/1366/c183aa1c98e7/0303-q421-front-end.pdf,"Environmental, Social and Governance (""ESG"") remains a priority for us as evidenced by our ongoing investment into new technology and innovation options designed to improve our environmental performance and reduce our environmental footprint.",True,1,,,,,,1
Suncor Energy,http://web.archive.org/web/20220629124437/https://sustainability-prd-cdn.suncor.com/-/media/project/suncor/files/news-releases/2011/2011-10-13-suncor-energy-ranked-top-canadian-firm-for-climate-change-disclosure-en.pdf?modified=20210902050639,"Some 3,000 organizations across the world's largest economies now measure and disclose their greenhouse gas emissions and assessment of climate change risk and opportunity through CDP, in order that they can set reduction targets and make performance improvements.",True,1,,,,,,0
Enbridge,https://www.enbridge.com/media-center/news/details?id=123753&lang=en,This approach to financing reinforces Enbridge's continuing commitment to achieving the ESG targets it set out in its November 2020 ESG Goals.,False,1,,,,,,0
Enbridge,https://www.enbridge.com/media-center/news/details?id=123670&lang=en,"Today, Enbridge Inc. (Enbridge) (TSX: ENB) (NYSE: ENB), Walker Industries and Comcor Environmental, announced a partnership to jointly develop renewable natural gas (RNG) projects across Canada.",False,1,,,,,,0
Shell Canada,http://web.archive.org/web/20170913030336/http://www.shell.ca/en_ca/media/news-and-media-releases/news-releases-2012/auxsable-carbon.html,"""That's equal to taking about 25,000 cars off the road,"" said Barry Klein, Scotford Manufacturing general manager, adding the deal between Shell and Aux Sable will see that kind of positive environmental impact annually.",True,1,between,,,positive,,0
Enbridge,https://www.enbridge.com/media-center/news/details?id=123715&lang=en,"We look forward to working with project partners Capital Power and Lehigh Cement, along with our local Indigenous partners, to advance the Hub, creating jobs and economic growth, and helping Alberta and Canada meet emissions reduction goals.""",False,1,,,,,our,1
Canadian Natural Resources,https://www.cnrl.com/content/uploads/2024/05/0502-Q124-Front-End.pdf,Canadian Natural has a defined pathway to achieve long-term emissions reductions with an integrated GHG emissions management strategy that includes ongoing investments in technology and innovation while transferring technology across the Company.,True,1,,,,,,1
Canadian Natural Resources,https://www.cnrl.com/upload/media_element/1257/06/1107_q319-front-end.pdf,"The project has the potential to reduce the Company's carbon emissions and environmental footprint by reducing the distance driven by its fleet of haul trucks, the size and need for tailings ponds and accelerating site reclamation.",True,1,,,,,,1
Pembina Pipeline,https://www.pembina.com/media-centre/news/details/8b662902-b799-487e-a4dd-e006a2e9d1ef,Pembina supports green initiatives and has communicated its commitments to procure renewable green energy to offset the power used at the facility.,False,1,,,,,,1
Pembina Pipeline,https://www.pembina.com/media-centre/news/details/b2ba241c-3287-4179-9dac-7e925621f35b,"For Canada to achieve its enhanced climate targets, including a 40-45% reduction in greenhouse gas emissions below 2005 levels by 2030, CCUS technology and infrastructure will need to play a vital role.",True,1,,,,,,1
Suncor Energy,http://web.archive.org/web/20220704153124/https://sustainability-prd-cdn.suncor.com/-/media/project/suncor/files/news-releases/2009/2009-11-13-suncor-energy-board-approves-2010-capital-spending-plan-en.pdf?modified=20210902050535,"'Suncor's overall spending profile is consistent with the key priorities we've outlined: staged capital growth, cost reduction and continuous improvement of environmental performance,' said George.",True,1,,,,,,1
Imperial Oil,68,The positive impact those facilities have on the province-wide greenhouse gas emissions varies depending on annual facility energy consumption.,True,1,,,wide,positive,,1
Enbridge,https://www.enbridge.com/media-center/news/details?id=123665&lang=en,"Over the past several years, we have firmly established Enbridge as a competitive player in offshore wind in Europe and developed an extensive portfolio of projects.",True,1,"a, an, several",,,competitive,we,1
Enbridge,https://www.enbridge.com/media-center/news/details?id=123817&lang=en,Commissioning Fécamp is a significant step in advancing the clean energy transition in France and Europe.,True,1,a,,,"clean, significant",,1
Enbridge,https://www.enbridge.com/media-center/news/details?id=123703&lang=en,"Last week, Enbridge and Capital Power agreed to jointly evaluate and advance a carbon capture and sequestration (CCS) project, with Enbridge as the transportation and storage service provider and Capital Power as the CO2 provider, subject to the Government of Alberta's competitive carbon hub selection process and a future final investment decision.",True,1,,,,,,0
Canadian Natural Resources,https://www.cnrl.com/content/uploads/2024/05/0502-Q124-Front-End.pdf,"Canadian Natural has been piloting solvent enhanced oil recovery technology on certain thermal in situ assets with an objective to increase bitumen production while reducing the Steam to Oil Ratio (""SOR"") and GHG intensities by 40% to 50% and optimizing solvent recovery.",True,1,,,,,,0
Shell Canada,http://web.archive.org/web/20170911225637/http://www.shell.ca/en_ca/media/news-and-media-releases/news-releases-2015/quest-climate-grant.html,"The clothing is manufactured using zero virgin growth within a 320-km production radius to minimize environmental impacts and reduce or eliminate water, petroleum, and C02 waste.",True,1,,,,,,1
Enbridge,https://www.enbridge.com/media-center/news/details?id=123697&lang=en,"Entered into a memorandum of understanding (MoU) with Shell to develop North American low-carbon energy solutions, focused on hydrogen, renewables, and carbon capture",True,1,,,,,,1
Enbridge,https://www.enbridge.com/media-center/news/details?id=123760&lang=en,"Established in 2019, Maple Power, together with its partners and shareholders, manages a portfolio of 3.2 GW (gross) of European offshore wind projects.",False,1,a,,,,,0
Suncor Energy,http://web.archive.org/web/20220703210552/https://sustainability-prd-cdn.suncor.com/-/media/project/suncor/files/news-releases/2010/2010-09-22-suncor-energy-advances-wintering-hills-wind-power-project-en.pdf?modified=20210902050608,'Alberta needs continued investments in good wind projects if it wants to become a serious player in clean energy.,True,1,a,,,"clean, good, serious",,1
Pembina Pipeline,https://www.pembina.com/media-centre/news/details/f89cb2da-6824-4a73-8318-af8fde4a799c,"Pembina will continue to invest in infrastructure to serve customers and enhance its integrated value chain, while also pursuing opportunities in the new ventures portfolio that align with the Company's strategy to enhance access to global markets and better align its future with the transition to a lower-carbon economy.",True,1,,,,,,1
Enbridge,https://www.enbridge.com/media-center/news/details?id=123656&lang=en,"""Sustainability is integral to our ability to safely and reliably deliver the energy people need and want.",True,1,,,,,,1
Imperial Oil,http://web.archive.org/web/20230608050008/https://news.imperialoil.ca/news-releases/news-releases/2023/Imperial-appoints-Senior-Vice-President-Sustainability-Commercial-Development-and-Product-Solutions/default.aspx,"""Imperial recognizes the importance of advancing climate solutions within our operations, as well as providing lower life-cycle emissions products to our customers,"" said Brad Corson, Chairman, President and Chief Executive Officer.",True,1,,,,,,1
Suncor Energy,http://web.archive.org/web/20220701130341/https://sustainability-prd-cdn.suncor.com/-/media/project/suncor/files/news-releases/2011/2011-03-03-suncor-energy-reports-2010-fourth-quarter-results-en.pdf?modified=20210902050623,"the plans for the Wintering Hills wind power project, including targeted completion by the end of 2011 and the expectation that the project will be able to generate enough electricity to power approximately 35,000 Alberta homes and displace 200,000 tonnes of CO2 per year; and",True,1,,approximately,enough,,,0
Shell Canada,http://web.archive.org/web/20170911225000/http://www.shell.ca/en_ca/media/news-and-media-releases/news-releases-2015/oil-sands-companies-demonstrate-leadership-on-climate-change.html,Four of Canada's largest oil sands producers have come together in support of the Government of Alberta's climate plan.,True,1,,,largest,,,1
Shell Canada,https://www.shell.com/news-and-insights/newsroom/news-and-media-releases/2024/shell-to-build-carbon-capture-and-storage-projects-in-canada.html,CO2 emissions captured by Polaris will be sent to the Atlas Hub via an approximately 22-kilometre pipeline to two storage wells.,False,1,,,,,,0
Suncor Energy,http://web.archive.org/web/20221007083517/https://sustainability-prd-cdn.suncor.com/-/media/project/suncor/files/news-releases/2019/2019-09-09-suncor-proceeds-with-cogen-en.pdf?modified=20220921202841,Suncor's greenhouse gas (GHG) emissions associated with steam production at Base Plant will be reduced by approximately 25%,True,1,,,,,,0
Enbridge,https://www.enbridge.com/media-center/news/details?id=123670&lang=en,Enbridge partners with Walker Industries and Comcor Environmental to develop renewable natural gas projects across Canada,False,1,,,,natural,,1
Enbridge,https://www.enbridge.com/media-center/news/details?id=123700&lang=en,"The Genesee CCS Project is expected to capture up to 3 million tonnes of CO2 annually from the repowered units, which would be transported and stored through Enbridge's open access carbon hub that could also serve several other local industrial companies.",True,1,,,,,,0
Enbridge,https://www.enbridge.com/media-center/news/details?id=123788&lang=en,"The project is expected to be immediately accretive to DCF per share and will be complementary to both our growth outlook and energy transition leadership"" said Matthew Akman, Executive Vice President Corporate Strategy and President, Power.",True,1,,,,,,1
Imperial Oil,https://news.imperialoil.ca/news-releases/news-releases/2024/Imperial-announces-third-quarter-2024-financial-and-operating-results/default.aspx,"When completed, the project is expected to have a capacity of more than one billion litres of renewable diesel annually.",False,1,,,,,,0
Enbridge,https://www.enbridge.com/media-center/news/details?id=123674&lang=en,"""ESG leadership is essential to our strategy, and that's why we've been integrating sustainability, diversity and community engagement practices into our operations for over two decades and continue to set new goals for ourselves.",True,1,,,,,,1
Suncor Energy,http://web.archive.org/web/20221007095721/https://sustainability-prd-cdn.suncor.com/-/media/project/suncor/files/news-releases/2021/2021-05-26-nr-su-corporate-strategy-update-en.pdf?modified=20220907174616,This includes Suncor helping its customers contribute to a net-zero world by providing them with cleaner energy choices such as renewable fuels and the Petro-CanadaTM Electric Highway.,True,1,a,,,clean,,1
Shell Canada,http://web.archive.org/web/20170913030336/http://www.shell.ca/en_ca/media/news-and-media-releases/news-releases-2012/auxsable-carbon.html,"""This is an innovative approach that not only helped us to considerably reduce our CO2 footprint, but it's also a big competitive advantage for Shell,"" said Klein.",True,1,,,,,,1
Canadian Natural Resources,https://www.cnrl.com/content/uploads/2023/08/0803-Q223-Front-End.pdf,"Pathways recognizes that there are multiple technologies towards achieving net zero emissions in the oil sands, including the deployment of existing and emerging GHG reduction technologies such as direct air capture, clean hydrogen, process improvements, energy efficiency, fuel switching and electrification.",True,1,,,,,,0
Enbridge,https://www.enbridge.com/media-center/news/details?id=123713&lang=en,"""In Liquids Pipelines, we closed the acquisition of the Ingleside Energy Center, North America's premier light crude oil export platform, with over $1 billion in embedded conventional and low-carbon organic growth potential.",False,1,,,"light, low",crude,we,1
Canadian Natural Resources,https://www.cnrl.com/content/uploads/2023/08/0803-Q223-Front-End.pdf,"By working together, industry and governments have the opportunity to help achieve climate goals, meet economic objectives and support Canada's role in energy security.",True,1,,,,,,1
Imperial Oil,http://web.archive.org/web/20230126130706/https://news.imperialoil.ca/news-releases/news-releases/2023/Imperial-Approves-720-million-for-Largest-Renewable-Diesel-Facility-in-Canada/default.aspx,The low-carbon hydrogen and biofeedstock will be combined with a proprietary catalyst to produce premium lower-emission diesel fuel and will reduce greenhouse gas emissions relative to conventional fuels.,True,1,a,,low,,,1
Suncor Energy,http://web.archive.org/web/20221007083200/https://sustainability-prd-cdn.suncor.com/-/media/project/suncor/files/news-releases/2022/2022-04-04-nr-su-strengthens-focus-en.pdf?modified=20220909190359,Optimizing the portfolio to drive shareholder returns and continue to reduce emissions requires focus and discipline.,True,1,,,,,,1
Enbridge,https://www.enbridge.com/media-center/news/details?id=123670&lang=en,"""Renewable natural gas is a low-carbon fuel that will help us get to net-zero,"" said Seamus O'Regan, Canada's Minister of Natural Resources.",True,1,,,,,,1
Suncor Energy,http://web.archive.org/web/20220704154057/https://sustainability-prd-cdn.suncor.com/-/media/project/suncor/files/news-releases/2012/2012-07-18-suncor-energy-releases-2012-report-on-sustainability-en.pdf?modified=20210902050706,Suncor's climate change action plan has contributed to a 53% decrease in GHG emissions intensity at our oil sands operation from 1990 levels.,True,1,a,,,,our,0
Canadian Natural Resources,https://www.cnrl.com/upload/media_element/1257/06/1107_q319-front-end.pdf,"Canadian Natural has invested over $3.4 billion in research and development from 2009 to 2018 year ended and continues to invest in technology to unlock reserves, become more effective and efficient, increase production and reduce the Company's environmental footprint.",True,1,,,,,,1
Enbridge,https://www.enbridge.com/media-center/news/details?id=123670&lang=en,"""Companies like Enbridge are working to lower emissions, create jobs, and develop new opportunities to transform landfill waste into low-emitting energy.""",True,1,,,,,,1
Enbridge,https://www.enbridge.com/media-center/news/details?id=123670&lang=en,"This partnership provides significant benefits to our environment while stimulating the local economy with jobs.""",False,1,,,,,,1
Enbridge,https://www.enbridge.com/media-center/news/details?id=123818&lang=en,"At Enbridge, we safely connect millions of people to the energy they rely on every day, fueling quality of life through our North American natural gas, oil or renewable power networks and our growing European offshore wind portfolio.",True,1,or,,,"natural, safely","our, we",1
Enbridge,https://www.enbridge.com/media-center/news/details?id=123808&lang=en,"We are advancing new technologies, including hydrogen, renewable natural gas, carbon capture, and storage, and are committed to achieving net zero greenhouse gas emissions by 2050.",False,1,,,,,,1
Shell Canada,http://web.archive.org/web/20170911225637/http://www.shell.ca/en_ca/media/news-and-media-releases/news-releases-2015/quest-climate-grant.html,Helping young entrepreneurs bring climate change innovations to life builds on Shell's efforts to advance low-carbon technologies.,True,1,,,"low, young",,,1
Imperial Oil,http://web.archive.org/web/20210826044201/https://news.imperialoil.ca/news-releases/news-releases/2021/Imperial-to-produce-renewable-diesel-at-Strathcona-refinery/default.aspx,Renewable diesel production will source blue hydrogen (hydrogen produced from natural gas with carbon capture and storage) to substantially reduce greenhouse gas emissions relative to conventional hydrogen production.,True,1,,,,"natural, substantially",,1
Enbridge,https://www.enbridge.com/media-center/news/details?id=123722&lang=en,"Enbridge and Humble plan to develop a utility scale ultra-low carbon production facility, capable of supplying both low-carbon hydrogen and ammonia to meet the growing global and domestic demand.",True,1,,,,,,1
Canadian Natural Resources,https://www.cnrl.com/upload/media_element/1347/04/0805-q221-front-end.pdf,"As of 2020, Canadian Natural reduced oil sands GHG emissions intensity by 38%.",True,1,,,,,,0
Suncor Energy,http://web.archive.org/web/20220704162154/https://sustainability-prd-cdn.suncor.com/-/media/project/suncor/files/news-releases/2009/2009-02-25-suncor-energy-invests-13-8-million-in-charitable-and-non-profit-groups-en.pdf?modified=20210902050516," $35,000 combined investment to environmental education initiatives including the Alberta Council for Environmental Education, and the Colorado Alliance for Environmental Education.",True,1,,,,,,0
Suncor Energy,http://web.archive.org/web/20220704145931/https://sustainability-prd-cdn.suncor.com/-/media/project/suncor/files/news-releases/2010/2010-03-18-suncor-energy-firebag-in-situ-expansion-approved-by-alberta-ercb-en.pdf?modified=20210902050547,"'This expansion keeps us on target for continued production growth, while at the same time reducing the overall environmental intensity of the barrels we produce.'",True,1,,,,,,1
Imperial Oil,http://web.archive.org/web/20220729123336/https://news.imperialoil.ca/news-releases/news-releases/2022/Imperial-announces-second-quarter-2022-financial-and-operating-results/default.aspx,"""We continue to progress a broad range of technology initiatives, including through our support of the Pathways Alliance and its application for carbon capture storage space, our recently announced plans for a lithium-extraction pilot in Alberta with potential use in battery-grade products and a hydrogen production feasibility study in Nanticoke that could help reduce the region's greenhouse gas emissions.""",True,1,,,,,,1
Enbridge,https://www.enbridge.com/media-center/news/details?id=123722&lang=en,"""Humble is pleased to be joining Enbridge in this first-mover effort to develop clean energy alternatives on a world-class scale,"" said Humble Midstream CEO Steven Huckaby.",True,1,,,,,,1
Canadian Natural Resources,https://www.cnrl.com/upload/media_element/1397/371b3b3c9828/0804-q222-front-end.pdf,"We have increased our R&D investment by 33% over 2020 levels with over $450 million invested in 2021 in technology development and deployment, with a focus of this investment on environmental footprint reduction, including reductions in greenhouse gas (""GHG"") emissions, and productivity improvements.",True,1,,,,,,1
Enbridge,https://www.enbridge.com/media-center/news/details?id=123820&lang=en,"We are advancing new technologies, including hydrogen, renewable natural gas, and carbon capture and storage, and are committed to achieving net zero greenhouse gas emissions by 2050.",False,1,,,,,,1
Canadian Natural Resources,https://www.cnrl.com/upload/media_element/1355/02/1104-q3-press-release.pdf,"At Horizon, annual capture capacity is approximately 0.4 million tonnes of CO2 from the hydrogen plant, the equivalent of removing approximately 85,000 cars off the road annually.",True,1,,approximately,,,,0
Enbridge,https://www.enbridge.com/media-center/news/details?id=123817&lang=en,"Historically active in onshore wind power and photovoltaics, the company is now significantly strengthening its position in land-based and floating offshore wind power, as well as in new technologies such as energy storage, floating solar power and agrivoltaics.",True,1,,,,,,1
Enbridge,https://www.enbridge.com/media-center/news/details?id=123691&lang=en,"The team will leverage and build upon Enbridge's early investments in the areas of RNG, hydrogen, and carbon capture, utilization and sequestration (CCUS), as well as other low-carbon technologies.",False,1,,,,,,1
Suncor Energy,http://web.archive.org/web/20230509180102/https://sustainability-prd-cdn.suncor.com/-/media/project/suncor/files/news-releases/2023/2023-05-08-news-release-earnings-q1-2023-en.pdf?modified=20230508234213,"Reducing greenhouse gas (GHG) emissions is a key component of the company's business strategy and long-term vision, and Suncor continues to work collaboratively with industry peers through the Pathways Alliance and with federal and provincial governments.",True,1,,,,,,0
Pembina Pipeline,https://www.pembina.com/media-centre/news/details/a280c537-5f2e-4d14-a653-4cbc5bb0a885,"Pembina has never been one to shy away from a challenge and as the world around us continues to evolve, Pembina is embracing the opportunity to adapt, respond and contribute to a more sustainable future.",False,1,"a, never",around,,sustainable,,1
Canadian Natural Resources,https://www.cnrl.com/upload/media_element/1343/02/0506-q121-front-end.pdf,"As a leader in Carbon, Capture, Utilization and Storage (""CCUS""), Canadian Natural sees many opportunities for industry to advance investments in CCUS projects.",True,1,a,,many,,,1
Suncor Energy,http://web.archive.org/web/20220704150011/https://sustainability-prd-cdn.suncor.com/-/media/project/suncor/files/news-releases/2014/2014-07-16-suncor-energy-releases-2014-report-on-sustainability-en.pdf?modified=20210902050806,"In 2013, Suncor officially opened a peat-accumulating wetland (a fen) native to the boreal forest near our oil sands base plant.",True,1,,,,,,0
Suncor Energy,http://web.archive.org/web/20220703210616/https://sustainability-prd-cdn.suncor.com/-/media/project/suncor/files/news-releases/2010/2010-12-17-suncor-energy-unveils-ten-year-growth-strategy-en.pdf?modified=20210902050617,"'With Total, we not only have a partner with capability and resources that complement our own, but one that shares our vision of responsible energy development through a commitment to a triple bottom line of economic, social and environmental performance.'",True,1,,,,,,1
Enbridge,https://www.enbridge.com/media-center/news/details?id=123726&lang=en,"""In many ways, when Enbridge announced the company's ESG goals in 2020, it galvanized our organization's progression as a company,"" said Pete Sheffield, Enbridge Vice-President and Chief Sustainability Officer.",True,1,,,,,,0
Suncor Energy,http://web.archive.org/web/20220703210501/https://sustainability-prd-cdn.suncor.com/-/media/project/suncor/files/news-releases/2009/2009-04-23-suncor-energy-releases-first-quarter-results-for-2009-en.pdf?modified=20210902050519,"When complete, the plant is expected to support sulphur emissions reductions for existing and planned in-situ developments.",True,1,,,,,,1
Enbridge,https://www.enbridge.com/media-center/news/details?id=123689&lang=en,"In line with that objective, we expect to develop solar power capacity at the terminal site, which will ensure it's the most sustainable export facility in North America and support our company-wide goal of net zero by 2050,"" said Monaco.",True,1,,,,,,1
Suncor Energy,http://web.archive.org/web/20220629124437/https://sustainability-prd-cdn.suncor.com/-/media/project/suncor/files/news-releases/2011/2011-10-13-suncor-energy-ranked-top-canadian-firm-for-climate-change-disclosure-en.pdf?modified=20210902050639,"'We're pleased to be recognized for Suncor's track record of transparent disclosure around our greenhouse gas emissions (GHGs) and our continued focus on managing GHGs through energy efficiency, renewable energy and technology development,' said Gordon Lambert, Suncor's vice president, Sustainability.",True,1,,around,transparent,,our,0
Suncor Energy,http://web.archive.org/web/20220704152831/https://sustainability-prd-cdn.suncor.com/-/media/project/suncor/files/news-releases/2009/2009-10-01-safe-resolution-to-demonstration-at-suncors-site-en.pdf?modified=20210902050526,"These facilities currently offset nearly 700,000 tonnes of greenhouse gases per year.",True,1,,,,,,0
Enbridge,https://www.enbridge.com/media-center/news/details?id=123670&lang=en,"""The production of RNG from landfill gas and its use in existing energy infrastructure is a pathway towards greenhouse gas reductions and a greener energy future in Canada,"" said Walter Graziani, President of Comcor Environmental.",False,1,,,,,,1
Enbridge,https://www.enbridge.com/media-center/news/details?id=123687&lang=en,"""In Gas Transmission, we are proud to be working with the Tennessee Valley Authority (TVA) on an opportunity that has the potential to provide affordable and cleaner energy for the utility's customers.",False,1,an,,,"affordable, clean, proud",we,1
Enbridge,https://www.enbridge.com/media-center/news/details?id=123795&lang=en,B.C. government and industry partners working to develop hydrogen as a low-carbon energy option for families and businesses,False,1,,,,,,1
Enbridge,https://www.enbridge.com/media-center/news/details?id=123845&lang=en,"Our Renewables business currently generates over 5 GW of lower-carbon electricity, which continues to be in high demand from both governments and large blue-chip customers.",False,1,,,"high, large, low",currently,,0
Suncor Energy,http://web.archive.org/web/20220701143738/https://sustainability-prd-cdn.suncor.com/-/media/project/suncor/files/news-releases/2016/2016-07-21-suncor-releases-2016-report-on-sustainability-and-new-long-term-sustainability-goals-en.pdf?modified=20210902050913," A discussion with Fiona Jones, Suncor's general manager of sustainability on the climate change challenge and how we plan to meet our goal of reducing GHG emissions; and",True,1,,,,,,1
Imperial Oil,http://web.archive.org/web/20230504234839/https://news.imperialoil.ca/news-releases/news-releases/2023/Imperial-announces-first-quarter-2023-financial-and-operating-results/default.aspx,"Similarly, discussion of emission-reduction future plans to drive towards net-zero emissions are dependent on future market factors, such as continued technological progress and policy support, and represent forward-looking statements.",True,1,,,,,,0
Enbridge,https://www.enbridge.com/media-center/news/details?id=123740&lang=en,"""This expansion illustrates the immense strategic importance of our B.C. natural gas system in supplying regional and global energy demand with low-emission natural gas,"" said Cynthia Hansen, Executive Vice President and President of Gas Transmission and Midstream at Enbridge.",False,1,,,,,,1
Shell Canada,http://web.archive.org/web/20170911220512/http://www.shell.ca/en_ca/media/news-and-media-releases/news-releases-2015/world-of-science-edmonton-announce-partnership.html,"Once operational, Quest will reduce carbon dioxide (CO2) emissions from the Scotford Upgrader, 50 km northeast of Edmonton, by more than one million tonnes per year - which is like taking 175,000 North American cars off the road.",True,1,,,,,,0
Enbridge,https://www.enbridge.com/media-center/news/details?id=123670&lang=en,"""We are excited to be partnering with leading companies like Comcor Environmental and Enbridge in innovative technologies to provide resource recovery solutions,"" said Geordie Walker, CEO of Walker Industries.",True,1,,,,,,1
Imperial Oil,http://web.archive.org/web/20211029124723/https://news.imperialoil.ca/news-releases/news-releases/2021/Imperial-announces-third-quarter-2021-financial-and-operating-results/default.aspx,"""The Strathcona renewable diesel project not only demonstrates Imperial's commitment and support for Canada's ambition to achieve net-zero by 2050 and transition to lower-emission fuels, but is also expected to generate significant value for our company and shareholders"" said Corson.",True,1,,,,,,1
Suncor Energy,http://web.archive.org/web/20221007103655/https://sustainability-prd-cdn.suncor.com/-/media/project/suncor/files/news-releases/2020/2020-04-14-suncor-supports-communities-through-petro-canada-en.pdf?modified=20220917160733,"'Suncor's purpose is to provide trusted energy that enhances people's lives, while caring for each other and the earth and there's clearly never been a time in our company's history when we've been called upon more to look at what else we can do to support our communities,' said Little.",True,1,"a, never",,little,clearly,"our, we",1
Enbridge,https://www.enbridge.com/media-center/news/details?id=123608&lang=en,"""It is a $2.6 billion investment in the state's critical energy infrastructure, but from the start of the project has been about improving safety and reliability for communities and the environment.",True,1,,,,,,1
Enbridge,https://www.enbridge.com/media-center/news/details?id=123784&lang=en,He urged governments to create the conditions for investment in LNG exports to help global nations switch from coal power generation to lower-carbon natural gas.,False,1,,,,,,1
Enbridge,https://www.enbridge.com/media-center/news/details?id=123713&lang=en,"As we enter 2022, we're progressing plans to expand Ingleside's export capacity while adding up to 60 MWs of solar power to the site, which will enable net negative facility emissions.",False,1,,,,,,0
Suncor Energy,http://web.archive.org/web/20220629124437/https://sustainability-prd-cdn.suncor.com/-/media/project/suncor/files/news-releases/2011/2011-10-13-suncor-energy-ranked-top-canadian-firm-for-climate-change-disclosure-en.pdf?modified=20210902050639,"Suncor is listed on the CDP's 'Carbon Disclosure Leadership Index', which recognizes companies displaying the most professional approach to corporate governance regarding climate change information disclosure practices.",True,1,most,,,,,0
Enbridge,https://www.enbridge.com/media-center/news/details?id=123799&lang=en,"Offshore in France, 50% of turbines have been installed at Fécamp and the 497MW project is expected to achieve commercial operation in the coming months.",False,1,,,,,,0
Shell Canada,http://web.archive.org/web/20170913010653/http://www.shell.ca/en_ca/media/news-and-media-releases/news-releases-2014/shell-idea360.html,"Al-Hurr Al-Dalli, Charles Gedeon and Sami Sayegh have been developing an idea to supplement local water supply by using large, corrugated sails with a hydrophobic coat to condense and collect humidity from the air.",True,1,"a, an",,large,,,0
Pembina Pipeline,https://www.pembina.com/media-centre/news/details/60a97c1d-4e25-48b0-be91-cf80ec73166d,"It remains our view that population growth and rising global living standards will continue to drive energy demand higher, and without affordable, reliable and clean energy, social progress may be significantly delayed or entirely at risk.",False,1,or,,high,"affordable, clean, reliable, significantly",our,1
Suncor Energy,http://web.archive.org/web/20221007084203/https://sustainability-prd-cdn.suncor.com/-/media/project/suncor/files/news-releases/2020/2020-12-08-varennes-biofuel-partnership-en.pdf?modified=20220917163742,"The business is committed to developing sustainable methanol and ammonia as cleaner alternatives to fossil fuels, offering a pathway to drastically cutting emissions in power generation, overland transportation, shipping and industry.",True,1,,,,,,1
Enbridge,https://www.enbridge.com/media-center/news/details?id=123697&lang=en,"In September, we held our inaugural ESG Forum, outlining how we're committed to safely delivering energy, lowering our emissions, and diversifying our workforce.",False,1,,,,safely,"our, we",0
Canadian Natural Resources,https://www.cnrl.com/upload/media_element/1355/02/1104-q3-press-release.pdf,"In 2018, Canadian Natural was one of the first oil companies to announce an aspirational goal of achieving net zero emissions in its oil sands operations.",True,1,,,,,,0
Enbridge,https://www.enbridge.com/media-center/news/details?id=123723&lang=en,"Our diversified asset footprint, integrated North American transportation systems, access to tide water, and established renewable power assets and low-carbon execution capabilities, provide us a competitive advantage.",True,1,a,,low,competitive,,1
Pembina Pipeline,https://www.pembina.com/media-centre/news/details/e9f3cbe3-560d-44c0-a81a-53a70fcba0b2,"To meet the 2030 GHG emissions intensity target, Pembina will focus initially on operational opportunities, greater use of renewable and lower emission energy sources, and investments in a lower carbon economy.",True,1,,,,,,0
Enbridge,https://www.enbridge.com/media-center/news/details?id=123700&lang=en,"Enbridge and Capital Power have agreed to jointly evaluate and advance a CCS project, with Enbridge as the transportation and storage service provider and Capital Power as the CO2 provider, subject to the Government of Alberta's competitive carbon hub selection process and a future final investment decision.",False,1,,,,,,0
Suncor Energy,http://web.archive.org/web/20220704143556/https://sustainability-prd-cdn.suncor.com/-/media/project/suncor/files/news-releases/2009/2009-06-18-suncor-sees-possibilities-outlines-environmental-goals-in-sustainability-report-en.pdf?modified=20210902050521,"As part of its sustainability commitment, the company plans to align its current greenhouse gas (GHG) strategy to address emerging climate change policies by 2010.",True,1,,,,current,,1
Suncor Energy,http://web.archive.org/web/20220704162154/https://sustainability-prd-cdn.suncor.com/-/media/project/suncor/files/news-releases/2009/2009-02-25-suncor-energy-invests-13-8-million-in-charitable-and-non-profit-groups-en.pdf?modified=20210902050516," $675,000 over three years to Earth Day Canada, an environmental education program that provides Canadians with practical knowledge and tools to lessen their impact on the environment.",True,1,an,,,practical,,0
Enbridge,https://www.enbridge.com/media-center/news/details?id=123777&lang=en,We have more than 4.5GW of onshore renewable projects under development and anticipate reaching FID on certain projects by year-end.,True,1,,,,,,0
Suncor Energy,http://web.archive.org/web/20220701100108/https://sustainability-prd-cdn.suncor.com/-/media/project/suncor/files/news-releases/2022/2022-02-02-nr-su-q4-2021-en.pdf?modified=20220203002122,"The company continues to advance a number of strategic initiatives that are expected to contribute to the company's incremental free funds flow, including digital mine optimization, the cogeneration facility at Oil Sands Base plant, the Forty Mile Wind Power Project and investments in technology for our core business systems aimed at improving operational efficiencies.",True,1,a,,,"free, improving","mine, our",0
Suncor Energy,http://web.archive.org/web/20220629134145/https://sustainability-prd-cdn.suncor.com/-/media/project/suncor/images/shared/community-news-files/2016-01-14-evok-announcement-en.pdf?modified=20210930173406,Evok Innovations ('Evok') is a first-of-its kind investment partnership uniting Canada's oil and gas companies and the BC Cleantech CEO Alliance to fund and accelerate the development and commercialization of transformative energy solutions.,True,1,,,,,,0
Enbridge,https://www.enbridge.com/media-center/news/details?id=123712&lang=en,Capital Power and Lehigh Cement's planned carbon capture projects represent an opportunity to avoid nearly four million tonnes of atmospheric CO2 emissions.,False,1,,,,,,0
Enbridge,https://www.enbridge.com/media-center/news/details?id=123758&lang=en,Our people have rallied around these commitments and our early results reflect a focus on continuous improvement and alignment across enterprise-wide business plans.,False,1,a,around,wide,,our,0
Enbridge,https://www.enbridge.com/media-center/news/details?id=123722&lang=en,"""This is a good example of how Enbridge is leveraging existing conventional energy assets and capabilities to extend growth and capitalize on low carbon opportunities in the energy transition,"" said Colin Gruending, Enbridge Executive Vice President and President, Liquids Pipelines.",False,1,,,,,,1
Canadian Natural Resources,https://www.cnrl.com/content/uploads/2024/05/0502-Q124-Front-End.pdf,"We are committed to supporting Canada's and Alberta's climate goals and have robust environmental targets, including net zero greenhouse gas (""GHG"") emissions for the oil sands by 2050.",True,1,,,,,,1
Enbridge,https://www.enbridge.com/media-center/news/details?id=123674&lang=en,"""ESG leadership is essential to our strategy, and that's why we've been integrating sustainability, diversity and community engagement practices into our operations for over two decades and continue to set new goals for ourselves.",False,1,,,,,,1
Enbridge,https://www.enbridge.com/media-center/news/details?id=123674&lang=en,"""We're very excited about our zero emissions investment opportunities that will support our core businesses and help us achieve our ESG goals.",True,1,,about,very,,our,1
Enbridge,https://www.enbridge.com/media-center/news/details?id=123737&lang=en,"Together, we've ensured that Enbridge is well positioned for the energy transition, strongly advocated for our industry, and delivered on our purpose to fuel people's quality of life.",True,1,,,,,,1
Enbridge,https://www.enbridge.com/media-center/news/details?id=123674&lang=en,Last year we set our net-zero emissions by 2050 target and enhanced diversity goals; these goals are now linked to company-wide compensation and this year we also completed our first sustainability linked loan.,True,1,,,wide,complete,"our, we",0
Imperial Oil,http://web.archive.org/web/20230208013440/https://news.imperialoil.ca/news-releases/news-releases/2022/Imperial-provides-2023-corporate-guidance-outlook/default.aspx,"At Cold Lake, the company is focused on progressing capital-efficient projects, including Grand Rapids and the Leming redevelopment, to sustain and grow production while reducing greenhouse gas intensity through accelerated deployment of new recovery technologies that lower emissions.",True,1,,,,,,1
Enbridge,https://www.enbridge.com/media-center/news/details?id=123723&lang=en,Awarded the right to advance the Open Access Wabamun Carbon Hub designed to capture 4 million tonnes of CO2 emissions annually,True,1,,,,,,0
Pembina Pipeline,https://www.pembina.com/media-centre/news/details/8b662902-b799-487e-a4dd-e006a2e9d1ef,Propane would play an important role in addressing the November 2014 joint commitment made by the United States and China to reduce carbon emissions and climate pollution.,False,1,an,,,important,,1
Pembina Pipeline,https://www.pembina.com/media-centre/news/details/e9e91b13-43af-4412-be86-0209f38c9899,"While ensuring sustainable practices across its operations, PETRONAS strives to ensure just and equitable outcomes in transitioning to a lower carbon future.",False,1,,,,,,1
Suncor Energy,http://web.archive.org/web/20220703200905/https://sustainability-prd-cdn.suncor.com/-/media/project/suncor/files/news-releases/2011/2011-06-07-suncor-st-clair-ethanol-plant-safely-achieves-one-billion-litre-production-milestone-en.pdf?modified=20210902050631,one million tonnes of CO2 per year .,True,1,,,,,,1
Canadian Natural Resources,https://www.cnrl.com/upload/media_element/1319/03/0304-q420-front-end.pdf,"In 2020 the Company successfully achieved three of our four current environmental targets relating to GHG and methane emissions intensity reductions and reduced fresh water usage, and as a result we plan to update our environmental targets in Q2/21.",True,1,a,,,"current, fresh, successfully","our, we",0
Enbridge,https://www.enbridge.com/media-center/news/details?id=123670&lang=en,This is just one example of how Enbridge is connecting consumers to renewables sources of energy.,True,1,,,,just,,0
Enbridge,https://www.enbridge.com/media-center/news/details?id=123726&lang=en,"Enbridge leads its sector in tracking and reporting Scope 3 emissions, including metrics that track the emission intensity of the energy it delivers and the impact low-carbon investments have had on global emissions.",True,1,,,low,,,0
Canadian Natural Resources,https://www.cnrl.com/content/uploads/2024/02/0229-Q423-Front-End.pdf,"We are uniquely positioned with diverse, long life low decline assets which are ideal to apply technologies, to reduce GHG emissions and provide industry leading environmental performance.",True,1,,,"long, low",,,1
Imperial Oil,https://news.imperialoil.ca/news-releases/news-releases/2018/Imperial-earns-749-million-in-the-third-quarter-of-2018/default.aspx,Imperial announced its commitment to a 10 percent reduction in greenhouse gas emissions intensity in its oil sands operations by 2023.,True,1,,,,,,0
Enbridge,https://www.enbridge.com/media-center/news/details?id=123723&lang=en,"We've also recently committed to additional actions, including supporting organizations developing science-based guidelines for the midstream sector and engaging with key suppliers to further support Scope 3 emissions reductions.",False,1,,,,,,1
Canadian Natural Resources,https://www.cnrl.com/upload/media_element/1322/03/0609-oil-sands-alliance.pdf,"'This collaborative effort amongst oil sands peers shows our serious commitment to global climate leadership,' said Alex Pourbaix, Cenovus President and CEO.",True,1,,,,serious,our,1
Canadian Natural Resources,https://www.cnrl.com/content/uploads/2022/12/1130-2023-budget-and-new-ghg-emissions-reduction-target.pdf,We believe Canadian energy is one of the most responsibly produced sources of energy in the world and should be the preferred energy choice.,True,1,,,,,,1
Imperial Oil,http://web.archive.org/web/20210622082629/https://news.imperialoil.ca/news-releases/news-releases/2021/Canadas-largest-oil-sands-producers-announce-unprecedented-alliance-to-achieve-net-zero-greenhouse-gas-emissions/default.aspx,"The companies involved look forward to continuing to work with the federal and Alberta governments, and to engaging with local Indigenous communities in northern Alberta to make this ambitious, major emissions-reduction vision a reality so those communities can continue to benefit from Canadian resource development.",True,1,,,,,,1
Canadian Natural Resources,https://www.cnrl.com/content/uploads/2023/11/1102-Q323-Front-End.pdf,Members of Pathways continue to advance community engagement and environmental field programs to minimize the project's environmental disturbance.,True,1,,,,,,1
Imperial Oil,http://web.archive.org/web/20210622082629/https://news.imperialoil.ca/news-releases/news-releases/2021/Canadas-largest-oil-sands-producers-announce-unprecedented-alliance-to-achieve-net-zero-greenhouse-gas-emissions/default.aspx,"""Bold action today demonstrates our commitment to tackling climate change and global climate leadership.",True,1,,,,,,1
Suncor Energy,http://web.archive.org/web/20221007084710/https://sustainability-prd-cdn.suncor.com/-/media/project/suncor/files/news-releases/2022/2022-05-09-earnings-q1-2022-news-release-en.pdf?modified=20220909193039,"Critically important to the delivery of this priority is the company's ability to execute on its near-term plans, including a relentless focus to operate in a safe, reliable, cost-efficient and environmentally responsible manner, while optimizing the company's asset portfolio to maximize value from its core integrated assets.",True,1,,,,,,1
Enbridge,https://www.enbridge.com/media-center/news/details?id=123703&lang=en,"The Genesee CCS Project is expected to capture up to 3 million tonnes of CO2 annually from the repowered units, which would be transported and stored through Enbridge's Open Access Carbon Hub that could also serve several other local industrial companies.",False,1,several,,,,,0
Imperial Oil,https://news.imperialoil.ca/news-releases/news-releases/2019/Imperial-Releases-Energy-and-Carbon-Summary/default.aspx,"""With billions of people expected to join the middle class by 2040, our role is to deliver reliable, affordable energy to support enhanced living standards while reducing environmental impact,"" said Rich Kruger, chairman, president and chief executive officer of Imperial.",True,1,,,,,,1
Enbridge,https://www.enbridge.com/media-center/news/details?id=123817&lang=en,"Today, it can supply nearly 770, 000 people with low-carbon electricity, equivalent to about 60% of the annual electricity consumption of the Seine-Maritime region.",False,1,,,,,,1
Enbridge,https://www.enbridge.com/media-center/news/details?id=123742&lang=en,Rising targets for State renewable portfolio standards and growing private sector demand for zero-carbon electricity are set to drive investment in wind and solar power generation significantly higher over the next decade.,True,1,,,,,,0
Shell Canada,http://web.archive.org/web/20170913010035/http://www.shell.ca/en_ca/media/news-and-media-releases/news-releases-2012/aosp-production.html,"Quest would see more than one million tonnes of CO2 a year captured from the Scotford Upgrader near Edmonton, Alberta and safely stored over two kilometres underground.",True,1,a,,near,safely,,0
Suncor Energy,http://web.archive.org/web/20220704143913/https://sustainability-prd-cdn.suncor.com/-/media/project/suncor/files/news-releases/2010/2010-06-07-suncor-receives-regulatory-approval-to-develop-wintering-hills-wind-power-project-en.pdf?modified=20210902050555,Suncor Energy is a Canadian pioneer in wind power with joint ownership of four wind farms in operation and other projects in the planning stages.,True,1,a,,,,,0
Enbridge,https://www.enbridge.com/media-center/news/details?id=123753&lang=en,The Settlement also includes new incentive mechanisms that provide opportunities to generate incremental earnings through volume optimization and emission reduction initiatives undertaken by B.C. Pipeline.,True,1,,,,,,1
Suncor Energy,http://web.archive.org/web/20230131024652/https://sustainability-prd-cdn.suncor.com/-/media/project/suncor/files/news-releases/2020/2020-07-15-suncor-energy-releases-2020-report-on-sustainability-en.pdf?modified=20220919045236,"Strengthening relationships with Indigenous communities, reducing the carbon intensity of barrels produced, implementing new technologies such as autonomous haul trucks, investing in jet biofuels and building Canada's Electric Highway TM - these activities offer a glimpse into the sustainable future Suncor is working to embed through its business.",True,1,a,,new,sustainable,,0
Enbridge,https://www.enbridge.com/media-center/news/details?id=123723&lang=en,"We're also now developing hydrogen and ammonia opportunities at Ingleside, which will include carbon capture and sequestration that will allow production of low-carbon fuel sources.",True,1,,,,,,1
Canadian Natural Resources,https://www.cnrl.com/upload/media_element/1307/02/1105-q320-front-end.pdf,"Gross carbon capture capacity through these projects combined is approximately 2.7 million tonnes of CO2 annually, equivalent to taking approximately 576,000 vehicles off the road per year.",True,1,,approximately,,,,0
Enbridge,https://www.enbridge.com/media-center/news/details?id=123697&lang=en,"Hydrogen Blending On October 1, 2021, Enbridge's first large scale green hydrogen blending facility located in Markham, Ontario was commissioned, adding up to 2% hydrogen by volume into the gas stream for 3,600 customers.",True,1,,,large,,,0
Enbridge,https://www.enbridge.com/media-center/news/details?id=123758&lang=en,"""The world continues to navigate the energy trilemma of reliability, sustainability and affordability and our premier franchises across the energy system increasingly play a critical role in balancing these objectives.",True,1,,,,,,1
Suncor Energy,http://web.archive.org/web/20220629133234/https://sustainability-prd-cdn.suncor.com/-/media/project/suncor/files/news-releases/2010/2010-09-23-suncor-energy-completes-surface-reclamation-of-first-tailings-pond-en.pdf?modified=20210902050609,"Suncor Energy today marked an industry milestone, becoming the first oil sands company to complete surface reclamation of a tailings pond, a key step in returning the site back to nature.",True,1,"a, an",,,complete,,0
Suncor Energy,http://web.archive.org/web/20220703210552/https://sustainability-prd-cdn.suncor.com/-/media/project/suncor/files/news-releases/2010/2010-09-22-suncor-energy-advances-wintering-hills-wind-power-project-en.pdf?modified=20210902050608,"""Wintering Hills will be Suncor's biggest wind power project to date and another example of Suncor's ongoing commitment to increasing renewable energy options in Canada.'",True,1,,,,big,,1
Suncor Energy,http://web.archive.org/web/20220704145406/https://sustainability-prd-cdn.suncor.com/-/media/project/suncor/files/news-releases/2011/2011-03-04-suncor-energy-recognized-for-reclamation-efforts-en.pdf?modified=20210902050623,"In 2010, Suncor marked an industry milestone by becoming the first oil sands company to achieve a solid surface on a decommissioned tailings pond - Pond 1, now named Wapisiw Lookout.",True,1,"a, an",,,solid,,0
Enbridge,https://www.enbridge.com/media-center/news/details?id=123674&lang=en,"In Quebec, we're now developing a new 20 MW green hydrogen facility with Evolugen and last week we announced a new partnership with Walker Industries and Comcor Environmental to develop renewable natural gas projects across Canada.",True,1,,,,,,0
Enbridge,https://www.enbridge.com/media-center/news/details?id=123665&lang=en,"In total, Enbridge has 5.1 GW of gross renewable energy capacity in construction and operation, and another 3.3 GW of gross renewable energy capacity in various stages of development.",False,1,"total, various",,,,,0
Pembina Pipeline,https://www.pembina.com/media-centre/news/details/c8f37bc6-7e6a-480b-8afd-c78c10c51abf,"Failure to maintain compliance with these requirements could result in operational interruptions, fines or penalties, or the need to install potentially costly pollution control technology.",False,1,,,,,,1
Suncor Energy,http://web.archive.org/web/20221007101949/https://sustainability-prd-cdn.suncor.com/-/media/project/suncor/files/news-releases/2021/2021-06-06-pathways-press-release-en.pdf?modified=20220907174624,"While alternative energy sources will play an increasingly important role in the decades ahead, all internationally recognized forecasts indicate fossil fuels will continue to be an essential requirement through 2050 and beyond as part of a diversified energy mix, including as a feedstock for carbon fibres, asphalt, plastics and other important products.",True,1,,,,,,1
Shell Canada,http://web.archive.org/web/20191014092912/https://www.shell.ca/en_ca/media/news-and-media-releases/news-releases-2012/first-oil-sands-ccs-project.html,"Quest will reduce direct emissions from the Scotford Upgrader by up to 35 per cent – the equivalent of taking 175,000 North American cars off the road annually.",True,1,,,,,,0
Enbridge,https://www.enbridge.com/media-center/news/details?id=123736&lang=en,"""TGE will enhance Enbridge's renewable platform and accelerate our North American growth strategy,"" said Al Monaco, Enbridge's President and Chief Executive Officer.",False,1,,,,,,1
Enbridge,https://www.enbridge.com/media-center/news/details?id=123787&lang=en,"Enbridge, through its wholly owned subsidiary, has signed a definitive agreement with a wholly owned subsidiary of Canada Pension Plan Investment Board (CPP Investments) to purchase its interests in the Hohe See Offshore Wind Farm and Albatros Offshore Wind Farm for total consideration of €625 million, comprised of €267 million of cash and €358 million of assumed debt.",True,1,"a, total",,,interest,,0
Canadian Natural Resources,https://www.cnrl.com/upload/media_element/1281/02/0305_q419-front-end.pdf,"Canadian Natural has invested significant capital to capture and sequester CO2, making the Company one of the largest CO2 capturers and sequesterers for the oil and natural gas sector globally.",True,1,,,,,,1
Enbridge,https://www.enbridge.com/media-center/news/details?id=123687&lang=en,"The 2020 Sustainability Report has introduced new metrics to track the Scope 3 emissions intensity of the energy transported by Enbridge and how investments in renewable natural gas, hydrogen and renewable electricity are advancing the energy transition.",False,1,,,new,natural,,0
Suncor Energy,http://web.archive.org/web/20221007095422/https://sustainability-prd-cdn.suncor.com/-/media/project/suncor/files/news-releases/2021/2021_03_18_nr_su_svante_en.pdf?modified=20220907174531,Suncor and Svante Inc. today announced an equity financing agreement which provides Svante with the additional growth capital to accelerate the commercialization of Svante's novel second generation CO2 capture technology in North America for the decarbonization of industrial emissions and hydrogen production.,True,1,an,,,,,0
Shell Canada,http://web.archive.org/web/20190926171658/https://www.shell.ca/en_ca/media/news-and-media-releases/news-releases-2019/quest-ccs-facility-reaches-major-milestone.html,"The geological formation used for storage, which is prevalent across much of Western Canada, is demonstrating incredible capacity for CO2 injection.",True,1,,,,,,1
Suncor Energy,http://web.archive.org/web/20221007102843/https://sustainability-prd-cdn.suncor.com/-/media/project/suncor/files/news-releases/2021/2021-07-28-nr-su-q2-2021-en.pdf?modified=20220907174649,"Over the medium-term, Suncor expects to allocate approximately 10% of its annual capital budget (approximately $500 million per year) on investments that are intended to advance its lower-carbon energy offering.",True,1,,,,,,0
Imperial Oil,http://web.archive.org/web/20230126130706/https://news.imperialoil.ca/news-releases/news-releases/2023/Imperial-Approves-720-million-for-Largest-Renewable-Diesel-Facility-in-Canada/default.aspx,"The project at Imperial's Strathcona refinery near Edmonton is expected to produce more than one billion litres of renewable diesel annually primarily from locally sourced feedstocks and could help reduce greenhouse gas emissions in the Canadian transportation sector by about 3 million metric tons per year, as determined in accordance with Canada's Clean Fuel Regulation.",True,1,,,,,,0
Enbridge,https://www.enbridge.com/media-center/news/details?id=123731&lang=en,"Emissions continue to trend positively towards our 2030 interim target, employee diversity is growing, and our safety results remain industry leading.",True,1,,,,,,1
Enbridge,https://www.enbridge.com/media-center/news/details?id=123650&lang=en,"""We have now received all federal permits required for replacing Line 3, an essential maintenance project that will better protect Minnesota communities and the environment,"" said Leo Golden Vice President of Line 3 Execution.",True,1,,,,,,1
Enbridge,https://www.enbridge.com/media-center/news/details?id=123687&lang=en,"The global economic recovery is now well underway, and our assets have been essential in assuring access to reliable and affordable conventional and renewable energy throughout this critical period.",False,1,,,,"affordable, critical, essential, reliable, well",our,1
Enbridge,https://www.enbridge.com/media-center/news/details?id=123857&lang=en,"Clear Fork will be a utility scale solar facility located near San Antonio, with 600 MW of capacity.",False,1,,,,,,0
Pembina Pipeline,https://www.pembina.com/media-centre/news/details/8de8f5c1-f954-4fa0-9e4f-9dcdc0ad97f8,We are committed to reducing the greenhouse gas (GHG) emission intensity in each of our businesses.,False,1,,,,,our,1
Suncor Energy,http://web.archive.org/web/20220703212548/https://sustainability-prd-cdn.suncor.com/-/media/project/suncor/files/news-releases/2011/2011-03-25-suncor-energy-doubles-production-capacity-at-st-clair-ethanol-plant-en.pdf?modified=20210902050625,"The expanded St. Clair Ethanol Plant, along with Suncor's investment in four operating wind power projects across Canada, is expected to displace the equivalent of nearly one million tonnes of carbon dioxide per year - the equivalent of the annual tailpipe emissions of approximately 200,000 cars.",True,1,,,,,,0
Shell Canada,http://web.archive.org/web/20210713152107/https://www.shell.ca/en_ca/media/news-and-media-releases/news-releases-2021/shell-proposes-large-scale-ccs-facility-in-alberta.html,"Once fully built, Polaris would contribute to the Edmonton region becoming Canada's first hydrogen hub.",True,1,,,,fully,,1
Enbridge,https://www.enbridge.com/media-center/news/details?id=123687&lang=en,"The U.S. Army Corp of Engineers is proceeding with an environmental impact statement to support its permitting process, which is expected to strengthen the regulatory record, and the Michigan Public Service Commission continues to progress its permitting process.",True,1,,,,,,0
Enbridge,https://www.enbridge.com/media-center/news/details?id=123806&lang=en,"Abundant, cost-competitive and sustainable conventional and lower carbon energy sources provide people with the energy they need while supporting countries and communities in meeting global emission targets.",True,1,,,,,,1
Canadian Natural Resources,https://www.cnrl.com/upload/media_element/1181/06/0802_q2-18-front-end.pdf,"At Canadian Natural's Oil Sands operations, which represent approximately 66% of the Company's liquids production, the Company's emissions intensity is only approximately 5% higher than the average intensity for all global crude oils.",True,1,,,,,,0
Enbridge,https://www.enbridge.com/media-center/news/details?id=123831&lang=en,"""Looking forward, we see ongoing opportunities and benefits of AI, in terms of data analytics, asset and process optimization, security and cost and emissions savings,"" said Ivaturi.",False,1,,,,,,1
Canadian Natural Resources,https://www.cnrl.com/content/uploads/2023/03/0302-Q422-Front-End.pdf,"Canada and Canadian Natural are well positioned to deliver affordable, reliable, safe and responsibly produced energy that the world needs through leading ESG performance.",True,1,,,,"affordable, reliable, safe, well",,1
Suncor Energy,http://web.archive.org/web/20220703210616/https://sustainability-prd-cdn.suncor.com/-/media/project/suncor/files/news-releases/2010/2010-12-17-suncor-energy-unveils-ten-year-growth-strategy-en.pdf?modified=20210902050617,"While Suncor's primary growth focus remains on its large oil sands resource base, 2011 growth spending is also planned for operations in international and offshore operations and renewable energy projects.",True,1,,,,,,0
Pembina Pipeline,https://www.pembina.com/media-centre/news/details/87981cd6-b786-4a87-b62b-a6794238f970,The Facility is contemplated to utilize innovative technology to capture a significant amount of the CO2 emissions with the potential for integrated transportation and sequestration on the proposed Alberta Carbon Grid being developed by Pembina and TC Energy.,True,1,,,,,,1
Enbridge,https://www.enbridge.com/media-center/news/details?id=123711&lang=en,"""These types of partnerships on critical technologies like CCUS are how we will win the fight against climate change and demonstrate to Canadians and the world how our hard to abate industry will reach its net-zero ambition.",False,1,,,,,,1
Canadian Natural Resources,https://www.cnrl.com/content/uploads/2024/06/0620-Pathways-Competition-Act-amendments.pdf,All references to GHG emission reduction in this announcement apply to emissions from oil sands operations (defined as scope 1 and scope 2 emissions).,False,1,,,,,,0
Suncor Energy,http://web.archive.org/web/20221007101949/https://sustainability-prd-cdn.suncor.com/-/media/project/suncor/files/news-releases/2021/2021-06-06-pathways-press-release-en.pdf?modified=20220907174624,'Every credible energy forecast indicates that oil will be a major contributor to the energy mix in the decades ahead and even beyond 2050.,True,1,,,,,,1
Enbridge,https://www.enbridge.com/media-center/news/details?id=123713&lang=en,"We recognize that leading our industry also comes with the responsibility of continuous improvement, which is why we are committing to new measures that further align our business with the emissions reductions targets we established in late 2020.",True,1,,,"late, new",,"our, we",1
Canadian Natural Resources,https://www.cnrl.com/upload/media_element/1347/04/0805-q221-front-end.pdf,"25% reduction in oil sands GHG emissions intensity by 2025, from a 2016 baseline.",True,1,,,,,,0
Pembina Pipeline,https://www.pembina.com/media-centre/news/details/1ef316a9-bdaa-44cc-93f0-06f6e4583a5a,The Project is strategically positioned to leverage Canada's abundant natural gas supply and deliver a lower-carbon energy option to global markets.,False,1,,,,,,1
Enbridge,https://www.enbridge.com/media-center/news/details?id=123758&lang=en,"""The strength of our core businesses, disciplined approach to capital allocation and strong balance sheet places us in a great position to meet growing energy demand safely, reliably, affordably and sustainably.",True,1,a,,,"great, reliably, safely, strong, sustainably",our,1
Pembina Pipeline,https://www.pembina.com/media-centre/news/details/e9e91b13-43af-4412-be86-0209f38c9899,"The Agreement also demonstrates the shared commitment of both Pembina and PETRONAS to realize the long-term potential of Canadian LNG, supporting energy security and advancing the transition to cleaner fuels in Asia.",False,1,,,,,,1
Suncor Energy,http://web.archive.org/web/20220629130830/https://sustainability-prd-cdn.suncor.com/-/media/project/suncor/files/news-releases/2010/2010-08-17-suncor-energy-releases-2010-report-on-sustainability-en.pdf?modified=20210902050604,Our climate change action plan has contributed to a 53 per cent decrease in mineable oil sands greenhouse gas emission intensity from 1990 levels.,True,1,,,,,,0
Enbridge,https://www.enbridge.com/media-center/news/details?id=123687&lang=en,"Enbridge now has three operating facilities across its systems, with another four projects totaling 40 MW of renewable generation planned for late 2022 on the Liquids Mainline and Flanagan South pipelines.",True,1,,,,,,0
Enbridge,https://www.enbridge.com/media-center/news/details?id=123713&lang=en,"To this end, the Company set ambitious ESG goals in 2020, which include net zero on Scope 1 and 2 emissions by 2050 with an interim target to reduce the intensity of its greenhouse gas (GHG) emissions 35% by 2030.",False,1,,,,,,0
Enbridge,https://www.enbridge.com/media-center/news/details?id=123769&lang=en,"Issued US$2.3 billion aggregate amount of sustainability-linked bonds (SLB) in the U.S., further strengthening Enbridge's commitment to its emissions reduction goals",False,1,,,,,,0
Enbridge,https://www.enbridge.com/media-center/news/details?id=123713&lang=en,"That approach is driving our strategies at Enbridge, including investment in renewables and new low-carbon energy infrastructure, and setting near-term emissions reduction targets and net zero by 2050.",True,1,,,"low, near, new",,our,1
Enbridge,https://www.enbridge.com/media-center/news/details?id=123736&lang=en,"TGE's large development portfolio is well-positioned to capitalize on this growth, including 3.9 GW of renewable generation projects TGE previously sold to operators, which will generate development fees and accretion to distributable cashflow per share in the first year following the acquisition of TGE.",False,1,,,large,well,,0
Suncor Energy,http://web.archive.org/web/20221007101949/https://sustainability-prd-cdn.suncor.com/-/media/project/suncor/files/news-releases/2021/2021-06-06-pathways-press-release-en.pdf?modified=20220907174624,"MEG is an energy company focused on sustainable in situ thermal oil production in the southern Athabasca oil region of Alberta, Canada.",True,1,,,,,,1
Shell Canada,https://www.shell.ca/en_ca/media/news-and-media-releases/news-releases-2025/shell-increases-interest-in-scotford-upgrader-and-quest-ccs-facility-and-fully-exits-oil-sands.html,"Also, in this media release we may refer to Shell's ""Net Carbon Intensity"" (NCI), which includes Shell's carbon emissions from the production of our energy products, our suppliers' carbon emissions in supplying energy for that production and our customers' carbon emissions associated with their use of the energy products we sell.",False,1,,,,,"our, we",0
Pembina Pipeline,https://www.pembina.com/media-centre/news/details/52b910c1-6fa6-4005-b3c2-58a1956dd8cd,"Cedar LNG is a partnership between the Haisla Nation and Pembina Pipeline Corporation (Pembina) and is strategically positioned to leverage Canada's abundant natural gas supply and provide a critical, Indigenous-partnered solution to support the global clean energy transition.",True,1,"a, between",,,"abundant, clean, critical, natural",,1
Canadian Natural Resources,https://www.cnrl.com/upload/media_element/1223/04/0509_q119-front-end.pdf,"At Canadian Natural's Oil Sands Mining and Upgrading and thermal in situ operations, which represent approximately 65% of the Company's liquids production, the Company's emissions intensity is only approximately 5% higher than the average intensity for all global crude oils.",True,1,,,,,,0
Pembina Pipeline,https://www.pembina.com/media-centre/news/details/33debf84-3a1f-497a-9fba-438be44f3952,"Collectively, these partnerships support Pembina's global market access strategy, allow for meaningful Indigenous participation in Canadian energy development, and provide an important large-scale infrastructure platform needed for Alberta-based industries to effectively manage their greenhouse gas emissions and contribute positively to a lower-carbon economy.",True,1,,,,,,0
Shell Canada,http://web.archive.org/web/20191014092912/https://www.shell.ca/en_ca/media/news-and-media-releases/news-releases-2012/first-oil-sands-ccs-project.html,"""Lower CO2 energy sources will grow, but even by 2050 at least 65 per cent of our energy will still come from fossil fuels.",True,1,,,,,,1
Suncor Energy,http://web.archive.org/web/20221007095721/https://sustainability-prd-cdn.suncor.com/-/media/project/suncor/files/news-releases/2021/2021-05-26-nr-su-corporate-strategy-update-en.pdf?modified=20220907174616,"Suncor plans to accomplish this by reducing emissions in its base business - expanding in areas where the company has existing expertise and where it can continue to lower the cost and carbon profile of the existing base business and assets - and at the same time growing its renewable fuels, electricity, and hydrogen businesses.",True,1,,,,,,0
Enbridge,https://www.enbridge.com/media-center/news/details?id=123703&lang=en,Up to $6 billion per year of highly visible conventional and low-carbon organic growth opportunities support post-2024 cashflow growth,False,1,,,"highly, low",,,1
Pembina Pipeline,https://www.pembina.com/media-centre/news/details/a280c537-5f2e-4d14-a653-4cbc5bb0a885,"Our strong commitment to ESG is being demonstrated by the ambitious new projects, partnerships and targets we announced this past year.",True,1,,,new,"ambitious, strong",we,1
Shell Canada,http://web.archive.org/web/20190926171658/https://www.shell.ca/en_ca/media/news-and-media-releases/news-releases-2019/quest-ccs-facility-reaches-major-milestone.html,"""Canada's oil and natural gas sector recognized the need to reduce CO2 emissions and by leveraging technology and Canadian ingenuity, we are delivering impressive results,"" said Tim McKay, President, Canadian Natural Resources Limited.",True,1,,,,,,1
Shell Canada,http://web.archive.org/web/20210218005531/https://www.shell.ca/en_ca/media/news-and-media-releases/news-releases-2021/shell-sells-non-core-canadian-shale-assets-to-crescent-point-energy.html,"Shell's footprint in Canada includes a 40% interest in LNG Canada; shale gas positions in British Columbia (Groundbirch) and shale gas and liquids positions in Alberta (Gold Creek); the Scotford Complex in Alberta, identified as one of Shell's six high-value energy and chemicals parks; investments in cleaner energy including the first waste-to-low-carbon-fuels plant in Québec; and a growing Retail business with around 1,400 Shell-branded sites across Canada, among others.",True,1,,,,,,0
Enbridge,https://www.enbridge.com/media-center/news/details?id=123736&lang=en,"TGE is currently the third largest onshore wind developer in the US, with a development portfolio of wind and solar projects representing more than 7 GW of renewable generation capacity.",True,1,,,,,,0
Enbridge,https://www.enbridge.com/media-center/news/details?id=123687&lang=en,This issuance further demonstrates Enbridge's commitment to the ESG goals the Company set out in November 2020 and to industry leading performance.,True,1,,,,,,1
Enbridge,https://www.enbridge.com/media-center/news/details?id=123769&lang=en,"""The joint venture with Yara to construct a uniquely positioned blue ammonia project demonstrates how our existing conventional asset base is leading to significant lower-carbon infrastructure opportunities.",False,1,,,,,,0
Enbridge,https://www.enbridge.com/media-center/news/details?id=123703&lang=en,"$0.1 billion floating offshore wind project off the southern coast of France, reflecting the Company's commitment to renewable leadership and innovation.",True,1,,,,,,0
Enbridge,https://www.enbridge.com/media-center/news/details?id=123697&lang=en,We've now commissioned our first hydrogen blending pilot facility serving the Utility's customers and commenced construction of our seventh RNG project.,True,1,,,,,,0
Pembina Pipeline,https://www.pembina.com/media-centre/news/details/b5658227-fae2-4f23-a8bf-3fd267417caf,"Pembina views power purchase agreements as an effective tool to support development of renewable energy infrastructure, lower emissions and support the transition to a lower carbon energy system.",True,1,,,,,,1
Enbridge,https://www.enbridge.com/media-center/news/details?id=123817&lang=en,It is also investing in new technologies to support the energy transition.,False,1,,,,,,1
Suncor Energy,https://www.suncor.com/-/media/project/suncor/files/news-releases/2024/2024-06-06-news-release-rk-remarks-envi-committee-en.pdf?modified=20240614163431&created=20240606222422,Suncor (TSX: SU) (NYSE: SU) President and Chief Executive Officer Rich Kruger says Canada can increase its prosperity for the benefit of all Canadians while also mitigating the impacts of climate change if government and industry work together.,False,1,,,,,,1
Suncor Energy,http://web.archive.org/web/20240405023916/https://sustainability-prd-cdn.suncor.com/-/media/project/suncor/files/news-releases/2024/2024-03-07-nr-fort-mckay-first-nation-and-su-to-partner-on-prospective-os-dev-opportunity-en.pdf?modified=20240307180837,"Building on decades of collaboration, the announcement marks a significant milestone for FMFN, a leader in working with industry to create opportunities for its people while safeguarding the environment, and in Suncor's Journey of Reconciliation.",True,1,,,,,,1
Suncor Energy,http://web.archive.org/web/20220703212548/https://sustainability-prd-cdn.suncor.com/-/media/project/suncor/files/news-releases/2011/2011-03-25-suncor-energy-doubles-production-capacity-at-st-clair-ethanol-plant-en.pdf?modified=20210902050625,"'The St. Clair Ethanol Plant is the platform for growth of Suncor's biofuels portfolio, and our successful expansion of the plant's capacity not only reinforces our commitment to increasing renewable energy options in Canada but builds on the strength of our relationship with the St. Clair Township and the Sarnia-Lambton Region,' said Jim Provias, vice-president, Renewable Energy.",True,1,,,,successful,our,0
Enbridge,https://www.enbridge.com/media-center/news/details?id=123713&lang=en,"In North America, we have ten solar self-power projects under construction across our liquids and gas transmission systems, which will generate about 100 MW of renewable power, and further lower our emissions.",True,1,,,,,,0
Enbridge,https://www.enbridge.com/media-center/news/details?id=123747&lang=en,"Enbridge and OLCV signed a letter of intent to explore this joint project, which would provide a complete CO2 solution for area emitters through the development of a pipeline transportation system and sequestration facility.",False,1,,,,,,0
Suncor Energy,http://web.archive.org/web/20220629130830/https://sustainability-prd-cdn.suncor.com/-/media/project/suncor/files/news-releases/2010/2010-08-17-suncor-energy-releases-2010-report-on-sustainability-en.pdf?modified=20210902050604,"'This report highlights not only our continued investment in innovation and growth as we responsibly develop Canada's oil sands, but also addresses some of the challenges we face,' said Rick George, President and CEO, Suncor Energy.",True,1,some,,,challenge,"our, we",1
Pembina Pipeline,https://www.pembina.com/media-centre/news/details/0684153a-9d56-4f5a-943c-88a4bf182e27,The Project will have one of the cleanest environmental profiles in the world.,False,1,,,,,,1
Enbridge,https://www.enbridge.com/media-center/news/details?id=123817&lang=en,"Located between 13 and 24 km from the northern coast of France, the wind farm will help support France's energy transition objectives, which aim to achieve a 33% share of renewable energy in its energy mix by 2030.",False,1,,,,,,0
Shell Canada,http://web.archive.org/web/20210105103956/https://www.shell.ca/en_ca/media/news-and-media-releases/news-releases-2021/shell-invests-in-quebecs-first-waste-to-low-carbon-fuels-plant.html,"""Building a commercial-scale low-carbon fuels plant is one of the ways Shell is advancing cleaner fuels and evolving to meet the changing expectations of our customers,"" said Michael Crothers, Shell Canada President and Country Chair.",True,1,,,,,,0
Enbridge,https://www.enbridge.com/media-center/news/details?id=123632&lang=en,"Our core businesses include liquids pipelines, which transports approximately 25 percent of the crude oil produced in North America; gas transmission and midstream, which transports approximately 20 percent of the natural gas consumed in the U.S.; gas distribution and storage, which serves approximately 3.8 million retail customers in Ontario and Quebec; and renewable power generation, which generates approximately 1,750 mw of net renewable power in North America and Europe.",True,1,,approximately,,"crude, natural",,0
Enbridge,https://www.enbridge.com/media-center/news/details?id=123697&lang=en,"Today, we're leveraging these platforms to make disciplined investments in hydrogen, RNG and carbon capture opportunities, and to extend long-term growth and further strengthen our resilience.",True,1,,,,,,1
Enbridge,https://www.enbridge.com/media-center/news/details?id=123817&lang=en,"At Enbridge, we safely connect millions of people to the energy they rely on every day, fueling quality of life through our North American natural gas, oil, and renewable power networks and our growing European offshore wind portfolio.",True,1,,,,,,1
Imperial Oil,http://web.archive.org/web/20210622082629/https://news.imperialoil.ca/news-releases/news-releases/2021/Canadas-largest-oil-sands-producers-announce-unprecedented-alliance-to-achieve-net-zero-greenhouse-gas-emissions/default.aspx,"""The Oil Sands Pathways to Net Zero initiative is an industry driven, made-in-Alberta solution which will strengthen our position as global ESG leaders,"" said Sonya Savage, Alberta's Minister of Energy.",True,1,,,,,,1
Enbridge,https://www.enbridge.com/media-center/news/details?id=123730&lang=en,"""We believe this agreement speaks to the credentials of the project, from our world-leading Indigenous partnerships to the incredible environmental due diligence, and the ambition of Woodfibre LNG to produce the lowest-emissions LNG in the world.""",True,1,,,,,,1
Canadian Natural Resources,https://www.cnrl.com/upload/media_element/1281/02/0305_q419-front-end.pdf,"Through the Company's pneumatic retrofit program which began in 2018, the Company reduced approximately 400,000 tonnes of CO2 equivalent per year by completing approximately 4,000 controller retrofits by the end of 2019.",True,1,,,,,,0
Suncor Energy,http://web.archive.org/web/20220704150723/https://sustainability-prd-cdn.suncor.com/-/media/project/suncor/files/news-releases/2018/2018-01-30-suncor-implements-first-commercial-fleet-of-autonomous-haul-trucks-in-the-oil-sands-en.pdf?modified=20210902051010,"Over the next six years, the company expects to deploy more than 150 autonomous haul trucks in the full program, which will be one of the largest investments in electric autonomous vehicles in the world.",True,1,,,largest,full,,0
Enbridge,https://www.enbridge.com/media-center/news/details?id=123647&lang=en,Achieve net zero emissions from our business by 2050,True,1,,,,,,1
Enbridge,https://www.enbridge.com/media-center/news/details?id=123736&lang=en,The TGE team has successfully developed and monetized over 6 GW of utility scale renewable projects since its inception in 2009.,True,1,,,,,,0
Pembina Pipeline,https://www.pembina.com/media-centre/news/details/e9f3cbe3-560d-44c0-a81a-53a70fcba0b2,The energy evolution to a lower carbon economy will create new opportunities for Pembina and its stakeholders.,False,1,a,,"low, new",,,1
Suncor Energy,http://web.archive.org/web/20221007100415/https://sustainability-prd-cdn.suncor.com/-/media/project/suncor/files/news-releases/2020/2020-10-28-suncor-energy-reports-third-quarter-2020-results-en.pdf?modified=20220917163106,"These projects will be underscored by digital technology adoption as the company continues to accelerate its digital transformation strategy aimed at improving the reliability, safety and environmental performance of its operations and which the company anticipates will enable operational efficiencies that will provide further structural cost savings.",True,1,,,,,,1
Suncor Energy,http://web.archive.org/web/20221007083200/https://sustainability-prd-cdn.suncor.com/-/media/project/suncor/files/news-releases/2022/2022-04-04-nr-su-strengthens-focus-en.pdf?modified=20220909190359,"In support of this objective, Suncor is focusing its efforts in areas that are complementary to its base business including replacing coke-fired boilers at Base Plant with lower emission cogeneration units and accelerating commercial scale deployment of carbon capture technology.",True,1,,,low,,,1
Imperial Oil,https://news.imperialoil.ca/news-releases/news-releases/2025/Imperial-appoints-new-president-CEO-Brad-Corson-announces-retirement/default.aspx,"""Importantly, Brad has also positioned the company and its employees for future competitive success with strategic projects, including growth projects at Kearl and Cold Lake, the Strathcona renewable diesel facility and Low Carbon Solutions business, and as a founding member of the Pathways Alliance initiative to reduce emissions from oil sands operations.""",False,1,,,,,,1
Canadian Natural Resources,https://www.cnrl.com/upload/media_element/1302/02/0806-q220-front-end.pdf,"The project has the potential to reduce the Company's bitumen production GHG emissions by approximately 40% and lower the Company's environmental footprint by decreasing the handling of material, reducing the distance driven by its fleet of haul trucks, decreasing the size and need for tailings ponds and accelerating site reclamation.",True,1,,,,,,0
Suncor Energy,http://web.archive.org/web/20221007084834/https://sustainability-prd-cdn.suncor.com/-/media/project/suncor/files/news-releases/2021/2021_05_03_nr_su_q1_2021_en.pdf?modified=20220907174546,"With support from Suncor and other companies, Svante plans to continue developing its technology to capture CO2 from industrial processes at reduced costs.",True,1,,,,,,0
Enbridge,https://www.enbridge.com/media-center/news/details?id=123626&lang=en,"In total, Enbridge has interest in 28 facilities totalling 1.8 GW of net renewable power generation capacity in operation.",True,1,total,,,,,0
Canadian Natural Resources,https://www.cnrl.com/content/uploads/2022/12/1130-2023-budget-and-new-ghg-emissions-reduction-target.pdf,"New target: 40% reduction in total corporate absolute Scope 1 and Scope 2 GHG emissions by 2035, from a 2020 baseline.",True,1,,,,,,0
Pembina Pipeline,https://www.pembina.com/media-centre/news/details/b1e6cd86-805b-4efb-b2e9-77035a75b04d,"Pembina is a trusted member of the communities in which it operates and is committed to generating value for its investors by running its businesses in a safe, environmentally responsible manner that is respectful of community stakeholders.",False,1,,,,,,1
Canadian Natural Resources,https://www.cnrl.com/content/uploads/2023/11/1102-Q323-Front-End.pdf,"The proposed carbon storage hub would be one of the world's largest carbon capture and storage projects and would be connected to a transportation line that would initially gather captured CO2 from an anticipated 14 oil sands facilities in the Fort McMurray, Christina Lake and Cold Lake regions.",True,1,,,,,,1
Enbridge,https://www.enbridge.com/media-center/news/details?id=123687&lang=en,"Construction on three French offshore wind projects progressing well, which will collectively generate 1.4 GW (0.3 GW net) of renewable power once placed into service",True,1,collectively,,,well,,0
Enbridge,https://www.enbridge.com/media-center/news/details?id=123665&lang=en,"EIH S.à r.l., which owns 42.5% of the project via Eolien Maritime France, is a subsidiary of Enbridge Inc., a leading North American energy infrastructure company, with substantial renewable energy investments across North America and investments in several major European offshore wind projects.",False,1,,,,,,1
Canadian Natural Resources,https://www.cnrl.com/content/uploads/2024/05/0502-Q124-Front-End.pdf,"50% reduction in North America E&P (including thermal in situ) methane emissions by 2030, from a 2016 baseline",True,1,a,,,,,0
Canadian Natural Resources,https://www.cnrl.com/upload/media_element/1322/03/0609-oil-sands-alliance.pdf,'We are doing more than just talking about the need to play a role - we are taking bold action to address our emissions challenge and earn our spot as the supplier of choice to meet the world's growing demand for energy.',True,1,,,,,,1
Suncor Energy,http://web.archive.org/web/20221007083517/https://sustainability-prd-cdn.suncor.com/-/media/project/suncor/files/news-releases/2019/2019-09-09-suncor-proceeds-with-cogen-en.pdf?modified=20220921202841,Replacing the coke-fired boilers with cogeneration will reduce GHG emissions associated with steam production at Base Plant by approximately 25%.,True,1,,approximately,,,,0
Canadian Natural Resources,https://www.cnrl.com/upload/media_element/1223/04/0509_q119-front-end.pdf,The project has the potential to reduce the Company's carbon emissions and environmental,True,1,,,,,,1
Enbridge,https://www.enbridge.com/media-center/news/details?id=123638&lang=en,"In June of 2020, the Company announced that it is moving forward with the 500 MW Fécamp offshore wind farm, which is comprised of 71 wind turbines off the coast of northwest France, providing annual electricity to meet the power needs for 770,000 people.",True,1,,,,,,0
Enbridge,https://www.enbridge.com/media-center/news/details?id=123769&lang=en,This project further positions EIEC to become one of the most sustainable terminals in North America producing globally competitive and decarbonized ammonia.,False,1,,,,,,1
Suncor Energy,http://web.archive.org/web/20221007084203/https://sustainability-prd-cdn.suncor.com/-/media/project/suncor/files/news-releases/2020/2020-12-08-varennes-biofuel-partnership-en.pdf?modified=20220917163742,"The plant will leverage green hydrogen and oxygen produced through electrolysis, transforming Quebec's excess hydroelectricity capacity into value-added biofuels and renewable chemicals.",True,1,,,,,,1
Pembina Pipeline,https://www.pembina.com/media-centre/news/details/9a94bfed-f167-4c66-b11e-f553a73ad88e,businesses and investing in the energy transition to improve the basins in which we operate.,True,1,,,,improve,we,1
Imperial Oil,http://web.archive.org/web/20210622082629/https://news.imperialoil.ca/news-releases/news-releases/2021/Canadas-largest-oil-sands-producers-announce-unprecedented-alliance-to-achieve-net-zero-greenhouse-gas-emissions/default.aspx,"""Every credible energy forecast indicates that oil will be a major contributor to the energy mix in the decades ahead and even beyond 2050.",True,1,,,,,,1
Enbridge,https://www.enbridge.com/media-center/news/details?id=123817&lang=en,"We are investing in modern energy delivery infrastructure to sustain access to secure, affordable energy and building on more than a century of operating conventional energy infrastructure and two decades of experience in renewable power.",True,1,,,,,,0
Shell Canada,http://web.archive.org/web/20210713152107/https://www.shell.ca/en_ca/media/news-and-media-releases/news-releases-2021/shell-proposes-large-scale-ccs-facility-in-alberta.html,"Powering Progress sets out Shell's strategy to accelerate our transition to a net-zero emissions energy business, including reducing emissions from our operations, from the fuels and other energy products we sell to our customers, and capturing and storing any remaining emissions using technology or balancing them with offsets.",True,1,,,,,,0
Canadian Natural Resources,https://www.cnrl.com/upload/media_element/1322/03/0609-oil-sands-alliance.pdf,"The Pathways vision is anchored by a major Carbon Capture, Utilization and Storage (CCUS) trunkline connected to a carbon sequestration hub to enable multi-sector 'tie-in' projects for expanded emissions reductions.",True,1,,,,,,1
Shell Canada,http://web.archive.org/web/20180907023822/https://www.shell.ca/en_ca/media/news-and-media-releases/news-releases-2018/shell-and-htec-launch-canada-first-retail-hydrogen-vehicle-refuelling-station.html,Hydrogen fuel cell electric vehicles will only be bought by customers if there is a refuelling infrastructure.,True,1,,,,,,0
Imperial Oil,http://web.archive.org/web/20230201074801/https://news.imperialoil.ca/news-releases/news-releases/2023/Imperial-announces-fourth-quarter-2022-financial-and-operating-results/default.aspx,"The project will be the largest of its kind in Canada, designed to produce more than one billion litres of renewable diesel annually primarily from locally sourced feedstocks and could help reduce greenhouse gas emissions by about 3 million metric tons per year, as determined in accordance with Canada's Clean Fuel Regulations.",True,1,,,,,,0
Shell Canada,http://web.archive.org/web/20170913030336/http://www.shell.ca/en_ca/media/news-and-media-releases/news-releases-2012/auxsable-carbon.html,These types of partnerships provide opportunities for petrochemical companies to become more energy efficient.,True,1,,,,,,1
Suncor Energy,http://web.archive.org/web/20220629133234/https://sustainability-prd-cdn.suncor.com/-/media/project/suncor/files/news-releases/2010/2010-09-23-suncor-energy-completes-surface-reclamation-of-first-tailings-pond-en.pdf?modified=20210902050609,"Earlier this summer, Suncor received approval to implement new tailings management technology - called TROTM - across its existing operations.",True,1,,,,,,1
Suncor Energy,http://web.archive.org/web/20220704144006/https://sustainability-prd-cdn.suncor.com/-/media/project/suncor/files/news-releases/2016/2016-09-16-suncor-energy-furthers-commitment-to-solvent-based-extraction-with-nsolv-corporation-en.pdf?modified=20210902050922,"With the support of its shareholders, Hatch Ltd., Enbridge Inc. and Nenniger Inc., the company has patented warm solvent technology for in-situ projects that produces a higher quality oil product from hard to reach reservoirs for a fraction of the cost, all the while doing better for the environment.",True,1,,,,,,1
Enbridge,https://www.enbridge.com/media-center/news/details?id=123708&lang=en,"Under Ms. Hansen's leadership the utility has generated tremendous rate base growth, combined our two Ontario utility franchises, and advanced our low carbon energy strategies.",False,1,,,low,,our,1
Suncor Energy,http://web.archive.org/web/20220701143738/https://sustainability-prd-cdn.suncor.com/-/media/project/suncor/files/news-releases/2016/2016-07-21-suncor-releases-2016-report-on-sustainability-and-new-long-term-sustainability-goals-en.pdf?modified=20210902050913,We will work to harness technology and innovation to set us on a transformational pathway to a low carbon energy system.,True,1,a,,low,,,1
Suncor Energy,http://web.archive.org/web/20220704162623/https://sustainability-prd-cdn.suncor.com/-/media/project/suncor/files/news-releases/2011/2011-11-17-new-era-for-community-investment-at-suncor-energy-en.pdf?modified=20210902050643,greenhouse gas and air pollutant emissions can be reduced in urban centers across Canada.,True,1,,,,,,1
Enbridge,https://www.enbridge.com/media-center/news/details?id=123743&lang=en,"EDF group is a world leader in low-carbon energy, having developed a diverse production mix based mainly on nuclear and renewable energy (including hydropower).",False,1,,,,,,1
Suncor Energy,http://web.archive.org/web/20221007095111/https://sustainability-prd-cdn.suncor.com/-/media/project/suncor/files/news-releases/2021/2021-05-11-h2-project-announcement-en.pdf?modified=20220907174604,Massive hydrogen projects like this will help us reach our emission goals while also creating thousands of good jobs for Albertans.',True,1,,,,,,1
Suncor Energy,http://web.archive.org/web/20221007101949/https://sustainability-prd-cdn.suncor.com/-/media/project/suncor/files/news-releases/2021/2021-06-06-pathways-press-release-en.pdf?modified=20220907174624,"Deploying existing and emerging GHG reduction technologies at oil sands operations along the corridor, including CCUS technology, clean hydrogen, process improvements, energy efficiency, fuel switching and electrification.",True,1,,,,,,0
Shell Canada,http://web.archive.org/web/20170913023502/http://www.shell.ca/en_ca/media/news-and-media-releases/news-releases-2012/cosia.html,COSIA's collaborative approach will accelerate the discovery and development of environmental technologies and reduce the time from idea to implementation.,True,1,,,,,,1
Suncor Energy,http://web.archive.org/web/20221007084203/https://sustainability-prd-cdn.suncor.com/-/media/project/suncor/files/news-releases/2020/2020-12-08-varennes-biofuel-partnership-en.pdf?modified=20220917163742,"By converting non-recyclable waste and wood waste to low-carbon fuels, we can reduce the carbon footprint of energy used by Canadians every day.",True,1,,,low,,we,1
Shell Canada,http://web.archive.org/web/20170911225427/http://www.shell.ca/en_ca/media/news-and-media-releases/news-releases-2013/oil-sands-celebrates-10-years.html,Last year Shell announced it would build the world's first carbon capture and storage project in the oil sands to store over one million tonnes of CO2 more than 2kms underground.,True,1,,,,,,0
Enbridge,https://www.enbridge.com/media-center/news/details?id=123833&lang=en,"Upon completion, Sequoia will be one of the largest solar projects in North America.",False,1,,,,,,1
Enbridge,https://www.enbridge.com/media-center/news/details?id=123758&lang=en,"In 2020, we established a number of ESG goals including reducing operational emissions to Net Zero by 2050, and improving the diversity of our workforce, Board and supply chains.",False,1,,,,,,0
Enbridge,https://www.enbridge.com/media-center/news/details?id=123742&lang=en,"Looking forward, we'll continue to deliver on our purpose to fuel people's quality of life, safely, reliably, and sustainably.",False,1,,,,,,1
Enbridge,https://www.enbridge.com/media-center/news/details?id=123697&lang=en,This facility will produce RNG from biodegradable waste collected as part of the City of Toronto's Green Bin program and inject it into Enbridge Gas Inc.'s natural gas distribution system lowering natural gas related CO2 emissions.,True,1,,,,,,1
Enbridge,https://www.enbridge.com/media-center/news/details?id=123816&lang=en,"The Tennessee Ridgeline Expansion project is an expansion of the East Tennessee Natural Gas (""ETNG"") system which will provide additional natural gas for the Tennessee Valley Authority (TVA) to support the replacement of an existing coal-fired power plant as it continues to transition its generation mix towards lower-carbon fuels.",False,1,an,,low,natural,,1
Enbridge,https://www.enbridge.com/media-center/news/details?id=123711&lang=en,"""We are excited about taking the next steps in our ambitious journey to achieving carbon neutrality across the cement and concrete value chain.",True,1,,about,,ambitious,our,1
Canadian Natural Resources,https://www.cnrl.com/upload/media_element/1322/03/0609-oil-sands-alliance.pdf,"After more than a century, Imperial continues to be an industry leader in applying technology and innovation to responsibly develop Canada's energy resources.",True,1,,,,,,1
Imperial Oil,http://web.archive.org/web/20221028120609/https://news.imperialoil.ca/news-releases/news-releases/2022/Imperial-announces-third-quarter-2022-financial-and-operating-results/default.aspx,"Announced long-term contract with Air Products to supply low-carbon hydrogen for Imperial's proposed renewable diesel complex near Edmonton, Alberta.",True,1,,,,,,1
Shell Canada,http://web.archive.org/web/20191014092912/https://www.shell.ca/en_ca/media/news-and-media-releases/news-releases-2012/first-oil-sands-ccs-project.html,"We are helping to advance CCS technology on a number of fronts around the world, but Quest will be our flagship project.",True,1,a,around,,,our,1
Pembina Pipeline,https://www.pembina.com/media-centre/news/details/1ef316a9-bdaa-44cc-93f0-06f6e4583a5a,"Premier Eby added, ""Cedar LNG is a shining example of how natural resource development should work in our province—in full partnership with First Nations and with the lowest emissions possible.",False,1,,,,,,1
Suncor Energy,http://web.archive.org/web/20221007083517/https://sustainability-prd-cdn.suncor.com/-/media/project/suncor/files/news-releases/2019/2019-09-09-suncor-proceeds-with-cogen-en.pdf?modified=20220921202841,It is also expected to reduce sulphur dioxide and nitrogen oxide emissions by approximately 45% and 15% respectively.,True,1,,approximately,,,,0
Enbridge,https://www.enbridge.com/media-center/news/details?id=123691&lang=en,"""Our recently announced acquisition of the Ingleside Energy Center export terminal is a great example of how we're aligning our operations with our emissions goals,"" added Mr. Monaco.",True,1,,,,,,1
Shell Canada,http://web.archive.org/web/20190926171658/https://www.shell.ca/en_ca/media/news-and-media-releases/news-releases-2019/quest-ccs-facility-reaches-major-milestone.html,The CO2 is transported through a 65-kilometre pipeline and injected more than two kilometres underground below multiple layers of impermeable rock formations.,True,1,,,,,,0
Shell Canada,https://www.shell.com/news-and-insights/newsroom/news-and-media-releases/2024/shell-to-build-carbon-capture-and-storage-projects-in-canada.html,Polaris (100% Shell-owned) will have the potential to reduce Scope 1 CO2 emissions at Shell's Scotford refinery by capturing and storing up to 40% and by up to 22% at the chemicals complex.,False,1,,,,,,0
Enbridge,https://www.enbridge.com/media-center/news/details?id=123817&lang=en,"The Group is a world leader in low-carbon energy, with a low carbon output of 434TWh, a diverse generation mix based mainly on nuclear and renewable energy (including hydropower).",True,1,a,,low,,,1
Suncor Energy,http://web.archive.org/web/20221007101949/https://sustainability-prd-cdn.suncor.com/-/media/project/suncor/files/news-releases/2021/2021-06-06-pathways-press-release-en.pdf?modified=20220907174624,Imperial is collaborating with others in industry and governments to develop and commercialize the breakthrough technologies that will reduce emissions and support society's net zero ambitions.',True,1,,,,,,1
Pembina Pipeline,https://www.pembina.com/media-centre/news/details/d72081c3-751e-4116-96f5-a4709a6e88c7,"Pembina is positioned at the nexus of the industry in Canada today and has an enormous opportunity to be part of a bright future, one where we continue to invest in our legacy businesses to ensure secure and reliable supplies of hydrocarbon-based energy to support the global economy, while at the same time taking concrete steps to support the ongoing energy transition.",True,1,"a, an",,,"bright, enormous, reliable, secure","our, we",1
Canadian Natural Resources,https://www.cnrl.com/content/uploads/2023/08/0803-Q223-Front-End.pdf,"This report displays how Canadian Natural continues to focus on safe, reliable, effective and efficient operations while minimizing its environmental footprint.",True,1,,,,,,1
Suncor Energy,http://web.archive.org/web/20221007102843/https://sustainability-prd-cdn.suncor.com/-/media/project/suncor/files/news-releases/2021/2021-07-28-nr-su-q2-2021-en.pdf?modified=20220907174649,"The Pathways initiative will explore several parallel pathways to address GHG emissions, including the creation of a Carbon Capture, Utilization and Storage trunkline connected to a carbon sequestration hub to enable multi-sector 'tie-in' projects as well as the implementation of other next-generation technologies.",True,1,"a, several",,,well,,0
Pembina Pipeline,https://www.pembina.com/media-centre/news/details/dbb773ae-26bd-4f6e-808d-f8716a632c25,Pembina believes being a responsible operator means being committed to protecting the health and safety of people and the environment.,False,1,,,,,,1
Enbridge,https://www.enbridge.com/media-center/news/details?id=123713&lang=en,"Through 2021, the Company estimates that GHG emissions intensity is approximately 21% lower than its 2018 baseline and progressing towards its 2030 goal.",True,1,,,,,,0
Suncor Energy,http://web.archive.org/web/20220629134214/https://sustainability-prd-cdn.suncor.com/-/media/project/suncor/files/news-releases/2017/2017-09-27-suncor-energy-foundation-further-invests-in-wood-buffalo-community-foundation-en.pdf?modified=20210902050956,Suncor Energy and the Suncor Energy Foundation (SEF) have a proud history helping build sustainable communities through collaborative partnerships that enhance the quality of life in key operating areas.,True,1,,,,,,1
Shell Canada,http://web.archive.org/web/20170911225637/http://www.shell.ca/en_ca/media/news-and-media-releases/news-releases-2015/quest-climate-grant.html,"""On the heels of the historic agreement at COP21 in Paris, we see enormous opportunities for Canadian entrepreneurs and innovators tackling climate change,"" said Jane Kearns, Senior Advisor, MaRS Cleantech.",True,1,,,,,,1
Imperial Oil,http://web.archive.org/web/20220120035219/https://news.imperialoil.ca/news-releases/news-releases/2022/Imperial-sets-2030-oil-sands-emission-intensity-reduction-goal-expects-to-meet-2023-objective/default.aspx,Imperial sets 2030 oil sands emission intensity reduction goal; expects to meet 2023 objective,True,1,,,,,,1
Enbridge,https://www.enbridge.com/media-center/news/details?id=123723&lang=en,Progressing construction of four French offshore renewable projects with combined gross power generation of approximately 1.5 gigawatts (0.3 GW net),False,1,,approximately,,,,0
Enbridge,https://www.enbridge.com/media-center/news/details?id=123760&lang=en,"It also comes at a crucial time as global energy challenges demonstrate that continued investment in reliable, secure, clean and affordable energy is needed.""",False,1,a,,,"affordable, challenge, clean, crucial, reliable, secure",,1
Pembina Pipeline,https://www.pembina.com/media-centre/news/details/c8f37bc6-7e6a-480b-8afd-c78c10c51abf,"The facilities and pipelines must maintain a number of environmental and other permits from various governmental authorities in order to operate, and these facilities are subject to inspection from time to time.",False,1,,,,,,1
Enbridge,https://www.enbridge.com/media-center/news/details?id=123726&lang=en,"It reports progress against the ESG goals Enbridge announced in late 2020, including plans to reduce greenhouse gas emissions and increase diversity within the workforce.",False,1,,,,,,1
Enbridge,https://www.enbridge.com/media-center/news/details?id=123769&lang=en,"""On the lower-carbon front, we enhanced our renewable power portfolio with the announcement of the successful award to design and construct the Normandy offshore wind farm and announced a joint venture with Yara International to construct a blue ammonia project on the U.S. Gulf Coast.",False,1,a,,low,successful,"our, we",0
Enbridge,https://www.enbridge.com/media-center/news/details?id=123713&lang=en,"""At our Utility, we added more than 40 thousand natural gas customers last year, and continued to develop new low-carbon projects that fit well within our low-risk commercial model and lower emissions for our customers.",True,1,,,,,,1
Canadian Natural Resources,https://www.cnrl.com/upload/media_element/1181/06/0802_q2-18-front-end.pdf,"As a result, Canadian Natural targets capacity to capture and sequester 2.7 million tonnes of CO 2 annually, equivalent to taking 570,000 vehicles off the road, making the Company the 5th largest capturer and sequester of CO 2 globally once the NWR refinery is fully running.",True,1,a,,largest,fully,,0
Enbridge,https://www.enbridge.com/media-center/news/details?id=123711&lang=en,"""Collaborative CCUS solutions like this are a vital enabler of large-scale emissions reductions, across multiple industries, including cement production.""",True,1,,,,,,1
Shell Canada,http://web.archive.org/web/20191014092912/https://www.shell.ca/en_ca/media/news-and-media-releases/news-releases-2012/first-oil-sands-ccs-project.html,"""Quest is important because it is a fully integrated project that will demonstrate existing capture, transportation, injection and storage technologies working together for the safe and permanent storage of CO2.",True,1,,,,,,1
Canadian Natural Resources,https://www.cnrl.com/content/uploads/2023/12/1214-2024-Budget.pdf,"This project is targeted to reduce GHG emissions, equivalent to approximately 6% of Horizon's total Scope 1 emissions, and will result in lower reclamation costs over the life of the Horizon project.",True,1,,,,,,0
Shell Canada,http://web.archive.org/web/20210713152107/https://www.shell.ca/en_ca/media/news-and-media-releases/news-releases-2021/shell-proposes-large-scale-ccs-facility-in-alberta.html,The first phase of the Polaris CCS project would focus on post-combustion capture from the Scotford refinery's hydrogen plants (steam methane reformers) and take a CO2 waste stream from the mono-ethylene glycol (MEG) plant.,True,1,,,,,,0
Suncor Energy,http://web.archive.org/web/20221007084203/https://sustainability-prd-cdn.suncor.com/-/media/project/suncor/files/news-releases/2020/2020-12-08-varennes-biofuel-partnership-en.pdf?modified=20220917163742,"The further implementation of Enerkem's unique waste gasification technology will be a significant step towards enabling the wider availability of highly sustainable bio-methanol, as part of the global low-carbon energy transition.",True,1,,,,,,1
Suncor Energy,https://www.suncor.com/-/media/project/suncor/files/news-releases/2023/2023-08-14-news-release-earnings-q2-2023-en.pdf?modified=20240613191929&created=20230814144224,"The reports highlight how the company is working to achieve strong environmental, social and governance performance and its actions on sustainable energy development.",False,1,,,,"strong, sustainable",,0
Enbridge,https://www.enbridge.com/media-center/news/details?id=123769&lang=en,Our joint venture with OXY to develop a nearby CO2 sequestration hub will be used to sequester the project's captured CO2 and the U.S. tax incentives provided by the Inflation Reduction Act are expected to enhance project economics.,False,1,,,,,,1
Suncor Energy,http://web.archive.org/web/20220704143556/https://sustainability-prd-cdn.suncor.com/-/media/project/suncor/files/news-releases/2009/2009-06-18-suncor-sees-possibilities-outlines-environmental-goals-in-sustainability-report-en.pdf?modified=20210902050521,"Suncor Energy Inc. today announced the release of its web-based 2009 Report on Sustainability - a comprehensive review of the company's environmental, social and economic performance for the past two years.",True,1,a,,,comprehensive,,0
Canadian Natural Resources,https://www.cnrl.com/upload/media_element/1376/ff9dd142777b/0222-provides-update-on-sustainability-reporting.pdf,Canadian Natural's 2021 report will include third-party independent 'reasonable assurance' on its scope 1 and 2 emissions (including methane emissions) and 'limited assurance' on its scope 3 emissions.,True,1,,,,,,1
Enbridge,https://www.enbridge.com/media-center/news/details?id=123746&lang=en,"Our assets will be an integral source of energy supply to key markets for decades to come, and our two-pronged strategy of investing in conventional energy infrastructure, while ramping up low-carbon investments, has proven to be the right one.",True,1,an,,low,right,our,1
Suncor Energy,http://web.archive.org/web/20221007095111/https://sustainability-prd-cdn.suncor.com/-/media/project/suncor/files/news-releases/2021/2021-05-11-h2-project-announcement-en.pdf?modified=20220907174604,"Although several provincial and federal policies, fiscal programs and regulations have already been put in place to support significant decarbonization and the development of a leading low-carbon fuels industry, further regulatory certainty and fiscal support is required for the project to progress to a sanctioning decision.",True,1,,,,,,1
Imperial Oil,http://web.archive.org/web/20220120035219/https://news.imperialoil.ca/news-releases/news-releases/2022/Imperial-sets-2030-oil-sands-emission-intensity-reduction-goal-expects-to-meet-2023-objective/default.aspx,"CALGARY, Alberta-(BUSINESS WIRE)- Imperial Oil Limited (TSE: IMO, NYSE American: IMO) said today it plans further reductions in greenhouse gas emissions intensity over the next decade to help support Canada's net zero goals.",True,1,,,,,,1
Suncor Energy,http://web.archive.org/web/20220703210552/https://sustainability-prd-cdn.suncor.com/-/media/project/suncor/files/news-releases/2010/2010-09-22-suncor-energy-advances-wintering-hills-wind-power-project-en.pdf?modified=20210902050608,The company's renewable energy interests include four operational wind power projects totaling a generating capacity of 147 megawatts and Canada's largest ethanol plant by production volume with a current production capacity of 200 million litres per year.,True,1,"a, total",,large,"current, interest",,0
Suncor Energy,http://web.archive.org/web/20221007095111/https://sustainability-prd-cdn.suncor.com/-/media/project/suncor/files/news-releases/2021/2021-05-11-h2-project-announcement-en.pdf?modified=20220907174604,"In addition, approximately 20% of the output could be used in the Alberta natural gas distribution system, also further reducing emissions.",True,1,,,,,,1
Enbridge,https://www.enbridge.com/media-center/news/details?id=123769&lang=en,"""We continue to grow both our conventional and lower-carbon businesses.",False,1,,,,,,1
Enbridge,https://www.enbridge.com/media-center/news/details?id=123647&lang=en,A new goal to achieve net zero GHG emissions by 2050; with an interim target to reduce GHG emissions intensity 35% by 2030,True,1,,,,,,0
Shell Canada,http://web.archive.org/web/20170911225000/http://www.shell.ca/en_ca/media/news-and-media-releases/news-releases-2015/oil-sands-companies-demonstrate-leadership-on-climate-change.html,"By demonstrating that Alberta is willing to lead the way with an ambitious climate plan, the province can become a preferred source for oil and create sustained wealth and jobs for future generations of Albertans and Canadians.",True,1,,,,,,1
Shell Canada,http://web.archive.org/web/20210713152107/https://www.shell.ca/en_ca/media/news-and-media-releases/news-releases-2021/shell-proposes-large-scale-ccs-facility-in-alberta.html,"The announced Polaris CCS project, located within Alberta's Industrial Heartland, aligns with Strathcona County's Strategic Plan, delivering economic development and environmental sustainability simultaneously.",True,1,,,,,,1
Enbridge,https://www.enbridge.com/media-center/news/details?id=123703&lang=en,"Recent global energy shortages have confirmed again that our assets will remain essential, while our early low-carbon energy investments illustrate how our assets will be a bridge to a cleaner energy future.",True,1,,,,,,1
Enbridge,https://www.enbridge.com/media-center/news/details?id=123769&lang=en,"""On the lower-carbon front, we enhanced our renewable power portfolio with the announcement of the successful award to design and construct the Normandy offshore wind farm and announced a joint venture with Yara International to construct a blue ammonia project on the U.S. Gulf Coast.",True,1,a,,low,successful,"our, we",0
Enbridge,https://www.enbridge.com/media-center/news/details?id=123697&lang=en,"Construction of three French offshore wind projects, representing approximately 1.4 GW of gross renewable power generation, progressing on schedule",True,1,,,,,,0
Imperial Oil,https://news.imperialoil.ca/news-releases/news-releases/2019/Imperial-Releases-Energy-and-Carbon-Summary/default.aspx,"""We are taking action by reducing the intensity of our greenhouse gas emissions and supporting research that leads to technology breakthroughs.""",True,1,,,,,,1
Enbridge,https://www.enbridge.com/media-center/news/details?id=123697&lang=en,"This project has the potential to contribute to the avoidance of up to 120 tCO2e annually, and could pave the way for blending into the entire Ontario gas distribution system.",True,1,,,,,,0
Enbridge,https://www.enbridge.com/media-center/news/details?id=123779&lang=en,"EOG, Questar and PSNC each have lower-carbon initiatives that are similarly aligned with Enbridge's ESG goals.",True,1,,,low,similarly,,1
Suncor Energy,http://web.archive.org/web/20220704154303/https://sustainability-prd-cdn.suncor.com/-/media/project/suncor/files/news-releases/2009/2009-03-19-suncor-energy-recognizes-operational-excellence-leaders-at-awards-ceremony-en.pdf?modified=20210902050517,"People across Suncor are coming up with ideas, innovations and solutions that are producing tangible results, such as reduced costs, improved production, improved environmental performance and safer operations - all based on continuously improving operating procedures and processes.",True,1,,,,,,1
Enbridge,https://www.enbridge.com/media-center/news/details?id=123713&lang=en,Announced additional measures to further align the business with our net-zero emissions goals,False,1,,,,,our,1
Enbridge,https://www.enbridge.com/media-center/news/details?id=123646&lang=en,"""Elsewhere on our renewables strategy, we've just put into service our first solar self-powered compressor station on Texas Eastern and initiated work on a facility in Alberta along the Liquids Mainline, collectively delivering low-cost renewable power to our operations.",True,1,"a, collectively",,low,just,"our, we",0
Suncor Energy,http://web.archive.org/web/20240405023916/https://sustainability-prd-cdn.suncor.com/-/media/project/suncor/files/news-releases/2024/2024-03-07-nr-fort-mckay-first-nation-and-su-to-partner-on-prospective-os-dev-opportunity-en.pdf?modified=20240307180837,"Both parties share a goal of maximizing mutual prosperity while minimizing environmental impacts, including supporting Suncor's commitment to achieving net-zero emissions from its operations by 2050, as a member of the Pathways Alliance.",True,1,a,,,,,1
Pembina Pipeline,https://www.pembina.com/media-centre/news/details/af2415eb-3e55-48a0-b4b3-2ccfa050682c,"Pembina has health, safety and environmental management systems and established policies, programs and practices for conducting safe and environmentally sound operations.",False,1,,,,,,1
Suncor Energy,http://web.archive.org/web/20220629133234/https://sustainability-prd-cdn.suncor.com/-/media/project/suncor/files/news-releases/2010/2010-09-23-suncor-energy-completes-surface-reclamation-of-first-tailings-pond-en.pdf?modified=20210902050609,"'We know we still have a lot of work to do, but today's achievement is a significant step towards reducing our environmental footprint related to our operations - something we can all be extremely proud of'.",True,1,,,,,,1
Shell Canada,http://web.archive.org/web/20210713152107/https://www.shell.ca/en_ca/media/news-and-media-releases/news-releases-2021/shell-proposes-large-scale-ccs-facility-in-alberta.html,"Polaris would also make a significant contribution to Shell's aim to have access to an additional 25 million tonnes a year of CCS capacity by 2035.""",True,1,,,,,,1
Pembina Pipeline,https://www.pembina.com/media-centre/news/details/b2ba241c-3287-4179-9dac-7e925621f35b,"""Carbon capture, utilization and storage will lower emissions, create jobs, and increase our competitiveness,"" said the Honourable Seamus O'Regan Jr., Canada's Minister of Natural Resources.",True,1,,,,,,1
Pembina Pipeline,https://www.pembina.com/media-centre/news/details/8104adc4-4b32-4c2e-acfe-741cef480a87,"""Today's achievements mark an exciting time for our Nation as we seek to make Cedar LNG – the world's lowest carbon and first Indigenous majority-owned LNG Facility – a reality in the coming months,"" said Crystal Smith, Chief Councillor for Haisla Nation.",False,1,,,,,,1
Suncor Energy,http://web.archive.org/web/20220703210955/https://sustainability-prd-cdn.suncor.com/-/media/project/suncor/files/news-releases/2011/2011-12-22-suncor-energy-recognized-by-industry-association-for-commitment-to-biofuels-en.pdf?modified=20210902050649,Suncor has been making a significant impact in Canada's emerging biofuels industry since 2006 with the opening of its St. Clair Ethanol Plant.,True,1,,,,,,1
Enbridge,https://www.enbridge.com/media-center/news/details?id=123713&lang=en,"While it's clear we need to reduce global emissions to achieve our climate objectives, it's also important that we transition our energy systems prudently by ensuring adequate supply of conventional energy, while increasing lower-carbon forms of energy.",False,1,,,,,,1
Canadian Natural Resources,https://www.cnrl.com/content/uploads/2023/08/0803-Q223-Front-End.pdf,"At this pace, the Company would be able to achieve 100% abandonment of its current inventory of inactive wells in approximately 10 years.",True,1,,approximately,,"current, inactive, well",,0
Suncor Energy,http://web.archive.org/web/20240124182641/https://sustainability-prd-cdn.suncor.com/-/media/project/suncor/files/news-releases/2024/2024-01-03-news-release-update-on-2023-performance-en.pdf?modified=20240104183302,Suncor is developing petroleum resources while advancing the transition to a low-emissions future through investment in power and renewable fuels.,True,1,,,,,,1
Enbridge,https://www.enbridge.com/media-center/news/details?id=123712&lang=en,Capital Power and Lehigh Cement's planned carbon capture projects represent an opportunity to avoid nearly four million tonnes of atmospheric CO2 emissions.,True,1,,,,,,0
Suncor Energy,http://web.archive.org/web/20220703214129/https://sustainability-prd-cdn.suncor.com/-/media/project/suncor/files/news-releases/2010/2010-07-02-suncor-energy-and-partners-receive-funding-for-clean-technology-research-projects-en.pdf?modified=20210902050559,"Using Suncor's existing plant operations as a basis, this study will analyze the theoretic best energy efficiency that could be achieved in developing the oil sands resource.",True,1,,,,,,0
Suncor Energy,http://web.archive.org/web/20220704153010/https://sustainability-prd-cdn.suncor.com/-/media/project/suncor/files/news-releases/2017/2017-12-04-suncor-energy-begins-regulatory-process-to-add-significant-low-carbon-power-en.pdf?modified=20210902051007,Industrial cogeneration's ability to supply significant volumes of reliable base load electricity at a lower carbon intensity than combined cycle natural gas technology supports Alberta's transition towards more sustainable energy sources.,True,1,,,,,,0
Pembina Pipeline,https://www.pembina.com/media-centre/news/details/1ef316a9-bdaa-44cc-93f0-06f6e4583a5a,"This is a historic moment, and we are proud to be moving forward with a project that will deliver industry-leading, low-carbon, cost-competitive Canadian LNG to overseas markets and contribute to global energy security, while delivering jobs and economic prosperity to the local region,"" said Scott Burrows, Pembina's President and Chief Executive Officer.",False,1,a,,low,"competitive, proud",we,1
Pembina Pipeline,https://www.pembina.com/media-centre/news/details/b2ba241c-3287-4179-9dac-7e925621f35b,"""The ACG highlights our commitment to customers by helping them solve problems and creating new services; communities, by reducing emissions and using existing infrastructure to reduce the impact to the land; employees, through development of an entirely new line of business and job opportunities; and shareholders through attractive incremental capital investment.",True,1,an,,new,attractive,our,1
Shell Canada,http://web.archive.org/web/20210713152107/https://www.shell.ca/en_ca/media/news-and-media-releases/news-releases-2021/shell-proposes-large-scale-ccs-facility-in-alberta.html,"""Shell is making bold moves to decarbonize our operations, and wider industry, and the Polaris CCS project is the latest example,"" said Susannah Pierce, Shell Canada President and Country Chair.",True,1,,,,,,1
Enbridge,https://www.enbridge.com/media-center/news/details?id=123736&lang=en,"We're excited to be welcoming the TGE team to Enbridge, further strengthening our capabilities as we ramp up our renewable business.""",False,1,,,,,,1
Enbridge,https://www.enbridge.com/media-center/news/details?id=123742&lang=en,"""We've also made good strides in our RNG business with two newly secured projects in Ontario totaling approximately $100 million, which will supply zero emissions natural gas, delivered under long term take-or-pay contracts.",False,1,,,,,,1
Enbridge,https://www.enbridge.com/media-center/news/details?id=123663&lang=en,The facility includes terms that allow Enbridge to reduce borrowing costs if the Company achieves an interim threshold on its ESG goals.,False,1,,,,,,0
Pembina Pipeline,https://www.pembina.com/media-centre/news/details/87981cd6-b786-4a87-b62b-a6794238f970,Alberta is the leading region in Canada for existing ammonia production and the Project is another opportunity to support development of a hydrogen and low-carbon economy.,False,1,,,,,,1
Suncor Energy,http://web.archive.org/web/20220703210955/https://sustainability-prd-cdn.suncor.com/-/media/project/suncor/files/news-releases/2011/2011-12-22-suncor-energy-recognized-by-industry-association-for-commitment-to-biofuels-en.pdf?modified=20210902050649,Thanks to the support of Agriculture and Agri-food Canada through their ecoABC program - and Natural Resources Canada - through their ecoENERGY program an expansion was completed earlier this year that doubled the plant's annual production capacity to 400 million litres.,True,1,,,,,,0
Canadian Natural Resources,https://www.cnrl.com/upload/media_element/1343/02/0506-q121-front-end.pdf,The Quest CCS facility captures and stores approximately 1.1 million tonnes of CO2 per year and in May 2020 reached the milestone of 5 million tonnes of stored carbon dioxide.,True,1,,approximately,,,,0
Imperial Oil,http://web.archive.org/web/20230201074801/https://news.imperialoil.ca/news-releases/news-releases/2023/Imperial-announces-fourth-quarter-2022-financial-and-operating-results/default.aspx,Approved $720 million project to construct largest renewable diesel facility in Canada.,True,1,,,,,,1
Pembina Pipeline,https://www.pembina.com/media-centre/news/details/33debf84-3a1f-497a-9fba-438be44f3952,"Pembina recently announced three significant and transformational partnerships that combine fundamentally strong business opportunities with compelling environmental, social and governance (""ESG"") attributes: a partnership with the Haisla Nation to develop the proposed Cedar LNG Project; a partnership with TC Energy Corporation to jointly develop the Alberta Carbon Grid, a world-scale carbon transportation and sequestration system; and Chinook Pathways, a partnership with Western Indigenous Pipeline Group to pursue ownership of the Trans Mountain Pipeline, following completion of the construction of the Trans Mountain Expansion project.",False,1,a,,recently,"significant, strong",,0
Suncor Energy,http://web.archive.org/web/20220703213659/https://sustainability-prd-cdn.suncor.com/-/media/project/suncor/files/news-releases/2009/2009-10-02-suncor-proceeds-with-plans-to-double-production-capacity-of-ontario-ethanol-plant-en.pdf?modified=20210902050527,"Since 2006, Suncor's St. Clair Ethanol Plant has contributed to the development of a competitive domestic industry for renewable fuels.",True,1,,,,,,1
Pembina Pipeline,https://www.pembina.com/media-centre/news/details/8104adc4-4b32-4c2e-acfe-741cef480a87,"""The Cedar LNG project will play a critical role in bringing low-cost, low-emissions Canadian natural gas to the world, while delivering economic benefits to communities and Canadians here at home,"" said Terry Anderson, President and Chief Executive Officer of ARC Resources.",False,1,,,,,,1
Enbridge,https://www.enbridge.com/media-center/news/details?id=123687&lang=en,"Once in service, the Company will own interests in six operating offshore wind projects located in Europe with a total gross generation capacity of more than 2.4 GW (0.6 GW net), enough to power over 2 million homes with renewable energy.",True,1,,,,,,0
Suncor Energy,http://web.archive.org/web/20220629134145/https://sustainability-prd-cdn.suncor.com/-/media/project/suncor/images/shared/community-news-files/2016-01-14-evok-announcement-en.pdf?modified=20210930173406,"'As British Columbia continues to grow as a clean technology innovation hub, creating opportunities for entrepreneurs to flourish, Evok is at the tip of the spear,' said Premier Christy Clark.",True,1,,,,,,1
Imperial Oil,http://web.archive.org/web/20210622082629/https://news.imperialoil.ca/news-releases/news-releases/2021/Canadas-largest-oil-sands-producers-announce-unprecedented-alliance-to-achieve-net-zero-greenhouse-gas-emissions/default.aspx,"MEG is actively developing innovative enhanced oil recovery projects that utilize steam-assisted gravity drainage (""SAGD"") extraction methods to improve the responsible economic recovery of oil as well as lower carbon emissions.",True,1,,,,,,1
Suncor Energy,http://web.archive.org/web/20221007090013/https://sustainability-prd-cdn.suncor.com/-/media/project/suncor/files/news-releases/2021/2021-07-13-nr-su-report-on-sustainability-and-climate-2021-en.pdf?modified=20220907174635,"Reporting on total absolute scope 1 and 2 emissions, and expanding disclosure on scope 3 emissions and equity-based GHG emissions",True,1,,,,,,0
Enbridge,https://www.enbridge.com/media-center/news/details?id=123742&lang=en,The project illustrates well the criticality of existing pipe in the ground in minimizing the environmental footprint of much needed energy infrastructure.,True,1,,,,,,1
Canadian Natural Resources,https://www.cnrl.com/upload/media_element/1322/03/0609-oil-sands-alliance.pdf,"The oil sands industry is a significant source of GHG emissions and the initiative will develop an actionable approach to address those emissions, while also preserving the more than $3 trillion in estimated oil sands contribution to Canada's gross domestic product (GDP) over the next 30 years.",True,1,,,,,,1
Enbridge,https://www.enbridge.com/media-center/news/details?id=123713&lang=en,We're also making good progress towards our medium and long-term emissions goals across our operations.,True,1,,,,,,1
Enbridge,https://www.enbridge.com/media-center/news/details?id=123687&lang=en,"The U.S. Army Corp of Engineers is proceeding with an environmental impact statement to support its permitting process, which is expected to strengthen the regulatory record, and the Michigan Public Service Commission continues to progress its permitting process.",False,1,,,,,,0
Pembina Pipeline,https://www.pembina.com/media-centre/news/details/c0fe76c4-53f6-44ca-9e42-dd93ad4b7af2,"Pembina is committed to working with its community and aboriginal neighbours, while providing value for investors in a safe, environmentally responsible manner.",True,1,,,,,,1
Enbridge,https://www.enbridge.com/media-center/news/details?id=123682&lang=en,"As part of a larger US$1.5 billion financing, the Company issued a US$1 billion 12-year term senior note which is consistent with our recently published SLB Framework, incorporating emissions and inclusion goals into the financing terms.",False,1,a,,"large, recently",consistent,our,1
Canadian Natural Resources,https://www.cnrl.com/upload/media_element/1302/02/0806-q220-front-end.pdf,"As part of our comprehensive Greenhouse Gas (""GHG"") emissions reduction strategy, our CCS projects include CO2 storage in geological formations, use of CO2 in enhanced oil recovery techniques and CO2 injection into tailings.",True,1,,,,,,0
Suncor Energy,http://web.archive.org/web/20221007084203/https://sustainability-prd-cdn.suncor.com/-/media/project/suncor/files/news-releases/2020/2020-12-08-varennes-biofuel-partnership-en.pdf?modified=20220917163742,"Thanks to its unprecedented technology, Enerkem was able to bring together world-class global strategic partners who intend to take a leading investment role in this flagship facility of the green economy.",True,1,a,,,,,1
Canadian Natural Resources,https://www.cnrl.com/content/uploads/2023/03/0302-Q422-Front-End.pdf,Canadian Natural's culture of continuous improvement provides a significant advantage and results in ongoing enhancements to the Company's environmental performance.,True,1,,,,,,1
Imperial Oil,http://web.archive.org/web/20220311100009/https://news.imperialoil.ca/news-releases/news-releases/2022/Imperial-announces-2021-financial-and-operating-results/default.aspx,Announced plans for 2030 oil sands greenhouse gas emission intensity reduction in support of its goal to achieve net zero emissions in its operated oil sands assets by 2050,True,1,,,,,,1
Canadian Natural Resources,https://www.cnrl.com/upload/media_element/1388/12bdd00af91d/0505-q122-front-end.pdf,This announcement is a positive step forward in the Company and industry's efforts to work collaboratively with governments to support Canada in achieving its climate and economic growth objectives.,True,1,,,,,,1
Enbridge,https://www.enbridge.com/media-center/news/details?id=123855&lang=en,"40% improvement in greenhouse gas (GHG) emissions intensity from the Company's operations and 22% reduction in absolute GHG emissions from operations (both as compared against a 2018 baseline) 1,2",False,1,"a, absolute",,,,,0
Imperial Oil,http://web.archive.org/web/20220908090747/https://news.imperialoil.ca/news-releases/news-releases/2022/Imperial-advances-renewable-diesel-plans-awards-hydrogen-contract-to-Air-Products/default.aspx,"""This project highlights Imperial's commitment to investing in a lower carbon future.",True,1,,,,,,1
Enbridge,https://www.enbridge.com/media-center/news/details?id=123817&lang=en,"This new low-carbon electricity production facility would not have been possible without close, ongoing dialogue with elected representatives and local authorities, environmental associations, fishermen, economic players and local residents.",True,1,,,,,,1
Suncor Energy,http://web.archive.org/web/20220701143738/https://sustainability-prd-cdn.suncor.com/-/media/project/suncor/files/news-releases/2016/2016-07-21-suncor-releases-2016-report-on-sustainability-and-new-long-term-sustainability-goals-en.pdf?modified=20210902050913,Our new GHG goal will help us continue to reduce energy use in our operations.,True,1,,,,,,1
Enbridge,https://www.enbridge.com/media-center/news/details?id=123773&lang=en,engagement with key suppliers regarding their emission profiles as well as sector-leading Scope 3 emissions disclosures;,True,1,,,,well,,1
Canadian Natural Resources,https://www.cnrl.com/content/uploads/2024/07/0801-Q224-Front-End.pdf,"Ihis legislation does not change our commitment to the environment and to ensuring sate, reliable operations, only the way In which we are publicly communicating these aspects of our business.",False,1,,,,,,1
Shell Canada,http://web.archive.org/web/20170911225000/http://www.shell.ca/en_ca/media/news-and-media-releases/news-releases-2015/oil-sands-companies-demonstrate-leadership-on-climate-change.html,"Today's announcement sets Canadian oil on the path to becoming the most environmentally and economically competitive in the world.""",True,1,,,,,,1
Suncor Energy,http://web.archive.org/web/20221007083517/https://sustainability-prd-cdn.suncor.com/-/media/project/suncor/files/news-releases/2019/2019-09-09-suncor-proceeds-with-cogen-en.pdf?modified=20220921202841,It will also contribute materially to Suncor's publicly announced GHG goal.,True,1,,,,,,1
Suncor Energy,http://web.archive.org/web/20221007090013/https://sustainability-prd-cdn.suncor.com/-/media/project/suncor/files/news-releases/2021/2021-07-13-nr-su-report-on-sustainability-and-climate-2021-en.pdf?modified=20220907174635,"A description of how Suncor helped customers achieve a reduction of 3.5 megatonnes in emissions in 2020 by providing low-carbon power, renewable fuels and electric charging stations",True,1,a,,low,,,0
Suncor Energy,http://web.archive.org/web/20220703205756/https://sustainability-prd-cdn.suncor.com/-/media/project/suncor/files/news-releases/2013/2013-07-17-suncor-energy-releases-2013-report-on-sustainability-en.pdf?modified=20210902050733,"In addition to reporting on the company's economic contribution and social impact, the Report on Sustainability specifically highlights Suncor's progress towards its beyond-compliance environmental performance goals.",True,1,,,,,,0
Imperial Oil,http://web.archive.org/web/20210622082629/https://news.imperialoil.ca/news-releases/news-releases/2021/Canadas-largest-oil-sands-producers-announce-unprecedented-alliance-to-achieve-net-zero-greenhouse-gas-emissions/default.aspx,"As proud Canadian companies, members of the Pathways alliance share the aspiration of Canadians to find realistic and workable solutions to the challenge of climate change.",True,1,,,,"proud, realistic",,1
Suncor Energy,http://web.archive.org/web/20221007095721/https://sustainability-prd-cdn.suncor.com/-/media/project/suncor/files/news-releases/2021/2021-05-26-nr-su-corporate-strategy-update-en.pdf?modified=20220907174616,"In addition, the strategy includes a goal to be a net-zero GHG emissions company by 2050 and substantially contribute to society's net-zero goals; and a plan to sustain our world-class ESG (Environmental, Social and Governance) performance and disclosure while being recognized as a leader in sustainability.",True,1,,,,,,1
Suncor Energy,http://web.archive.org/web/20221007092259/https://sustainability-prd-cdn.suncor.com/-/media/project/suncor/files/news-releases/2019/2019-10-30-nr-su-q3-en.pdf?modified=20220921203734,Suncor announced a significant $1.4 billion investment in low-carbon power generation to replace coke-fired boilers with a new cogeneration facility at its Oil Sands Base Plant which is expected to provide reliable steam generation while contributing to our environmental and incremental free funds flow goals.,True,1,,,,,,1
Canadian Natural Resources,https://www.cnrl.com/upload/media_element/1322/03/0609-oil-sands-alliance.pdf,"'Canadian ingenuity has enabled oil sands development and with continued innovation, positions Canada to be the ESG-leading barrel to meet global energy demand.",True,1,,,,,,1
Pembina Pipeline,https://www.pembina.com/media-centre/news/details/b2ba241c-3287-4179-9dac-7e925621f35b,"As a hub-based infrastructure solution accessible to Alberta's largest industrial emitters across industries, ACG will pave the way for Canada to successfully meet its emissions reduction objectives and provides a tangible example of Pembina and TC Energy's commitment to energy diversification, industry collaboration and a lower carbon future.",True,1,,,,,,1
Enbridge,https://www.enbridge.com/media-center/news/details?id=123665&lang=en,Enbridge is investing in renewable power projects that support the transition to a lower-carbon economy and are aligned with our low-risk investment approach.,False,1,,,,,,1
Enbridge,https://www.enbridge.com/media-center/news/details?id=123713&lang=en,"further develop low-carbon energy partnerships to drive innovation across our business, with a focus on renewable power, renewable natural gas, hydrogen and carbon capture.",True,1,a,,low,natural,our,1
Suncor Energy,http://web.archive.org/web/20220701135631/https://sustainability-prd-cdn.suncor.com/-/media/project/suncor/files/news-releases/2013/2013-02-25-suncor-energy-and-the-walrus-foundation-to-host-energy-conversations-with-canadians-en.pdf?modified=20210902050723,"At each event, the speakers will give a seven-minute talk on one aspect of our sustainable energy future, all combining to give the audience a picture of our collective impact, to broaden our understanding of the challenges of energy production and to learn what lies ahead.",True,1,,,,,,1
Enbridge,https://www.enbridge.com/media-center/news/details?id=123747&lang=en,"""We are excited to be partnering with OLCV to explore developing a large-scale CO2 transport and sequestration hub in the Corpus Christi area,"" said Colin Gruending, Enbridge Executive Vice President and President, Liquids Pipelines.",True,1,,,,,,1
Shell Canada,http://web.archive.org/web/20181125092503/https://www.shell.ca/en_ca/media/news-and-media-releases/news-releases-2018/shell-to-release-offshore-rights-on-canadas-west-coast-to-support-marine-conservation.html,"More than one and a half times the size of Vancouver Island, the acreage is located in the Queen Charlotte and Tofino basins covering vast and environmentally rich areas.",True,1,a,,,rich,,0
Pembina Pipeline,https://www.pembina.com/media-centre/news/details/52b910c1-6fa6-4005-b3c2-58a1956dd8cd,"Strategically positioned to leverage Canada's abundant natural gas supply and BC's liquefied natural gas (LNG) infrastructure, Cedar LNG will be powered by renewable electricity from BC Hydro, making it one of the lowest carbon intensity LNG facilities in the world.",False,1,,,,,,1
Enbridge,https://www.enbridge.com/media-center/news/details?id=123808&lang=en,"About Enbridge Inc. At Enbridge, we safely connect millions of people to the energy they rely on every day, fueling quality of life through our North American natural gas, oil, and renewable power networks and our growing European offshore wind portfolio.",True,1,,,,,,0
Imperial Oil,116,"The application of next-generation oil recovery technology at Imperial's Cold Lake in-situ operations, improvements in reliability at its Kearl mining facility and continuous improvements in energy efficiency are expected to be key drivers behind the reductions, which are anticipated to result in a 10 percent decrease in greenhouse gas emissions intensity by 2023, compared with 2016 levels.",True,1,,,,,,0
Canadian Natural Resources,https://www.cnrl.com/upload/media_element/1281/02/0305_q419-front-end.pdf,"Solvent Enhanced Oil Recovery technology is being tested at the Company's in situ operations to increase crude oil recovery, reduce steam-to-oil ratios (""SOR"") by up to 50%, translating into GHG intensity reduction of up to 50%.",True,1,,,,,,1
Pembina Pipeline,https://www.pembina.com/media-centre/news/details/c0fe76c4-53f6-44ca-9e42-dd93ad4b7af2,"Pending regulatory approval, Alliance will increase capacity by approximately 25 percent through the addition of compression and other facilities to its system.",False,1,,,,,,0
Pembina Pipeline,https://www.pembina.com/media-centre/news/details/b2ba241c-3287-4179-9dac-7e925621f35b,"""Carbon capture, utilization and storage will lower emissions, create jobs, and increase our competitiveness,"" said the Honourable Seamus O'Regan Jr., Canada's Minister of Natural Resources.",False,1,,,,,,1
Pembina Pipeline,https://www.pembina.com/media-centre/news/details/9a94bfed-f167-4c66-b11e-f553a73ad88e,businesses and investing in the energy transition to improve the basins in which we operate.,False,1,,,,improve,we,1
Shell Canada,http://web.archive.org/web/20170911225000/http://www.shell.ca/en_ca/media/news-and-media-releases/news-releases-2015/oil-sands-companies-demonstrate-leadership-on-climate-change.html,"""It enables Alberta to be a leader, not only in climate policy, but also in technology, innovation, collaborative solutions and energy development.",True,1,,,,,,1
Enbridge,https://www.enbridge.com/media-center/news/details?id=123730&lang=en,"Woodfibre LNG will use electric motor drives powered by renewable hydroelectric power, making this one of the lowest-emission LNG export facilities in the world.",False,1,,,low,,,1
Enbridge,https://www.enbridge.com/media-center/news/details?id=123746&lang=en,"""The global energy crisis is shining a spotlight on the need for all sources of energy supply to ensure our energy security and economic competitiveness, while continuing to make progress on reducing emissions.",False,1,,,,,,1
Enbridge,https://www.enbridge.com/media-center/news/details?id=123713&lang=en,"Our demand-side management programs at the utility, for example, have helped our customers avoid 55 million tonnes of greenhouse gas emissions over the last 26 years.",True,1,,,,,,0
Enbridge,https://www.enbridge.com/media-center/news/details?id=123700&lang=en,Projects in advanced development include 425 MW of owned renewable generation capacity in North Carolina and Alberta and 560 MW of incremental natural gas combined cycle capacity from the repowering of Genesee 1 and 2 in Alberta.,True,1,,,,,,0
Canadian Natural Resources,https://www.cnrl.com/content/uploads/2023/12/1214-2024-Budget.pdf,The goal of this unique alliance is to support Canada in meeting its climate commitments and position Canada to be the preferred source of crude oil globally.,True,1,,,,crude,,1
Enbridge,https://www.enbridge.com/media-center/news/details?id=123760&lang=en,"The Fécamp (500 MW), Calvados (450 MW) offshore wind farms, and the Provence Grand Large floating offshore pilot project (25 MW) are in construction.",True,1,,,,,,0
Enbridge,https://www.enbridge.com/media-center/news/details?id=123779&lang=en,"EOG, Questar and PSNC each have lower-carbon initiatives that are similarly aligned with Enbridge's ESG goals.",False,1,,,low,similarly,,1
Pembina Pipeline,https://www.pembina.com/media-centre/news/details/0684153a-9d56-4f5a-943c-88a4bf182e27,The Project provides a connection for Western Canadian Sedimentary Basin natural gas to international markets and will contribute to the displacement of coal as an energy source in Asia.,True,1,,,,,,0
Pembina Pipeline,https://www.pembina.com/media-centre/news/details/8104adc4-4b32-4c2e-acfe-741cef480a87,"""The Cedar LNG project will play a critical role in bringing low-cost, low-emissions Canadian natural gas to the world, while delivering economic benefits to communities and Canadians here at home,"" said Terry Anderson, President and Chief Executive Officer of ARC Resources.",True,1,,,,,,1
Enbridge,https://www.enbridge.com/media-center/news/details?id=123687&lang=en,"Construction on three French offshore wind projects progressing well, which will collectively generate 1.4 GW (0.3 GW net) of renewable power once placed into service",False,1,collectively,,,well,,0
Pembina Pipeline,https://www.pembina.com/media-centre/news/details/544bde3b-6bb3-4bbd-8176-fa4fb630147a,"Newco assets will be included in Pembina's target of taking concrete action to achieve a 30 percent reduction in greenhouse gas emissions intensity by 2030, against a 2019 baseline.",False,1,,,,,,0
Imperial Oil,http://web.archive.org/web/20210826044201/https://news.imperialoil.ca/news-releases/news-releases/2021/Imperial-to-produce-renewable-diesel-at-Strathcona-refinery/default.aspx,Third-party studies have shown renewable diesel from various non-petroleum feedstocks can provide life-cycle greenhouse gas emissions reductions of approximately 40 percent to 80 percent compared to petroleum-based diesel.,True,1,,,,,,0
Suncor Energy,http://web.archive.org/web/20220701143738/https://sustainability-prd-cdn.suncor.com/-/media/project/suncor/files/news-releases/2016/2016-07-21-suncor-releases-2016-report-on-sustainability-and-new-long-term-sustainability-goals-en.pdf?modified=20210902050913," Air: We reduced our air emissions by 36%, significantly surpassing our goal to reduce emissions by 10%.",True,1,,,,,,0
Enbridge,https://www.enbridge.com/media-center/news/details?id=123768&lang=en,A structure to manage power costs that allows Enbridge to continue its solar self-power initiatives to reduce emissions,False,1,,,,,,1
Enbridge,https://www.enbridge.com/media-center/news/details?id=123817&lang=en,"Luc Rémont, Chairman and CEO, EDF Group, said: ""We are very proud to inaugurate the first offshore wind farm in Normandy, less than two years after the commissioning of the Saint-Nazaire wind farm in Loire-Atlantique.",False,1,,,very,proud,,0
Pembina Pipeline,https://www.pembina.com/media-centre/news/details/e9f3cbe3-560d-44c0-a81a-53a70fcba0b2,"To meet the 2030 GHG emissions intensity target, Pembina will focus initially on operational opportunities, greater use of renewable and lower emission energy sources, and investments in a lower carbon economy.",False,1,,,,,,1
Imperial Oil,https://news.imperialoil.ca/news-releases/news-releases/2025/Imperial-announces-restructuring-to-further-advance-its-well-established-strategy-of-increasing-cash-flow-and-delivering-industry-leading-shareholder-returns/default.aspx,Imperial remains committed to responsibly producing the energy and products Canadians rely on and supporting the communities where it operates.,False,1,,,,,,1
Canadian Natural Resources,https://www.cnrl.com/content/uploads/2023/05/0504-Q123-Front-End.pdf,"Canadian Natural is an industry leader in abandonment and reclamation activity and through its active program, the Company has abandoned more than 3,000 wells per year in each of the last two years.",True,1,an,,,"active, well",,0
Canadian Natural Resources,https://www.cnrl.com/content/uploads/2024/05/0502-Q124-Front-End.pdf,"Our culture of continuous improvement provides a significant advantage to delivering on our strategy of investing in GHG technologies across our assets, including opportunities for methane emissions reduction.",True,1,,,,,,1
Enbridge,https://www.enbridge.com/media-center/news/details?id=123663&lang=en,"Announced a 35% energy intensity reduction target by 2030, net-zero emissions by 2050, and diversity and inclusion goals, furthering nearly two decades of Environmental, Social and Governance (ESG) leadership",False,1,,,,,,0
Pembina Pipeline,https://www.pembina.com/media-centre/news/details/e9f3cbe3-560d-44c0-a81a-53a70fcba0b2,"""The meaningful target we have announced today is supported by a solid foundation of baseline emissions data that will drive accurate and consistent reporting across the organization moving forward,"" added Mr. Dilger.",False,1,,,,,,1
Suncor Energy,http://web.archive.org/web/20220704154002/https://sustainability-prd-cdn.suncor.com/-/media/project/suncor/files/news-releases/2011/2011-11-03-suncor-energy-reports-2011-third-quarter-results-en.pdf?modified=20210902050641,"In Suncor's renewable energy business, development of the 88-megawatt Wintering Hills wind power project in southern Alberta is under budget and ahead of schedule.",True,1,,,,,,0
Enbridge,https://www.enbridge.com/media-center/news/details?id=123674&lang=en,"Sanctioned 4 additional self-power projects for the Liquids system and placed the 10.5 MW Alberta Solar One facility into service, reducing pump station CO2 emissions",False,1,,,,,,0
Enbridge,https://www.enbridge.com/media-center/news/details?id=123817&lang=en,"Working together with the region: a long-term commitment Throughout the development and construction phases over the past 12 years, the Fécamp Offshore Wind Farm project team has worked in close consultation with all local stakeholders, which has enabled us to best protect the landscape and surrounding environment and help ensure shared use of the sea.",False,1,,,,,,1
Canadian Natural Resources,https://www.cnrl.com/upload/media_element/1307/02/1105-q320-front-end.pdf,"As part of our comprehensive GHG emissions reduction strategy, our CCS projects include carbon dioxide (""CO2"") storage in geological formations, the use of CO2 in enhanced oil recovery techniques and injection of CO2 into tailings.",True,1,,,,comprehensive,our,0
Enbridge,https://www.enbridge.com/media-center/news/details?id=123680&lang=en,"New in this year's Sustainability Report are metrics established in 2020 to track the emission intensity of the energy transported by the Company and how its investments in renewable natural gas, hydrogen and renewable electricity are advancing the energy transition.",True,1,,,,,,0
Enbridge,https://www.enbridge.com/media-center/news/details?id=123687&lang=en,"Once in service, the Company will own interests in six operating offshore wind projects located in Europe with a total gross generation capacity of more than 2.4 GW (0.6 GW net), enough to power over 2 million homes with renewable energy.",False,1,,,,,,0
Suncor Energy,http://web.archive.org/web/20220703214256/https://sustainability-prd-cdn.suncor.com/-/media/project/suncor/files/news-releases/2011/2011-12-01-suncor-energy-announces-rick-george-transition-plan-and-retirement-en.pdf?modified=20210902050645,"Suncor's environmental track record includes the successful surface reclamation of the industry's first tailings pond and implementation of TROTM, a new tailings management technology, which will significantly speed the time to reclamation of disturbed land area.",True,1,,,,,,0
Pembina Pipeline,https://www.pembina.com/media-centre/news/details/e9f3cbe3-560d-44c0-a81a-53a70fcba0b2,"Pembina has recently announced new initiatives, and is actively exploring others, that represent fundamentally strong business opportunities and at the same time will contribute to the achievement of its GHG emissions reduction target including:",True,1,,,,,,0
Enbridge,https://www.enbridge.com/media-center/news/details?id=123661&lang=en,"""Line 5, encased in a tunnel below the lakebed, is the best way to safeguard the precious waters of the Great Lakes and ensures that low cost, safe and reliable energy keeps flowing to Michigan, neighboring states and Canada's two largest provinces.""",True,1,,,,,,1
Enbridge,https://www.enbridge.com/media-center/news/details?id=123647&lang=en,"To meet its 2030 emission intensity reduction target and 2050 net zero target, Enbridge will pursue multiple pathways, strongly aligned with, and embedded in, the Company's existing business plans, including:",True,1,,,,,,0
Enbridge,https://www.enbridge.com/media-center/news/details?id=123700&lang=en,"""We're excited to be partnering with Capital Power in support of their commitment to a low-carbon energy future,"" said Colin Gruending, Enbridge Executive Vice President and President, Liquids Pipelines.",False,1,,,,,,1
Imperial Oil,http://web.archive.org/web/20211029124723/https://news.imperialoil.ca/news-releases/news-releases/2021/Imperial-announces-third-quarter-2021-financial-and-operating-results/default.aspx,The facility is expected to produce more than 1 billion litres per year of renewable diesel from locally grown feedstocks and has the potential to reduce annual greenhouse gas emissions by about 3 million tonnes compared to conventional fuels.,True,1,,,,,,0
Enbridge,https://www.enbridge.com/media-center/news/details?id=123679&lang=en,"""From the start, the project has been about improving safety and reliability for communities and protecting the environment.""",False,1,,,,,,1
Suncor Energy,http://web.archive.org/web/20221007084203/https://sustainability-prd-cdn.suncor.com/-/media/project/suncor/files/news-releases/2020/2020-12-08-varennes-biofuel-partnership-en.pdf?modified=20220917163742,"Contribution to greenhouse gas (GHG) reduction equivalent to taking close to 50,000 vehicles off the road annually.",True,1,,,,,,0
Enbridge,https://www.enbridge.com/media-center/news/details?id=123746&lang=en,"""The global energy crisis is shining a spotlight on the need for all sources of energy supply to ensure our energy security and economic competitiveness, while continuing to make progress on reducing emissions.",True,1,,,,,,1
Imperial Oil,http://web.archive.org/web/20210622082629/https://news.imperialoil.ca/news-releases/news-releases/2021/Canadas-largest-oil-sands-producers-announce-unprecedented-alliance-to-achieve-net-zero-greenhouse-gas-emissions/default.aspx,"""Canadian ingenuity has enabled oil sands development and with continued innovation, positions Canada to be the ESG-leading barrel to meet global energy demand.",True,1,,,,,,1
Enbridge,https://www.enbridge.com/media-center/news/details?id=123711&lang=en,"""We applaud Lehigh and Enbridge in advancing plans for definitive climate action in Canada with this full chain CCUS initiative and we are proud to be a part of the carbon capture development at Lehigh's Edmonton cement plant,"" said Mark Demchuk, National Director, Strategy & Stakeholder Relations at the International CCS Knowledge Centre.",True,1,,,,,,1
Enbridge,https://www.enbridge.com/media-center/news/details?id=123784&lang=en,"Today, climate change is another such pivotal moment and Canada has an opportunity to show leadership – that opportunity is natural gas, stated Ebel.",True,1,,,,,,1
Enbridge,https://www.enbridge.com/media-center/news/details?id=123663&lang=en,"ESG has long been integrated into our business and strategies, and in 2020, we raised the bar again by committing to a 35% reduction in energy intensity by 2030, net-zero emissions by 2050 and setting new diversity and inclusion goals all tied to management compensation.",True,1,,,,,,0
Enbridge,https://www.enbridge.com/media-center/news/details?id=123713&lang=en,"The program includes ratable capital requirements for both Gas Transmission's modernization and Gas Distribution's utility growth programs, as well as 4 offshore wind projects in France providing a combined 1.5 GW (0.3 GW net) of generation capacity, and a number of other smaller projects across each of Enbridge's businesses.",True,1,,,,,,0
Suncor Energy,http://web.archive.org/web/20220701100108/https://sustainability-prd-cdn.suncor.com/-/media/project/suncor/files/news-releases/2022/2022-02-02-nr-su-q4-2021-en.pdf?modified=20220203002122,"Fabrication of a commercial biorefinery plant near Soperton, Georgia, is well underway and is expected to be on-stream in late2022, and will allow Suncor to supply sustainable low-emissions aviation fuel to customers.",True,1,a,,"late, low, near","sustainable, well",,1
Pembina Pipeline,https://www.pembina.com/media-centre/news/details/e9f3cbe3-560d-44c0-a81a-53a70fcba0b2,"Pembina has recently announced new initiatives, and is actively exploring others, that represent fundamentally strong business opportunities and at the same time will contribute to the achievement of its GHG emissions reduction target including:",False,1,,,,,,0
Suncor Energy,http://web.archive.org/web/20221007084203/https://sustainability-prd-cdn.suncor.com/-/media/project/suncor/files/news-releases/2020/2020-12-08-varennes-biofuel-partnership-en.pdf?modified=20220917163742,"'Shell Canada is delighted with the proposed partnership with Enerkem, a leading Canadian cleantech company, and we see this as a step forward towards a net-zero emissions future.",True,1,,,,,,1
Enbridge,https://www.enbridge.com/media-center/news/details?id=123670&lang=en,"""For example, the Niagara RNG facility project will generate enough clean energy to heat 8,750 homes and reduce GHG emissions by 48,000 tonnes per year.",False,1,,,,,,0
Enbridge,https://www.enbridge.com/media-center/news/details?id=123722&lang=en,"""The EIEC is already the premier export facility on the U.S. Gulf Coast and will play an even greater role in global energy security and sustainability.",False,1,an,,,great,,1
Enbridge,https://www.enbridge.com/media-center/news/details?id=123773&lang=en,"a detailed overview of sources of methane emissions from Enbridge operations along with Company, industry and policy actions to better monitor and mitigate emissions;",True,1,,,,,,1
Suncor Energy,http://web.archive.org/web/20220701143738/https://sustainability-prd-cdn.suncor.com/-/media/project/suncor/files/news-releases/2016/2016-07-21-suncor-releases-2016-report-on-sustainability-and-new-long-term-sustainability-goals-en.pdf?modified=20210902050913,"We share in the global challenge to tackle climate change head on by reducing emissions, while providing energy the world needs.",True,1,,,,,,1
Enbridge,https://www.enbridge.com/media-center/news/details?id=123697&lang=en,"And, we're partnering with leading low-carbon energy companies to combine their technologies with our existing energy infrastructure capabilities.",True,1,,,,,,1
Pembina Pipeline,https://www.pembina.com/media-centre/news/details/75e2ce7e-6744-4ec4-a048-2c41be88736e,The Project represents a significant opportunity to bring tremendous economic benefits to the State of Oregon and Western Colorado and make a substantial contribution to addressing global climate change by replacing coal in Asia.,False,1,,,,,,1
Shell Canada,http://web.archive.org/web/20190926171658/https://www.shell.ca/en_ca/media/news-and-media-releases/news-releases-2019/quest-ccs-facility-reaches-major-milestone.html,"The Quest CCS facility captures and stores about one third of the CO2 emissions from the Shell-operated Scotford Upgrader near Fort Saskatchewan, Alberta, which turns oil sands bitumen into synthetic crude that can be refined into fuel and other products.",True,1,,about,near,,,0
Enbridge,https://www.enbridge.com/media-center/news/details?id=123753&lang=en,Enbridge and Oxy Low Carbon Ventures (OLCV) announced that they are jointly developing a carbon dioxide (CO2) sequestration hub in the Corpus Christi area of the Texas Gulf Coast.,False,1,a,,,,,0
Pembina Pipeline,https://www.pembina.com/media-centre/news/details/87981cd6-b786-4a87-b62b-a6794238f970,"The PLCC will be focused on attracting and developing investment for innovative and emerging energy transition technologies, sustainable fuels, and chemicals, specifically low-carbon hydrogen and hydrogen carriers such as ammonia and methanol.",True,1,,,,,,0
Suncor Energy,http://web.archive.org/web/20220704144436/https://sustainability-prd-cdn.suncor.com/-/media/project/suncor/files/news-releases/2015/2015-11-22-oil-sands-companies-demonstrate-leadership-on-climate-change-en.pdf?modified=20210902050845,"By directing revenue generated from the new carbon pricing regime towards the development of potentially game-changing greenhouse gas (GHG) reduction technologies, this made-in-Alberta plan lays the foundation for the province to become a global leader in addressing the climate change challenge.",True,1,"a, potentially",,new,,,1
Shell Canada,http://web.archive.org/web/20170913004920/http://www.shell.ca/en_ca/media/news-and-media-releases/news-releases-2012/fuelling-change.html,"Today, Shell will award $1 million to Canadian environmental projects, chosen by its customers.",True,1,,,,,,0
Enbridge,https://www.enbridge.com/media-center/news/details?id=123711&lang=en,"""We applaud Lehigh and Enbridge in advancing plans for definitive climate action in Canada with this full chain CCUS initiative and we are proud to be a part of the carbon capture development at Lehigh's Edmonton cement plant,"" said Mark Demchuk, National Director, Strategy & Stakeholder Relations at the International CCS Knowledge Centre.",False,1,,,,,,1
Enbridge,https://www.enbridge.com/media-center/news/details?id=123760&lang=en,"Established in 2019, Maple Power, together with its partners and shareholders, manages a portfolio of 3.2 GW (gross) of European offshore wind projects.",True,1,a,,,,,0
Suncor Energy,http://web.archive.org/web/20220704143338/https://sustainability-prd-cdn.suncor.com/-/media/project/suncor/files/news-releases/2013/2013-08-26-suncor-energy-opens-new-reclamation-project-nikanotee-fen-en.pdf?modified=20210902050737,"'I also look forward to continued collaboration on this great project, as we are deeply committed to returning land to a natural state for future generations.",True,1,,,,,,1
Suncor Energy,http://web.archive.org/web/20220629130830/https://sustainability-prd-cdn.suncor.com/-/media/project/suncor/files/news-releases/2010/2010-08-17-suncor-energy-releases-2010-report-on-sustainability-en.pdf?modified=20210902050604,"As a result of the 2009 merger with Petro-Canada, this year's report includes consolidated social and environmental data from both companies, including historic data where available.",True,1,,,,,,0
Enbridge,https://www.enbridge.com/media-center/news/details?id=123680&lang=en,"""For the past two decades, we've been committed to integrating sustainability into all that we do, publicly reporting both on our progress and the priority work which remains,"" said Pete Sheffield, Enbridge's Chief Sustainability Officer.",True,1,,,,,,1
Pembina Pipeline,https://www.pembina.com/media-centre/news/details/dbb773ae-26bd-4f6e-808d-f8716a632c25,"The Company's Safety, Environment and Security (""SES"") management system is a cornerstone of Pembina's success and is deeply embedded in its corporate culture.",True,1,a,,,,,1
Enbridge,https://www.enbridge.com/media-center/news/details?id=123687&lang=en,"This is an exciting opportunity reflecting the vital role that natural gas is expected to play in displacing higher-carbon sources of power generation, while providing reliable and affordable energy to the people of Tennessee.",True,1,an,,high,"affordable, exciting, natural, reliable",,1
Enbridge,https://www.enbridge.com/media-center/news/details?id=123723&lang=en,"We're working closely with our customers to accelerate new infrastructure investments to meet growing demand, increase connections to export markets, and enable cleaner energies.",False,1,,,,,,1
Enbridge,https://www.enbridge.com/media-center/news/details?id=123670&lang=en,This is just one example of how Enbridge is connecting consumers to renewables sources of energy.,False,1,,,,just,,1
Enbridge,https://www.enbridge.com/media-center/news/details?id=123696&lang=en,"Our core businesses include Liquids Pipelines, which transports approximately 25 percent of the crude oil produced in North America; Gas Transmission and Midstream, which transports approximately 20 percent of the natural gas consumed in the U.S.; Gas Distribution and Storage, which serves approximately 3.8 million retail customers in Ontario and Quebec; and Renewable Power Generation, which generates approximately 1,766 MW of net renewable power in North America and Europe.",False,1,,approximately,,"crude, natural",,0
Enbridge,https://www.enbridge.com/media-center/news/details?id=123736&lang=en,Tri Global Energy is among America's top utility-scale renewable energy developers.,False,1,,,,,,1
Enbridge,https://www.enbridge.com/media-center/news/details?id=123646&lang=en,Commenced construction of the 500 MW Fécamp offshore wind farm and 480 MW Saint Nazaire offshore wind farm construction remains on track for late 2022 in-service date,True,1,,,late,,,0
Suncor Energy,http://web.archive.org/web/20220704143556/https://sustainability-prd-cdn.suncor.com/-/media/project/suncor/files/news-releases/2009/2009-06-18-suncor-sees-possibilities-outlines-environmental-goals-in-sustainability-report-en.pdf?modified=20210902050521,"The seventh biennial report, entitled 'Seeing the Possibilities in a Changing World,' profiles Suncor's progress on a wide range of sustainability objectives.",True,1,a,,wide,,,0
Suncor Energy,http://web.archive.org/web/20221007093204/https://sustainability-prd-cdn.suncor.com/-/media/project/suncor/files/news-releases/2019/2019-10-15-nr-suncor-50m-enerkem-en.pdf?modified=20220921202949,"EAB is the first commercial-scale plant in the world to turn non-recyclable, non-compostable mixed municipal solid waste into cellulosic ethanol, a popular biofuel.",True,1,a,,,"popular, solid",,0
Pembina Pipeline,https://www.pembina.com/media-centre/news/details/b5658227-fae2-4f23-a8bf-3fd267417caf,"The 100 MW of capacity from the PPA should provide an estimated 335,000 MWh annually of renewable energy to Alberta's power grid, or enough to power over 45,000 homes for a year.",False,1,,,,,,0
Enbridge,https://www.enbridge.com/media-center/news/details?id=123623&lang=en,"Enbridge has filed for all major environmental permits, including the Joint Permit Application with the EGLE and the USACE, as well as an independent application to the Michigan Public Service Commission.",True,1,"all, an",,major,"independent, well",,0
Imperial Oil,https://news.imperialoil.ca/news-releases/news-releases/2025/Imperial-announces-first-quarter-2025-financial-and-operating-results/default.aspx,"Construction continued on Canada's largest renewable diesel facility at the Strathcona refinery, on track for start-up in mid-2025.",False,1,,,,,,1
Suncor Energy,http://web.archive.org/web/20220701130341/https://sustainability-prd-cdn.suncor.com/-/media/project/suncor/files/news-releases/2011/2011-03-03-suncor-energy-reports-2010-fourth-quarter-results-en.pdf?modified=20210902050623,Spending was focused on merger integration related activities and renewable energy.,True,1,,,,,,1
Enbridge,https://www.enbridge.com/media-center/news/details?id=123687&lang=en,"Combined, these three projects will generate enough renewable energy to power over 1 million homes.",False,1,,,enough,,,1
Enbridge,https://www.enbridge.com/media-center/news/details?id=123836&lang=en,"We're investing in modern energy delivery infrastructure to sustain access to secure, affordable energy and building on two decades of experience in renewable energy to advance new technologies including wind and solar power, hydrogen, renewable natural gas and carbon capture and storage.",False,1,,,,,,1
Imperial Oil,http://web.archive.org/web/20211029124723/https://news.imperialoil.ca/news-releases/news-releases/2021/Imperial-announces-third-quarter-2021-financial-and-operating-results/default.aspx,The company continues to make progress on its greenhouse gas emission reduction plans and efforts to position the company for success in a lower-carbon energy future.,True,1,,,,,,1
Shell Canada,http://web.archive.org/web/20170911231456/http://www.shell.ca/en_ca/media/news-and-media-releases/news-releases-2013/lng-station.html,"Globally, a broad range of fuel options ranging from electrification to biofuels and more efficient traditional hydrocarbon fuels will be needed to meet growing transportation demand.",True,1,,,,,,1
Enbridge,https://www.enbridge.com/media-center/news/details?id=123700&lang=en,"""It's exciting to partner with Enbridge – a sustainability leader – on this project and support their efforts in pursuit of the Open Access Wabamun Carbon Hub.",True,1,a,,,exciting,,1
Canadian Natural Resources,https://www.cnrl.com/content/uploads/2024/07/0801-Q224-Front-End.pdf,"Canadian Natural continues to Invest in a range of technologies like solvents tor enhanced recovery and Carbon Capture, Utilization and Storage ('CCUS') projects.",False,1,,,,,,0
Pembina Pipeline,https://www.pembina.com/media-centre/news/details/b5658227-fae2-4f23-a8bf-3fd267417caf,The emissions reductions available from the PPA and the cogeneration facility currently being constructed at Empress represent approximately seven percent of Pembina's 2019 reported greenhouse gas emissions.,True,1,,,,,,0
Suncor Energy,http://web.archive.org/web/20220703205756/https://sustainability-prd-cdn.suncor.com/-/media/project/suncor/files/news-releases/2013/2013-07-17-suncor-energy-releases-2013-report-on-sustainability-en.pdf?modified=20210902050733,"Overall, total reported air emissions in 2012 decreased by 8.7 per cent compared to 2011 levels.",True,1,,,,,,0
Enbridge,https://www.enbridge.com/media-center/news/details?id=123691&lang=en,"The team will leverage and build upon Enbridge's early investments in the areas of RNG, hydrogen, and carbon capture, utilization and sequestration (CCUS), as well as other low-carbon technologies.",True,1,,,,,,1
Suncor Energy,http://web.archive.org/web/20220703211358/https://sustainability-prd-cdn.suncor.com/-/media/project/suncor/files/news-releases/2012/2012-06-14-suncor-energy-officially-opens-wintering-hills-wind-power-project-en.pdf?modified=20210902050703,"""We are proud to celebrate the grand opening of our first investment in wind power,"" said Ray Reipas, senior vice president, Energy, Teck.",True,1,,,,,,0
Shell Canada,http://web.archive.org/web/20170913004920/http://www.shell.ca/en_ca/media/news-and-media-releases/news-releases-2012/fuelling-change.html,The beauty of FuellingChange is that is allows customers to select the environmental projects that Shell Canada funds.,True,1,,,,,,1
Suncor Energy,http://web.archive.org/web/20220703210955/https://sustainability-prd-cdn.suncor.com/-/media/project/suncor/files/news-releases/2011/2011-12-22-suncor-energy-recognized-by-industry-association-for-commitment-to-biofuels-en.pdf?modified=20210902050649,Suncor has been an active member of the CRFA for the past four years and has been working with this group to progress the policy framework for biofuels.,True,1,,,,,,0
Enbridge,https://www.enbridge.com/media-center/news/details?id=123735&lang=en,"""We believe this partnership exemplifies how Enbridge and Indigenous communities can work together, not only in stewarding the environment, but also in owning and operating critical energy infrastructure.",True,1,,,,critical,,1
Shell Canada,https://www.shell.ca/en_ca/media/news-and-media-releases/news-releases-2025/shell-completes-asset-swap-increasing-interests-in-scotford-upgrader-and-quest-ccs-facility.html,Shell only controls its own emissions.,False,1,,,,,,1
Suncor Energy,http://web.archive.org/web/20221007083429/https://sustainability-prd-cdn.suncor.com/-/media/project/suncor/files/news-releases/2020/2020-06-02-nr-su-lanzajet-release-en.pdf?modified=20220917161938,"The LanzaJet process can use any source of sustainable ethanol for jet fuel production, including, but not limited to, ethanol made from recycled pollution, the core application of LanzaTech's carbon recycling platform.",True,1,,,,sustainable,,0
Pembina Pipeline,https://www.pembina.com/media-centre/news/details/b2ba241c-3287-4179-9dac-7e925621f35b,"On-going innovation and partnerships are critical to the success of both industry and government in reaching our economic and environmental goals,"" said the Honourable Jason Nixon, Minister of Environment and Parks.",True,1,,,,,,1
Shell Canada,http://web.archive.org/web/20200622084848/https://www.shell.ca/en_ca/media/news-and-media-releases/news-releases-2019/in-partnership-with-htec.html,"This data reflects a broader attitude in the province, as 86% of British Columbians say switching to a hydrogen fuel vehicle is good for the environment.",True,1,,,,,,0
Suncor Energy,http://web.archive.org/web/20230320193125/https://sustainability-prd-cdn.suncor.com/-/media/project/suncor/files/news-releases/2023/2023-02-14-news-release-earnings-q4-2022-en.pdf?modified=20230317131412,Reducing GHG emissions is a key component of the company's business strategy and long-term vision.,True,1,a,,long,,,1
Pembina Pipeline,https://www.pembina.com/media-centre/news/details/a86f7b93-e454-448d-a241-988fa271db77,"Our goal is for everyone to return home safely at the end of the day and so these outstanding results are a testament to our commitment to that goal.""",True,1,a,nan,so,"outstanding, safely",our,2
Enbridge,https://www.enbridge.com/media-center/news/details?id=123743&lang=en,It is also investing in new technologies to support energy transition.,False,1,nan,nan,nan,nan,nan,1
Suncor Energy,http://web.archive.org/web/20220704153010/https://sustainability-prd-cdn.suncor.com/-/media/project/suncor/files/news-releases/2017/2017-12-04-suncor-energy-begins-regulatory-process-to-add-significant-low-carbon-power-en.pdf?modified=20210902051007,Suncor Energy begins regulatory process to add significant low-carbon power with cogeneration at its Oil Sands operations,True,1,nan,nan,low,significant,nan,1
Enbridge,https://www.enbridge.com/media-center/news/details?id=123711&lang=en,"Since 1956, Lehigh Cement has been an innovator, partner and collaborator in advancing the cement and concrete industry, and supporting Alberta's economy.",True,1,an,nan,nan,nan,nan,2
Pembina Pipeline,https://www.pembina.com/media-centre/news/details/c8f37bc6-7e6a-480b-8afd-c78c10c51abf,"Joint ventures are those entities over whose activities the Company has joint control, established by contractual agreement and requiring unanimous consent for strategic financial and operating decisions.",True,1,nan,nan,nan,nan,nan,2
Canadian Natural Resources,https://www.cnrl.com/upload/media_element/1322/03/0609-oil-sands-alliance.pdf,"efficiency, fuel switching, electrification, infrastructure corridors and new emissionsreducing technologies.",True,1,nan,nan,nan,nan,nan,1
Enbridge,https://www.enbridge.com/media-center/news/details?id=123737&lang=en,"With a deep appreciation for the very solid foundation that Enbridge has set over more than a century of reliably delivering energy, we are all excited about growing the Company well into the future.",True,1,nan,nan,nan,nan,nan,2
Enbridge,https://www.enbridge.com/media-center/news/details?id=123663&lang=en,A webcast replay and podcast will be available approximately two hours after the conclusion of the event and a transcript will be posted to the website within 24 hours.,False,1,a,approximately,nan,nan,nan,2
Enbridge,https://www.enbridge.com/media-center/news/details?id=123807&lang=en,"""Natural gas utilities have long useful lives and are 'must-have' infrastructure for providing safe, reliable, and affordable energy.",True,1,nan,nan,nan,nan,nan,2
Enbridge,https://www.enbridge.com/media-center/news/details?id=123697&lang=en,"Over the last two decades, we've significantly expanded our natural gas business and connections to LNG markets, extended our crude oil platform to the U.S. Gulf Coast and waterborne exports, and built a world-class renewables business.",True,1,a,nan,nan,"crude, natural, significantly","our, we",1
Enbridge,https://www.enbridge.com/media-center/news/details?id=123715&lang=en,"Today, the Government of Alberta announced that Enbridge (TSX: ENB) (NYSE: ENB) has been awarded the right to pursue development of a carbon dioxide (CO2) sequestration hub west of Edmonton, Alberta.",True,1,nan,nan,nan,nan,nan,0
Suncor Energy,http://web.archive.org/web/20220703210616/https://sustainability-prd-cdn.suncor.com/-/media/project/suncor/files/news-releases/2010/2010-12-17-suncor-energy-unveils-ten-year-growth-strategy-en.pdf?modified=20210902050617,"While much of our work is long term in focus, we have also established nearer-term goals to accelerate land reclamation, reduce absolute air emissions and water use, and improve energy efficiency by 2015.",True,1,nan,nan,nan,nan,nan,1
Suncor Energy,http://web.archive.org/web/20221007084025/https://sustainability-prd-cdn.suncor.com/-/media/project/suncor/files/news-releases/2022/2022-07-18-news-release-su-enters-agreement-elliott-en.pdf?modified=20220909213549,"As part of its agreement with Elliott, Suncor has appointed the following three new independent directors to its Board, effective immediately:",True,1,nan,nan,new,"effective, independent",nan,2
Shell Canada,http://web.archive.org/web/20170913012336/http://www.shell.ca/en_ca/media/news-and-media-releases/news-releases-2014/competition-energy-four-seven-billion.html,"""Energy supports nearly every aspect of our lives, but it's not always obvious where and how,"" says Lorraine Mitchelmore, President and Country Chair, Shell Canada, "" We naturally tend to think of heating homes or driving, but thousands of basic necessities and consumer products are made possible by energy.",True,1,nan,nan,nan,nan,nan,2
Enbridge,https://www.enbridge.com/media-center/news/details?id=123779&lang=en,The Gas utilities fit Enbridge's long held investor proposition of low-risk businesses with predictable cash flow growth and strong overall returns.,True,1,nan,nan,"long, overall","low-risk, strong",nan,2
Suncor Energy,http://web.archive.org/web/20220704154002/https://sustainability-prd-cdn.suncor.com/-/media/project/suncor/files/news-releases/2011/2011-11-03-suncor-energy-reports-2011-third-quarter-results-en.pdf?modified=20210902050641,The extended dockside maintenance program originally planned for Terra Nova in 2011 has been deferred until 2012 so that plans to resolve hydrogen sulphide issues may be implemented concurrently.,True,1,nan,nan,so,nan,nan,2
Suncor Energy,http://web.archive.org/web/20220704154002/https://sustainability-prd-cdn.suncor.com/-/media/project/suncor/files/news-releases/2011/2011-11-03-suncor-energy-reports-2011-third-quarter-results-en.pdf?modified=20210902050641,"'The tremendous work of our employees and contractors on Suncor's operational excellence management system has helped us improve reliability across the company,' said George. '",True,1,nan,nan,nan,improve,our,2
Pembina Pipeline,https://www.pembina.com/media-centre/news/details/48223166-81f6-4563-a5a3-e327146dd7a8,"At the same time, positive industry momentum is leading to contracting success and providing growth opportunities that will benefit Pembina and its stakeholders in the coming years.",True,1,nan,nan,nan,positive,nan,2
Suncor Energy,http://web.archive.org/web/20220701132103/https://sustainability-prd-cdn.suncor.com/-/media/project/suncor/files/news-releases/2017/2017-02-27-suncor-energy-announces-redemption-of-notes-en.pdf?modified=20210902050941,"'This announcement is evidence of our ongoing commitment to capital discipline through the further strengthening of our balance sheet,' said Steve Williams, Suncor's president and chief executive officer.",True,1,nan,nan,nan,nan,nan,2
Imperial Oil,https://news.imperialoil.ca/news-releases/news-releases/2018/Imperial-earns-749-million-in-the-third-quarter-of-2018/default.aspx,"The application of next-generation oil recovery technology at Cold Lake, improvements in reliability at Kearl and continuous improvements in energy efficiency are expected to be key drivers behind the reductions.",True,1,nan,nan,nan,nan,nan,0
Suncor Energy,http://web.archive.org/web/20220701130341/https://sustainability-prd-cdn.suncor.com/-/media/project/suncor/files/news-releases/2011/2011-03-03-suncor-energy-reports-2010-fourth-quarter-results-en.pdf?modified=20210902050623,"Operating costs could be impacted by inflationary pressures on labour, volatile pricing for natural gas used as an energy source in oil sands processes, and planned and unplanned maintenance.",True,1,nan,nan,nan,nan,nan,2
Enbridge,https://www.enbridge.com/media-center/news/details?id=123787&lang=en,"""During the quarter, we announced the strategic acquisition of three U.S. gas utilities, and post closings, Enbridge will have created North America's largest gas utility platform, with approximately 7,000 employees proudly serving some 7 million customers.",True,1,nan,nan,nan,nan,nan,2
Enbridge,https://www.enbridge.com/media-center/news/details?id=123760&lang=en,"It also comes at a crucial time as global energy challenges demonstrate that continued investment in reliable, secure, clean and affordable energy is needed.""",True,1,a,nan,nan,"affordable, challenge, clean, crucial, reliable, secure",nan,1
Imperial Oil,http://web.archive.org/web/20221028120609/https://news.imperialoil.ca/news-releases/news-releases/2022/Imperial-announces-third-quarter-2022-financial-and-operating-results/default.aspx,"""Our on-going focus on safe and reliable operations underpins our strong financial results and positions us well to continue capturing value from the current commodity price environment.""",True,1,nan,nan,nan,nan,nan,2
Enbridge,https://www.enbridge.com/media-center/news/details?id=123647&lang=en,Net zero target by 2050; 35% reduction in greenhouse gas emissions intensity by 2030,True,1,nan,nan,nan,nan,nan,0
Shell Canada,http://web.archive.org/web/20200622084848/https://www.shell.ca/en_ca/media/news-and-media-releases/news-releases-2019/in-partnership-with-htec.html,"One out of three British Columbians are planning to purchase or lease a new vehicle within the next two years, and residents in the province are more likely than other Canadians to consider a low emission vehicle for their next vehicle.",True,1,"a, or",nan,"low, new",likely,nan,0
Suncor Energy,http://web.archive.org/web/20220703204446/https://sustainability-prd-cdn.suncor.com/-/media/project/suncor/files/news-releases/2015/2015-07-07-suncor-energy-to-exchange-select-wind-power-facilities-en.pdf?modified=20210902050830,"Additionally, under a contract with TransAlta until 2030, Suncor will assume operating control of two gas turbine generators and heat recovery steam generators at Poplar Creek.",True,1,nan,nan,nan,nan,nan,2
Suncor Energy,http://web.archive.org/web/20220629130101/https://sustainability-prd-cdn.suncor.com/-/media/project/suncor/files/news-releases/2009/2009-07-22-suncor-energy-releases-second-quarter-2009-results-en.pdf?modified=20210902050522,"The sulphur plant is expected to support sulphur emissions reductions for existing and planned in-situ development, and the extraction plant is expected to provide improved reliability and productivity for the company's oil sands assets.",True,1,nan,nan,nan,nan,nan,1
Enbridge,https://www.enbridge.com/media-center/news/details?id=123687&lang=en,"""We're leveraging our existing assets and working, along with our customers, to identify early stage investments in embedded low-carbon infrastructure opportunities across our businesses, while modernizing our assets to ensure we're serving society's energy needs for decades to come.",False,1,nan,nan,low,nan,"our, we",1
Suncor Energy,http://web.archive.org/web/20220703214658/https://sustainability-prd-cdn.suncor.com/-/media/project/suncor/files/news-releases/2009/2009-01-20-suncor-energy-reports-financial-results-for-2008-and-operational-goals-for-2009-en.pdf?modified=20210902050515,"'With market conditions limiting our growth capital spending in 2009, we will be tightly focused on getting full value from our existing assets,' said George.",True,1,nan,nan,nan,nan,nan,2
Suncor Energy,http://web.archive.org/web/20221007083200/https://sustainability-prd-cdn.suncor.com/-/media/project/suncor/files/news-releases/2022/2022-04-04-nr-su-strengthens-focus-en.pdf?modified=20220909190359,Other targeted activities include partnering with ATCO on a project to build a world-scale hydrogen project in Alberta and deploying next generation renewable fuel technologies like Lanzajet's sustainable aviation fuel technology and Enerkem's waste to fuels technology.,True,1,a,nan,nan,sustainable,nan,1
Enbridge,https://www.enbridge.com/media-center/news/details?id=123646&lang=en,Our diversified asset base is purposefully aligned with the global energy mix and our outlook on the fundamentals.,True,1,nan,nan,nan,"fundamental, purposefully",our,1
Suncor Energy,http://web.archive.org/web/20220704150011/https://sustainability-prd-cdn.suncor.com/-/media/project/suncor/files/news-releases/2014/2014-07-16-suncor-energy-releases-2014-report-on-sustainability-en.pdf?modified=20210902050806,"'We seem to have lost the ability to have honest, direct, human conversations about energy choices that touch all of our lives, every day,' said Steve Williams, president and CEO.",True,1,nan,nan,nan,nan,nan,2
Enbridge,https://www.enbridge.com/media-center/news/details?id=123808&lang=en,"This is a great way to enhance our super-system approach, bringing energy supply to places where it is needed most and providing last mile connectivity to domestic and export customers,"" said Cynthia Hansen, EVP and President, Gas Transmission and Midstream of Enbridge.",False,1,"a, most",nan,nan,"great, super",our,2
Suncor Energy,http://web.archive.org/web/20220629124515/https://sustainability-prd-cdn.suncor.com/-/media/project/suncor/files/news-releases/2015/2015-11-17-suncor-energy-announces-2016-capital-spending-program-and-production-outlook-en.pdf?modified=20210902050845,"'Our guidance reflects our ongoing commitment to capital discipline and operational excellence,' said Williams.",True,1,nan,nan,nan,nan,our,2
Shell Canada,http://web.archive.org/web/20191115140440/https://www.shell.ca/en_ca/media/news-and-media-releases/news-releases-2015/shell-launches-quest-carbon-capture-and-storage-project.html,"Quest will capture one-third of the emissions from Shell's Scotford Upgrader, which turns oil sands bitumen into synthetic crude that can be refined into fuel and other products.",True,1,nan,nan,nan,nan,nan,0
Suncor Energy,http://web.archive.org/web/20221007083429/https://sustainability-prd-cdn.suncor.com/-/media/project/suncor/files/news-releases/2020/2020-06-02-nr-su-lanzajet-release-en.pdf?modified=20220917161938,This novel phased investment approach will see the initial investment followed by a capital call once all the demonstration milestones have been met.,True,1,nan,nan,nan,nan,nan,2
Enbridge,https://www.enbridge.com/media-center/news/details?id=123836&lang=en,"About Enbridge Inc. At Enbridge, we safely connect millions of people to the energy they rely on every day, fueling quality of life through our North American natural gas, oil or renewable power networks and our growing European offshore wind portfolio.",False,1,nan,nan,nan,nan,nan,0
Pembina Pipeline,https://www.pembina.com/media-centre/news/details/37caa580-5447-49ce-b1c9-02422ee39b4e,"The keys to our success to date - our unwavering commitment to long-term value creation, rather than chasing trends or fads, combined with solid core values and consideration of all stakeholders - will continue to propel us to new successes.",True,1,nan,nan,nan,nan,nan,2
Suncor Energy,http://web.archive.org/web/20220704154002/https://sustainability-prd-cdn.suncor.com/-/media/project/suncor/files/news-releases/2011/2011-11-03-suncor-energy-reports-2011-third-quarter-results-en.pdf?modified=20210902050641,"'The completion of the new MNU hydrogen plant and naphtha hydrotreater and the successful restart of one of our hydrogen plants will go a long way in providing flexibility to boost our sweet production,' said George.",True,1,nan,nan,nan,nan,nan,2
Suncor Energy,http://web.archive.org/web/20220629131500/https://sustainability-prd-cdn.suncor.com/-/media/project/suncor/files/news-releases/2014/2014-06-19-suncor-energy-partners-approve-new-facility-to-test-water-treatment-and-recycling-tech-en.pdf?modified=20210902050804,"The centre is being pursued as a joint industry project convened under Canada's Oil Sands Innovation Alliance (COSIA), with testing to begin by early 2017.",True,1,a,nan,nan,nan,nan,2
Pembina Pipeline,https://www.pembina.com/media-centre/news/details/c8f37bc6-7e6a-480b-8afd-c78c10c51abf,"The remeasured decommissioning provision decreased property, plant and equipment and decommissioning provision liability.",True,1,nan,nan,nan,nan,nan,2
Suncor Energy,http://web.archive.org/web/20220629121859/https://sustainability-prd-cdn.suncor.com/-/media/project/suncor/files/news-releases/2016/2016-07-27-suncor-energy-reports-second-quarter-2016-results-en.pdf?modified=20210902050915,"Suncor remains on track to achieve the $750 million reduction to its original 2016 capital budget and continues to progress major growth projects, Fort Hills and Hebron.",True,1,nan,nan,nan,nan,nan,2
Suncor Energy,http://web.archive.org/web/20220703201845/https://sustainability-prd-cdn.suncor.com/-/media/project/suncor/files/news-releases/2013/2013-02-05-suncor-energy-reports-2012-fourth-quarter-results-en.pdf?modified=20210902050721,"As previously announced, Suncor has been working with its respective partners to undertake detailed reviews of each of its planned Oil Sands Ventures growth projects, focusing on cost and quality with a view to generating long-term value for shareholders.",True,1,a,nan,long,nan,nan,2
Enbridge,https://www.enbridge.com/media-center/news/details?id=123742&lang=en,I'm particularly pleased with how we have positioned our business and implemented strategies to lead the energy transition.,True,1,nan,nan,nan,nan,"i, our, we",1
Pembina Pipeline,https://www.pembina.com/media-centre/news/details/60a97c1d-4e25-48b0-be91-cf80ec73166d,"Pembina is evaluating two additional opportunities for co-generation facilities at other locations, which would allow the Company to predictably reduce operating costs as well as continue to reduce emissions intensity within the Facilities Division.",True,1,nan,nan,nan,nan,nan,1
Suncor Energy,http://web.archive.org/web/20220629125038/https://sustainability-prd-cdn.suncor.com/-/media/project/suncor/files/news-releases/2009/2009-11-05-suncor-energy-reports-oil-sands-production-numbers-for-october-2009-en.pdf?modified=20210902050531,"Suncor Energy Inc. reported today that the company's oil sands production during October averaged approximately 307,000 barrels per day (bpd).",True,1,nan,approximately,nan,nan,nan,2
Canadian Natural Resources,https://www.cnrl.com/content/uploads/2023/05/0504-Q123-Front-End.pdf,Members of Pathways continue to advance environmental field programs to minimize the project's environmental disturbance.,True,1,nan,nan,nan,nan,nan,1
Enbridge,https://www.enbridge.com/media-center/news/details?id=123668&lang=en,A webcast replay will be available on the Company's website.,True,1,a,nan,nan,nan,nan,2
Pembina Pipeline,https://www.pembina.com/media-centre/news/details/9b80bdf4-3c8f-4cff-bb82-2b2c056e0d87,"The changes being brought into these four communities will last for generations and will allow others to be inspired and demand change for their own.""",False,1,nan,nan,nan,"demand, inspire",nan,1
Enbridge,https://www.enbridge.com/media-center/news/details?id=123626&lang=en,"SGRE's new turbine manufacturing plant in Le Havre, at which construction is set to begin this summer, will create 750 jobs.",True,1,nan,nan,new,nan,nan,2
Pembina Pipeline,https://www.pembina.com/media-centre/news/details/c01bca03-8f31-4eb6-817d-0955e2222f7f,"Our growing optimism over the future of the Western Canadian Sedimentary Basin (""WCSB"") remains intact and the positive discussions we have been having with customers over the past year are translating into contracting success and long-term commitments for future volumes to support higher utilization of Pembina's existing asset base as well as accretive and capital efficient new growth projects.",True,1,nan,nan,"high, long, new","efficient, positive, well",we,2
Enbridge,https://www.enbridge.com/media-center/news/details?id=123726&lang=en,Progress: 20 per cent reduction in absolute greenhouse gas emissions through 2021 from a 2018 baseline.,False,1,nan,nan,nan,nan,nan,0
Enbridge,https://www.enbridge.com/media-center/news/details?id=123815&lang=en,Achieved a 37% reduction in GHG emissions intensity and a 20% reduction in absolute GHG emissions from our 2018 baseline.,True,1,nan,nan,nan,nan,nan,0
Enbridge,https://www.enbridge.com/media-center/news/details?id=123687&lang=en,"Existing infrastructure is going to play a key role in the transportation and storage of future energy supplies, ensuring affordable and reliable access to conventional and low-carbon energy.",True,1,nan,nan,nan,nan,nan,1
Pembina Pipeline,https://www.pembina.com/media-centre/news/details/d531dba7-5f86-48e1-b879-63433a87d077,"""We are as rich in growth opportunities as we have ever been, which is a testament to both our customers and the underlying attractiveness of the WCSB,"" stated Mick Dilger, Pembina's President and Chief Executive Officer.",True,1,nan,nan,nan,nan,nan,2
Imperial Oil,http://web.archive.org/web/20210622082629/https://news.imperialoil.ca/news-releases/news-releases/2021/Canadas-largest-oil-sands-producers-announce-unprecedented-alliance-to-achieve-net-zero-greenhouse-gas-emissions/default.aspx,"""This collaborative effort amongst oil sands peers shows our serious commitment to global climate leadership,"" said Alex Pourbaix, Cenovus President and CEO.",True,1,nan,nan,nan,nan,nan,1
Suncor Energy,http://web.archive.org/web/20221007082611/https://sustainability-prd-cdn.suncor.com/-/media/project/suncor/files/news-releases/2020/2020-03-23-nr-su-revises-guidance-en.pdf?modified=20220917160430,"With growing global oil inventories, Suncor's ability to upgrade, refine, and sell production to consumers through its retail network will continue to generate significant value.",True,1,nan,nan,nan,nan,nan,2
Enbridge,https://www.enbridge.com/media-center/news/details?id=123687&lang=en,"The global economic recovery is now well underway, and our assets have been essential in assuring access to reliable and affordable conventional and renewable energy throughout this critical period.",True,1,nan,nan,nan,"affordable, critical, essential, reliable, well",our,1
Suncor Energy,http://web.archive.org/web/20220704151000/https://sustainability-prd-cdn.suncor.com/-/media/project/suncor/files/news-releases/2014/2014-07-08-ge-suncor-energy-new-investments-toward-environmental-performance-albertas-oil-sands-en.pdf?modified=20210902050806,GE and Suncor Energy announce new investments toward improving environmental performance in Alberta's oil sands,True,1,nan,nan,new,improving,nan,1
Enbridge,https://www.enbridge.com/media-center/news/details?id=123735&lang=en,"""We believe this partnership exemplifies how Enbridge and Indigenous communities can work together, not only in stewarding the environment, but also in owning and operating critical energy infrastructure.",False,1,nan,nan,nan,critical,nan,1
Enbridge,https://www.enbridge.com/media-center/news/details?id=123784&lang=en,"It's time for our leaders in government and industry to rise to the challenge,"" said Ebel.",False,1,nan,nan,nan,nan,nan,2
Shell Canada,http://web.archive.org/web/20181226045553/https://www.shell.ca/en_ca/media/news-and-media-releases/news-releases-2018/shell-gives-green-light-to-invest-in-lng-canada.html,"LNG Canada is a long life asset that will initially export LNG from two processing units or ""trains"" totaling 14 million tonnes per annum (mtpa), with the potential to expand to four trains in the future.",True,1,"a, or, total",nan,long,nan,nan,2
Pembina Pipeline,https://www.pembina.com/media-centre/news/details/4842329f-03f7-4fe6-9c80-1b9ee51a11cb,As a company we are committed to pursuing emissions reduction initiatives across our businesses.,True,1,nan,nan,nan,nan,nan,1
Suncor Energy,http://web.archive.org/web/20221007084834/https://sustainability-prd-cdn.suncor.com/-/media/project/suncor/files/news-releases/2021/2021_05_03_nr_su_q1_2021_en.pdf?modified=20220907174546,"Economic investment capital will be focused on production decline mitigation, digital investments, and the cogeneration project at Oil Sands Base and the Forty Mile Wind Power Project, both of which are expected to contribute to the company's environmental goals and the company's previously announced incremental annual $2 billion free funds flow target by 2025.",True,1,nan,nan,nan,nan,nan,0
Shell Canada,http://web.archive.org/web/20170819033956/http://www.shell.ca:80/en_ca/media/news-and-media-releases/news-releases-2017/shell-applaud-historic-announcement-on-marine-conservation-in-tallurutiup-imanga-lancaster-sound.html,"The Nature Conservancy of Canada is the nation's leading not-for-profit, private land conservation organization, working to protect our most important natural areas and the species they sustain.",True,1,nan,nan,nan,nan,nan,1
Pembina Pipeline,https://www.pembina.com/media-centre/news/details/6f2b54ba-3ce3-4d93-83b1-e2256f1103de,"The parties are working towards finalizing a definitive agreement for 1.5 million tonnes of LNG per year, equivalent to approximately 200 million standard cubic feet per day of natural gas, or approximately half of Cedar LNG's production.",True,1,nan,nan,nan,nan,nan,2
Suncor Energy,http://web.archive.org/web/20220703213554/https://sustainability-prd-cdn.suncor.com/-/media/project/suncor/files/news-releases/2013/2013-04-29-suncor-energy-reports-2013-first-quarter-results-en.pdf?modified=20210902050728,"The Strategy Update and Corporate Guidance discussions above contain forwardlooking information that is subject to a number of risks and uncertainties, many of which are beyond Suncor's control, including those outlined below.",True,1,a,nan,many,nan,nan,2
Suncor Energy,http://web.archive.org/web/20220701150031/https://sustainability-prd-cdn.suncor.com/-/media/project/suncor/files/news-releases/2013/2013-06-24-suncor-energy-reduces-production-as-a-result-of-flooding-related-pipeline-shutdowns-en.pdf?modified=20210902050731,"""As a result of the precautionary pipeline shutdowns, our ability to move product out of the region has been restricted and we've temporarily slowed production at our oil sands operations,"" said Steve Williams, Suncor president and chief executive officer.",True,1,nan,nan,nan,nan,nan,2
Suncor Energy,http://web.archive.org/web/20230320185920/https://sustainability-prd-cdn.suncor.com/-/media/project/suncor/files/news-releases/2023/2023-02-21-nr-president-and-ceo-announcment-en.pdf?modified=20230221115647,The announcement follows a rigorous global search process conducted by a special committee of the Board.,True,1,a,nan,nan,special,nan,2
Enbridge,https://www.enbridge.com/media-center/news/details?id=123711&lang=en,"""This collaboration demonstrates our focus on local, cost-effective, customer-focused carbon transportation and storage solutions that drive scale and competitiveness while minimizing infrastructure footprint to protect land, water and the environment.""",False,1,nan,nan,nan,nan,nan,1
Enbridge,https://www.enbridge.com/media-center/news/details?id=123833&lang=en,"""In Gas Distribution, we now operate the largest natural gas utility in North America delivering approximately 9.3 billion cubic feet of natural gas per day to over 7 million customers.",False,1,nan,approximately,large,natural,we,2
Enbridge,https://www.enbridge.com/media-center/news/details?id=123611&lang=en,This safety-driven maintenance project reflects the importance of protecting the environment and ensuring the continued safe and reliable operations of our Canadian Mainline System well into the future.,True,1,nan,nan,nan,"reliable, safe, well",our,1
Shell Canada,http://web.archive.org/web/20170606162712/http://www.shell.ca/en_ca/media/news-and-media-releases/news-releases-2017/over-100-student-teams-annual-shell-eco-marathon-event.html,"Sixteen strategic global and local partners helped Shell stage the increasingly popular, awards-laden event, which expanded in scope this year to add new visitor elements.",True,1,nan,nan,new,popular,nan,2
Canadian Natural Resources,https://www.cnrl.com/upload/media_element/1302/02/0806-q220-front-end.pdf,The Banff decommissioning project is on time and on budget.,True,1,nan,nan,nan,nan,nan,2
Shell Canada,http://web.archive.org/web/20170821152922/http://www.shell.ca/en_ca/media/news-and-media-releases/news-releases-2017/shell-launches-methane-detection-pilot.html,Emission rates from Shell production facilities are estimated to be even lower.,True,1,nan,nan,low,nan,nan,1
Shell Canada,http://web.archive.org/web/20210218005531/https://www.shell.ca/en_ca/media/news-and-media-releases/news-releases-2021/shell-sells-non-core-canadian-shale-assets-to-crescent-point-energy.html,"In Shales, Shell has built resilient, low break-even positions by focusing on high-margin tight oil positions and low-cost gas assets.",True,1,nan,nan,nan,nan,nan,2
Shell Canada,http://web.archive.org/web/20210713152107/https://www.shell.ca/en_ca/media/news-and-media-releases/news-releases-2021/shell-proposes-large-scale-ccs-facility-in-alberta.html,"Since its start up in 2015, Quest has captured and stored about one million tonnes a year of CO2 from the Scotford upgrader, with operating costs about 30% lower than originally projected.",True,1,nan,nan,nan,nan,nan,0
Suncor Energy,http://web.archive.org/web/20220701134342/https://sustainability-prd-cdn.suncor.com/-/media/project/suncor/files/news-releases/2011/2011-01-26-suncor-energy-to-release-fourth-quarter-2010-financial-results-en.pdf?modified=20210902050620,"Helen Kelly, manager, investor relations, will host the call.",True,1,nan,nan,nan,nan,nan,2
Pembina Pipeline,https://www.pembina.com/media-centre/news/details/8b662902-b799-487e-a4dd-e006a2e9d1ef,"Pembina is a trusted member of the communities in which it operates and is committed to running its businesses in a safe, reliable and environmentally responsible manner that is respectful of community stakeholders.",False,1,a,nan,nan,"reliable, respectful, responsible, safe",nan,1
Shell Canada,http://web.archive.org/web/20170911215017/http://www.shell.ca/en_ca/media/news-and-media-releases/news-releases-2015/the-final-la.html,"""When you consider the achievements of these bright young minds, creating vehicles of the future that can travel more than 2,000 miles on a single gallon of fuel, I am amazed at the progress and inspired by what the future may hold.""",True,1,nan,nan,nan,nan,nan,2
Pembina Pipeline,https://www.pembina.com/media-centre/news/details/b5658227-fae2-4f23-a8bf-3fd267417caf,"Since the beginning of the PRT project, Pembina has also proudly invested over $350,000 into local community and emergency response programs that promote safety; improve access to education; protect or preserve the environment; create community spaces; and encourage a healthy lifestyle.",True,1,nan,nan,nan,nan,nan,1
Enbridge,https://www.enbridge.com/media-center/news/details?id=123675&lang=en,"The brief filed on behalf of the Attorneys General of Ohio and Louisiana underscores that there are no viable alternatives that can transport most of the Line 5 product while also underscoring the devastating economic impact of a forced closure of Line 5: ""Shutting down Line 5 will have enormous economic consequences—several billion dollars in losses—for Toledo, Ohio and beyond.",False,1,"a, general, most, several",nan,brief,"devastating, enormous",nan,2
Imperial Oil,http://web.archive.org/web/20230126130706/https://news.imperialoil.ca/news-releases/news-releases/2023/Imperial-Approves-720-million-for-Largest-Renewable-Diesel-Facility-in-Canada/default.aspx,Imperial's renewable diesel facility will use low-carbon hydrogen produced with carbon capture and storage technology to help Canada meet low emission fuel standards.,True,1,nan,nan,nan,nan,nan,1
Suncor Energy,https://www.suncor.com/-/media/project/suncor/files/news-releases/2024/2024-06-20-nr-competition-act-amendment-en.pdf?modified=20240620221202&created=20240620220945,"As one of the largest oil sands companies in Canada, and a member of the Pathways Alliance, we are steadfast in our commitment to environmental performance and emissions reduction.",False,1,nan,nan,nan,nan,nan,1
Enbridge,https://www.enbridge.com/media-center/news/details?id=123674&lang=en,"We'll remain disciplined and deploy capital towards the most valuable uses, prioritizing balance sheet strength, investment in low capital intensity growth and regulated utility or utility-like projects.",True,1,nan,nan,nan,nan,nan,2
Shell Canada,http://web.archive.org/web/20180907094746/https://www.shell.ca/en_ca/media/news-and-media-releases/news-releases-2018/students-from-across-the-americas-competed-for-energy-efficiency.html,"Make the Future Festivals is Shell's global platform for conversation, collaboration and innovation around the world's energy challenges.",True,1,nan,nan,nan,nan,nan,2
Canadian Natural Resources,https://www.cnrl.com/upload/media_element/1355/02/1104-q3-press-release.pdf,"At full capacity, approximately 1.2 million tonnes of CO2 per year is targeted to be captured, the equivalent of removing approximately 256,000 cars off the road annually.",True,1,nan,approximately,nan,full,nan,0
Suncor Energy,https://www.suncor.com/-/media/project/suncor/files/news-releases/2023/2023-07-18-news-release-suncor-energy-releases-2023-ros-and-cr-en.pdf?modified=20241002153100&created=20230718205312,Suncor Energy releases annual sustainability and climate reports,False,1,nan,nan,nan,nan,nan,0
Canadian Natural Resources,https://www.cnrl.com/content/uploads/2024/10/1031-Q324-Front-End.pdf,"Canadian Natural continues to invest in a range of technologies like solvents for enhanced recovery and Carbon Capture, Utilization and Storage (""CCUS"") projects.",False,1,nan,nan,nan,nan,nan,1
Suncor Energy,http://web.archive.org/web/20220629135718/https://sustainability-prd-cdn.suncor.com/-/media/project/suncor/files/news-releases/2009/2009-09-30-suncor-responds-to-activists-at-oil-sands-site-en.pdf?modified=20210902050526,"Although Suncor has extended the invitation to Greenpeace in the past to discuss their concerns around energy development, Greenpeace has not contacted Suncor in relation to their current activities and entry into Suncor's site.",True,1,nan,around,nan,current,nan,0
Suncor Energy,http://web.archive.org/web/20220629131326/https://sustainability-prd-cdn.suncor.com/-/media/project/suncor/files/news-releases/2016/2016-10-31-suncor-energy-sells-petro-canada-lubricants-business-for-1-125-billion-en.pdf?modified=20210902050927,"'Today's announcement is another example of how Suncor is focusing on its core assets through strategic acquisitions and divestitures that reinforce our commitment to long-term profitable growth,' said Steve Williams, president and chief executive officer.",True,1,nan,nan,long,profitable,our,2
Pembina Pipeline,https://www.pembina.com/media-centre/news/details/f4b63e3f-43ac-46cf-9c16-02431a884f68,"In addition, subject to regulatory and environmental approvals, Pembina will be constructing a new approximately 30 kilometre lateral into the Ferrier region to tie a third-party's facility into Pembina's Brazeau Pipeline System.",False,1,a,approximately,new,approval,nan,2
Enbridge,https://www.enbridge.com/media-center/news/details?id=123817&lang=en,We believe offshore wind is a cornerstone of the clean energy transition and an enabler to achieve net-zero targets and ensure energy security and a sustainable energy supply for future generations.,True,1,"a, an",nan,nan,"clean, sustainable",nan,0
Pembina Pipeline,https://www.pembina.com/media-centre/news/details/4842329f-03f7-4fe6-9c80-1b9ee51a11cb,"""As we continue our ESG journey, our focus will remain on continuous improvement, transparency and engagement.",False,1,nan,nan,nan,nan,nan,1
Enbridge,https://www.enbridge.com/media-center/news/details?id=123779&lang=en,"These utilities operate in regions with very attractive regulatory regimes, offer diverse, low-risk growth opportunities, and are capital efficient with short cycles between capital deployments and earnings generation,"" said Michele Harradence, President of GDS and Executive Vice President at Enbridge.",False,1,between,nan,"short, very","attractive, efficient, low-risk",nan,2
Pembina Pipeline,https://www.pembina.com/media-centre/news/details/b1a1d572-37c7-4cb7-95b0-fdb9e1867bd2,Pembina has committed to reducing the greenhouse gas intensity of each business it operates and by the end of 2021 will have taken concrete action in this area and published five-year emissions reduction targets.,False,1,nan,nan,nan,nan,nan,0
Imperial Oil,http://web.archive.org/web/20210622082629/https://news.imperialoil.ca/news-releases/news-releases/2021/Canadas-largest-oil-sands-producers-announce-unprecedented-alliance-to-achieve-net-zero-greenhouse-gas-emissions/default.aspx,Collaboration between industry and government will be critical to progressing the Oil Sands Pathways to Net Zero vision and achieving Canada's climate goals.,True,1,between,nan,nan,critical,nan,1
Canadian Natural Resources,https://www.cnrl.com/upload/media_element/1257/06/1107_q319-front-end.pdf,"If success continues during the two year duration of the pilot, solvent enhanced SAGD has the potential to significantly reduce SORs, operating costs and greenhouse gas emissions by upwards of 50%, if fully commercialized.",True,1,nan,nan,nan,nan,nan,0
Pembina Pipeline,https://www.pembina.com/media-centre/news/details/4842329f-03f7-4fe6-9c80-1b9ee51a11cb,"We assess opportunities and employ new practices that can lower our emissions footprint, including investing in co-generation facilities.",True,1,nan,nan,new,nan,our,1
Enbridge,https://www.enbridge.com/media-center/news/details?id=123713&lang=en,We now have seven renewable natural gas projects operating or under construction with a healthy backlog of new projects in development.,True,1,nan,nan,nan,nan,nan,0
Enbridge,https://www.enbridge.com/media-center/news/details?id=123687&lang=en,"Regulatory Update The Company continues to advance its regulatory strategy to ensure just and reasonable returns, and timely recovery of the capital invested into its critical energy delivery systems.",False,1,nan,nan,nan,nan,nan,2
Enbridge,https://www.enbridge.com/media-center/news/details?id=123743&lang=en,This first wind farm is part of the EDF Group's strategy to double its net capacity of global renewable energy to reach 60 GW in 2030.,False,1,nan,nan,nan,nan,nan,0
Enbridge,https://www.enbridge.com/media-center/news/details?id=123713&lang=en,"""In Gas Transmission, we placed our Cameron Extension project into service supplying the Calcasieu Pass LNG facility, and our agreement to serve Texas LNG further extends our U.S. Gulf Coast export opportunity set.",True,1,nan,nan,nan,nan,"our, we",2
Shell Canada,http://web.archive.org/web/20191014022547/https://www.shell.ca/en_ca/media/news-and-media-releases/news-releases-2013/innovation-survey.html,"""They highlight the need for business and government to find new ways to collaborate, fostering policies that promote the development and use of cleaner energy, and improved energy efficiency.""",True,1,nan,nan,nan,nan,nan,1
Pembina Pipeline,https://www.pembina.com/media-centre/news/details/f4b63e3f-43ac-46cf-9c16-02431a884f68,"""The new fractionator is much needed and will enable more value-adding activity to occur within the Province.",False,1,nan,nan,"much, new",nan,nan,2
Pembina Pipeline,https://www.pembina.com/media-centre/news/details/49eea6f7-21ad-4cea-bafa-b4dd4aa67700,"The combined entity will continue to build upon the momentum of the Jordan Cove liquefied natural gas (""LNG"") development project as it progresses toward key regulatory and commercial milestones.",False,1,nan,nan,nan,natural,nan,2
Enbridge,https://www.enbridge.com/media-center/news/details?id=123697&lang=en,"The team will leverage and build on Enbridge's early investments in RNG, hydrogen and carbon capture, utilization and storage (CCUS), as well as other low-carbon technologies.",True,1,nan,nan,nan,nan,nan,0
Enbridge,https://www.enbridge.com/media-center/news/details?id=123687&lang=en,"This joint effort with the Government of Ontario will provide reliable, low-cost access to lower carbon energy for consumers.",True,1,nan,nan,low,reliable,nan,1
Shell Canada,http://web.archive.org/web/20190922083417/https://www.shell.ca/en_ca/media/news-and-media-releases/news-releases-2013/caterpillar-lng-fueling-agreement.html,"""We are excited to collaborate with Shell on this latest initiative to power Cat mining trucks with Caterpillar's LNG technology.",True,1,nan,nan,nan,nan,nan,2
Suncor Energy,http://web.archive.org/web/20220704155613/https://sustainability-prd-cdn.suncor.com/-/media/project/suncor/files/news-releases/2012/2012-10-31-suncor-energy-reports-2012-third-quarter-results-en.pdf?modified=20210902050714,"In the company's International operations, Buzzard continued to produce reliably in advance of planned maintenance over September and October.",True,1,nan,nan,nan,nan,nan,2
Imperial Oil,https://news.imperialoil.ca/news-releases/news-releases/2019/Imperial-to-hold-2019-Investor-Day-on-November-12-in-Toronto/default.aspx,"At Investor Day, Imperial's management will provide an update on its business strategy, operations and major projects followed by a question and answer session.",True,1,"a, an",nan,major,nan,nan,2
Canadian Natural Resources,https://www.cnrl.com/upload/media_element/1319/03/0304-q420-front-end.pdf,"At Kirby South, the Company continues to see positive results from its on-going two year solvent enhanced oil recovery technology pilot.",True,1,nan,nan,nan,nan,nan,2
Pembina Pipeline,https://www.pembina.com/media-centre/news/details/edbd246f-1732-4de1-8076-92bc2c216c23,"In response to the health pandemic and the resulting significant decline in global energy prices, Pembina previously announced a decisive action plan to protect all its stakeholders.",False,1,nan,nan,nan,nan,nan,2
Enbridge,https://www.enbridge.com/media-center/news/details?id=123817&lang=en,"Numerous meetings with fishing professionals, residents, elected representatives and other stakeholders have allowed us to successfully complete a project that combines a commitment to the energy transition, consideration of local needs and resources, and respect for the environment.",False,1,a,nan,numerous,"complete, successfully",nan,1
Shell Canada,http://web.archive.org/web/20170911231421/http://www.shell.ca/en_ca/media/news-and-media-releases/news-releases-2013/carmon-creek.html,"At Carmon Creek, Shell combined its global procurement reach and technology with access to local expertise to design a facility that is both commercially viable and minimizes environmental impacts.",True,1,nan,nan,nan,nan,nan,1
Enbridge,https://www.enbridge.com/media-center/news/details?id=123761&lang=en,"We aim at significantly strengthening our leading global position as the world's largest ammonia distributor, unlocking the green and blue value chains, and driving the development of clean ammonia globally.",False,1,nan,nan,largest,"clean, significantly",our,1
Pembina Pipeline,https://www.pembina.com/media-centre/news/details/b5658227-fae2-4f23-a8bf-3fd267417caf,"Initially, Pembina will use the offsets to reduce its own emissions with the option to sell or bank future offsets for other uses.",False,1,nan,nan,nan,nan,nan,1
Enbridge,https://www.enbridge.com/media-center/news/details?id=123829&lang=en,The definitive agreements are underpinned by long-term contracts which are consistent with Enbridge's low-risk business model and provide utility-like returns.,False,1,nan,nan,long,"consistent, low-risk",nan,2
Imperial Oil,http://web.archive.org/web/20220311100009/https://news.imperialoil.ca/news-releases/news-releases/2022/Imperial-announces-2021-financial-and-operating-results/default.aspx,"""As a founding member of the Oil Sands Pathways to Net Zero alliance, we will continue to collaborate to advance lower-emission solutions.""",True,1,nan,nan,nan,nan,nan,1
Suncor Energy,http://web.archive.org/web/20221007083429/https://sustainability-prd-cdn.suncor.com/-/media/project/suncor/files/news-releases/2020/2020-06-02-nr-su-lanzajet-release-en.pdf?modified=20220917161938,"The SAF produced by LanzaJet will support the development of a global SAF supply chain, which has the potential to significantly reduce emissions from aviation and help to create a low carbon society.'",True,1,nan,nan,nan,nan,nan,1
Suncor Energy,http://web.archive.org/web/20221007102843/https://sustainability-prd-cdn.suncor.com/-/media/project/suncor/files/news-releases/2021/2021-07-28-nr-su-q2-2021-en.pdf?modified=20220907174649,"This balance will be critical to increasing our shareholder returns, fortifying our balance sheet while significantly lowering GHG emissions by 2030 and progressing to net zero by 2050.'",True,1,nan,nan,nan,"critical, significantly",our,1
Suncor Energy,https://www.suncor.com/-/media/project/suncor/files/news-releases/2023/2023-09-05-news-release-suncor-energy-announces-changes-to-bod-en.pdf?modified=20240613191930&created=20230905105028,"'I would like to thank Eira for her unwavering commitment to Suncor and our shareholders over the past 17 years,' said Wilson.",False,1,nan,nan,nan,nan,nan,2
Suncor Energy,http://web.archive.org/web/20221007095721/https://sustainability-prd-cdn.suncor.com/-/media/project/suncor/files/news-releases/2021/2021-05-26-nr-su-corporate-strategy-update-en.pdf?modified=20220907174616,"The updated strategy builds on the company's unique advantages: unparalleled energy expertise; long-life, low-decline resource; integrated business; connection to customers; long history of embracing technological change and innovation; decades-long sustainability journey; and strong relationships with stakeholders.",True,1,nan,nan,nan,nan,nan,1
Suncor Energy,http://web.archive.org/web/20220704150011/https://sustainability-prd-cdn.suncor.com/-/media/project/suncor/files/news-releases/2014/2014-07-16-suncor-energy-releases-2014-report-on-sustainability-en.pdf?modified=20210902050806,"'When it comes to technology, there is no shortage of people with good ideas, but there can be a gaping divide between conception and implementation.",True,1,"a, between",nan,nan,good,nan,2
Enbridge,https://www.enbridge.com/media-center/news/details?id=123687&lang=en,Several options to replace the retiring coal-fired generation would be assessed in TVA's Environmental Impact Statement.,False,1,several,nan,nan,nan,nan,0
Canadian Natural Resources,https://www.cnrl.com/upload/media_element/1343/02/0506-q121-front-end.pdf,"The Company reduced methane emissions in its North American E&P segment by 28% from 2016 to 2020, which includes a decrease of 14% from 2019 levels.",True,1,nan,nan,nan,nan,nan,0
Canadian Natural Resources,https://www.cnrl.com/upload/media_element/1343/02/0506-q121-front-end.pdf,Adjusted net earnings (loss) from operations may not be comparable to similar measures presented by other companies.,True,1,nan,nan,nan,nan,nan,2
Enbridge,https://www.enbridge.com/media-center/news/details?id=123815&lang=en,"""Across Enbridge, our employees are advancing a sustainable business strategy,"" said Pete Sheffield, Enbridge Vice President and Chief Sustainability Officer.",False,1,nan,nan,nan,nan,nan,1
Shell Canada,http://web.archive.org/web/20170606162712/http://www.shell.ca/en_ca/media/news-and-media-releases/news-releases-2017/over-100-student-teams-annual-shell-eco-marathon-event.html,"Once Mater Dei High School senior Grace Cox graduates next month, she will head to Toyota Indiana for the summer to participate in a co-op program designed to develop skills for full-time engineering students at four-year colleges or universities.",True,1,"a, or",nan,nan,full,nan,2
Pembina Pipeline,https://www.pembina.com/media-centre/news/details/c22895f8-9f2f-4fb4-b737-24a8bd02d8de,"Closing of the Transaction remains subject to court approval, as well as certain regulatory and government approvals and other customary closing conditions.",True,1,nan,nan,nan,nan,nan,2
Enbridge,https://www.enbridge.com/media-center/news/details?id=123743&lang=en,"Matthew Akman, Senior Vice President, Power, Strategy and New Energy Technology, Enbridge: ""Enbridge is excited about the arrival of the first commercial-scale offshore wind project in France, the Saint-Nazaire Offshore Wind Farm, and about our role as a leader of the global energy transition.",True,1,nan,nan,nan,nan,nan,1
Shell Canada,http://web.archive.org/web/20170911230416/http://www.shell.ca/en_ca/media/news-and-media-releases/news-releases-2015/pierre-river-mine.html,"""Our current focus is on making our heavy oil business as economically and environmentally competitive as possible.",True,1,nan,nan,nan,nan,nan,1
Imperial Oil,https://news.imperialoil.ca/news-releases/news-releases/2018/Imperial-earns-196-million-in-the-second-quarter-of-2018/default.aspx,The company's cash generation capability supports its ability to flexibly return surplus cash to shareholders through share buybacks.,True,1,nan,nan,nan,nan,nan,2
Suncor Energy,http://web.archive.org/web/20220704144436/https://sustainability-prd-cdn.suncor.com/-/media/project/suncor/files/news-releases/2015/2015-11-22-oil-sands-companies-demonstrate-leadership-on-climate-change-en.pdf?modified=20210902050845,"'Today we reach a milestone in ensuring Alberta's valuable resource is accompanied by leading carbon policy,' said Steve Williams, President and Chief Executive Officer, Suncor.",True,1,a,nan,nan,valuable,we,1
Imperial Oil,http://web.archive.org/web/20230201074801/https://news.imperialoil.ca/news-releases/news-releases/2023/Imperial-announces-fourth-quarter-2022-financial-and-operating-results/default.aspx,"The company closely monitors market trends and works to mitigate both operating and capital cost impacts in all price environments through efficient project management practices, and general productivity improvements.",True,1,"all, general",nan,nan,efficient,nan,2
Enbridge,https://www.enbridge.com/media-center/news/details?id=123769&lang=en,Our joint venture with OXY to develop a nearby CO2 sequestration hub will be used to sequester the project's captured CO2 and the U.S. tax incentives provided by the Inflation Reduction Act are expected to enhance project economics.,True,1,nan,nan,nan,nan,nan,1
Shell Canada,http://web.archive.org/web/20170911223000/http://www.shell.ca/en_ca/media/news-and-media-releases/news-releases-2013/record-schools-enter-sema-2014.html,"""It's exciting to see the next generation work together to meet tomorrow's energy and transportation needs,"" says Lorraine Mitchelmore, Country Chair of Shell Canada.",True,1,nan,nan,nan,nan,nan,2
Suncor Energy,http://web.archive.org/web/20220704151000/https://sustainability-prd-cdn.suncor.com/-/media/project/suncor/files/news-releases/2014/2014-07-08-ge-suncor-energy-new-investments-toward-environmental-performance-albertas-oil-sands-en.pdf?modified=20210902050806,Extending the project to COSIA members will also allow improvements to be shared across the oil sands sector.,True,1,nan,nan,nan,nan,nan,2
Suncor Energy,http://web.archive.org/web/20220704151545/https://sustainability-prd-cdn.suncor.com/-/media/project/suncor/files/news-releases/2011/2011-11-28-suncor-energy-employees-teddy-bears-and-a-life-size-nutcracker-help-families-in-need-en.pdf?modified=20210902050644,"Suncor Energy Centre volunteers will construct a life-size nutcracker out of more than 3,700 cans in eight hours.",True,1,a,nan,nan,nan,nan,2
Pembina Pipeline,https://www.pembina.com/media-centre/news/details/39170c18-b013-48b5-8761-93ac5f7f811b,"Subject to further regulatory and environmental approvals, Pembina anticipates phasing-in incremental pipeline connections to regional condensate delivery systems in 2016 with a view to achieving full connectivity and service offerings at CDH in mid-2017.",False,1,a,nan,nan,"approval, full",nan,2
Suncor Energy,http://web.archive.org/web/20220621170116/https://sustainability-prd-cdn.suncor.com/-/media/project/suncor/files/news-releases/2017/2017-10-25-suncor-energy-reports-third-quarter-2017-results-en.pdf?modified=20210902051000,"Reliable operations in Refining and Marketing (R&M) drove refinery utilization above 100% and record quarterly crude throughput of 466,800 bbls/d, allowing the company to take advantage of a favourable business environment and achieve record retail and wholesale sales volumes in Canada.",True,1,nan,nan,nan,nan,nan,2
Pembina Pipeline,https://www.pembina.com/media-centre/news/details/c8f37bc6-7e6a-480b-8afd-c78c10c51abf,"Except for the changes below, accounting policies as disclosed in Note 4 have been applied to all periods consistently.",True,1,all,nan,nan,nan,nan,2
Shell Canada,https://www.shell.ca/en_ca/media/news-and-media-releases/news-releases-2025/shell-increases-interest-in-scotford-upgrader-and-quest-ccs-facility-and-fully-exits-oil-sands.html,"Shell will remain as operator of the Scotford upgrader and Quest CCS facility, located next to the 100 per cent Shell owned Scotford refinery and chemicals plants near Edmonton, Alberta.",False,1,nan,nan,near,nan,nan,0
Enbridge,https://www.enbridge.com/media-center/news/details?id=123815&lang=en,"""This integrated approach continues to yield positive results as we maintain a focus on continuous improvement and long-term value,"" Sheffield adds.",True,1,nan,nan,nan,nan,nan,2
Suncor Energy,http://web.archive.org/web/20221007082419/https://sustainability-prd-cdn.suncor.com/-/media/project/suncor/files/news-releases/2020/2020-09-17-suncor-recertified-gold-ccab-aboriginal-relations-program-en.pdf?modified=20220917162859,"The award was presented at the CCAB's virtual Business Recovery Forum, where Suncor was recognized for its continued commitment to collaboration with Indigenous Peoples in Canada.",True,1,nan,nan,nan,nan,nan,2
Shell Canada,http://web.archive.org/web/20191216050805/https://www.shell.ca/en_ca/media/news-and-media-releases/news-releases-2012/fuellingchange.html,"Annually Shell grants $2 million to participating environmental projects in land, air and water.",True,1,nan,nan,nan,nan,nan,1
Enbridge,https://www.enbridge.com/media-center/news/details?id=123777&lang=en,The SLB incorporates Enbridge's 35% emissions intensity reduction target by 2030 further demonstrating Enbridge's ongoing commitment to achieving its ESG targets.,False,1,nan,nan,nan,nan,nan,0
Pembina Pipeline,https://www.pembina.com/media-centre/news/details/d2d26283-c368-4f7e-96da-8672beb3affd,"Beyond the traditional remit of the General Counsel, Eva has also had leading roles in crisis management, compliance, enterprise risk management, strategy development and ESG.",False,1,nan,nan,nan,nan,nan,1
Enbridge,https://www.enbridge.com/media-center/news/details?id=123700&lang=en,"""Collaboration like this is critical as we look to advance cost-effective, customer-focused carbon capture, transportation and storage solutions in Alberta and across North America, with a commitment to protecting land, water and the environment and engaging meaningfully with local Indigenous communities.""",False,1,nan,nan,nan,nan,nan,1
Pembina Pipeline,https://www.pembina.com/media-centre/news/details/c8f37bc6-7e6a-480b-8afd-c78c10c51abf,"The majority of this spending relates to the expansion of certain pipeline assets as described below, as well as the completion of several new connections to bring additional producer volumes on-line.",True,1,several,nan,new,"certain, well",nan,2
Enbridge,https://www.enbridge.com/media-center/news/details?id=123686&lang=en,"Our core businesses include Liquids Pipelines, which transports approximately 25 percent of the crude oil produced in North America; Gas Transmission and Midstream, which transports approximately 20 percent of the natural gas consumed in the U.S.; Gas Distribution and Storage, which serves approximately 3.8 million retail customers in Ontario and Quebec; and Renewable Power Generation, which generates approximately 1,763 MW of net renewable power in North America and Europe.",False,1,nan,nan,nan,nan,nan,0
Suncor Energy,http://web.archive.org/web/20220701100108/https://sustainability-prd-cdn.suncor.com/-/media/project/suncor/files/news-releases/2022/2022-02-02-nr-su-q4-2021-en.pdf?modified=20220203002122,"Suncor Energy is Canada's leading integrated energy company, with a global team of over 30,000 people.",True,1,nan,nan,nan,nan,nan,2
Enbridge,https://www.enbridge.com/media-center/news/details?id=123723&lang=en,"""It's clear we are at an inflection point in global energy markets.",False,1,nan,nan,nan,nan,nan,2
Shell Canada,http://web.archive.org/web/20170911230932/http://www.shell.ca/en_ca/media/news-and-media-releases/news-releases-2013/students-turn-down-the-lights.html,"Building on 2012, this year's Challenge has better prizes, more community-centric activities to raise local energy awareness and a GlobalTV classroom.",True,1,a,nan,nan,better,nan,2
Enbridge,https://www.enbridge.com/media-center/news/details?id=123730&lang=en,"""As a leader in the energy transition, Enbridge is excited to participate in the Woodfibre LNG facility through this partnership,"" said Al Monaco, Enbridge's President and Chief Executive Officer.",False,1,nan,nan,nan,nan,nan,1
Suncor Energy,http://web.archive.org/web/20220704144436/https://sustainability-prd-cdn.suncor.com/-/media/project/suncor/files/news-releases/2015/2015-11-22-oil-sands-companies-demonstrate-leadership-on-climate-change-en.pdf?modified=20210902050845,"The companies agree that this is a historic development for Alberta and Canada that will change the conversation about climate change, oil sands and infrastructure.",True,1,nan,nan,nan,nan,nan,1
Suncor Energy,http://web.archive.org/web/20220704145450/https://sustainability-prd-cdn.suncor.com/-/media/project/suncor/files/news-releases/2011/2011-12-11-suncor-energy-announces-withdrawal-from-syria-en.pdf?modified=20210902050648,"'We've been monitoring developments in the region very closely during the last several months, and we've always been clear that we would comply with all relevant sanctions imposed on the country,' said Rick George, chief executive officer.",True,1,"all, always, several",nan,very,clear,we,2
Suncor Energy,http://web.archive.org/web/20220629131626/https://sustainability-prd-cdn.suncor.com/-/media/project/suncor/files/news-releases/2009/2009-03-11-suncor-energy-provides-information-on-waste-water-charges-en.pdf?modified=20210902050517,We work hard to be a responsible company and we recognize the importance our employees and stakeholders place on the health of the Athabasca River.,True,1,a,nan,nan,"hard, responsible","our, we",2
Pembina Pipeline,https://www.pembina.com/media-centre/news/details/1b662157-274a-4054-90e9-99bd7708c4af,"As always, our main focus will be on ensuring the safety and reliability of our operations, while executing on our business strategy to help maximize long-term and sustainable returns for our shareholders.""",False,1,"always, main",nan,long,sustainable,our,2
Suncor Energy,http://web.archive.org/web/20220629134145/https://sustainability-prd-cdn.suncor.com/-/media/project/suncor/images/shared/community-news-files/2016-01-14-evok-announcement-en.pdf?modified=20210930173406,"It is committed to applying fresh, progressive thinking to safely and responsibly unlock energy resources the world needs.",True,1,nan,nan,nan,nan,nan,1
Canadian Natural Resources,https://www.cnrl.com/content/uploads/2024/07/0801-Q224-Front-End.pdf,"in July 2024, the Company achieved a milestone at Horizon with the production otf the one billionth barrel of bitumen since operations began In 2009.",False,1,a,nan,nan,nan,nan,2
Enbridge,https://www.enbridge.com/media-center/news/details?id=123699&lang=en,"Among other feedback, the Company heard significant concerns from industry over continuing Mainline apportionment, due to growing western Canadian production and lack of sufficient egress.",True,1,nan,nan,nan,"significant, sufficient",nan,2
Suncor Energy,http://web.archive.org/web/20220701131821/https://sustainability-prd-cdn.suncor.com/-/media/project/suncor/files/news-releases/2015/2015-10-28-suncor-energy-reports-third-quarter-2015-results-en.pdf?modified=20210902050841,'The strength of our downstream business and the reliability of our Oil Sands operations continue to serve our shareholders well in the current challenging crude oil pricing environment.',True,1,nan,nan,nan,nan,nan,2
Imperial Oil,https://news.imperialoil.ca/news-releases/news-releases/2025/Imperial-Senior-Vice-President-Sustainability-Commercial-Development-and-Product-Solutions-to-assume-new-role-at-Exxon-Mobil-Corporation/default.aspx,"In addition, her leadership was critical in plans to reduce greenhouse gas emissions at our operations, and she was instrumental in the formation of the Pathways Alliance to reduce emissions from oil sands operations and has been an active participant on the steering committee.""",False,1,an,nan,nan,"active, critical, instrumental",our,1
Shell Canada,http://web.archive.org/web/20210218005531/https://www.shell.ca/en_ca/media/news-and-media-releases/news-releases-2021/shell-sells-non-core-canadian-shale-assets-to-crescent-point-energy.html,Shell has been operating in Canada for more than 100 years and remains committed to the country's energy future.,True,1,nan,nan,nan,nan,nan,2
Enbridge,https://www.enbridge.com/media-center/news/details?id=123689&lang=en,"Our strategy is driven by the important role that low cost, sustainable North America energy supply will play in meeting growing global demand.",True,1,nan,nan,nan,nan,nan,1
Pembina Pipeline,https://www.pembina.com/media-centre/news/details/2d8105a0-0798-483c-a4f4-90e2f8f090d8,"Pembina's Gas Services business successfully commissioned 260 million cubic feet per day (""MMcf/d"") of new processing capacity and pipeline infrastructure in Alberta and Saskatchewan for a combined capital investment of approximately $320 million, which represents a seven percent savings versus the original project budget.",True,1,a,approximately,new,successfully,nan,2
Suncor Energy,http://web.archive.org/web/20221007100415/https://sustainability-prd-cdn.suncor.com/-/media/project/suncor/files/news-releases/2020/2020-10-28-suncor-energy-reports-third-quarter-2020-results-en.pdf?modified=20220917163106,"This approach is underpinned by Suncor's commitment to operational excellence, including its unwavering commitment to operate in a safe, reliable, cost-efficient and environmentally responsible manner.",True,1,a,nan,nan,"efficient, reliable, responsible, safe, unwavering",nan,1
Enbridge,https://www.enbridge.com/media-center/news/details?id=123735&lang=en,"About Alberta Indigenous Opportunities Corporation AIOC is a provincial Crown Corporation, established under legislation in November 2019, which exists to serve as a catalyst for Indigenous prosperity and independence through investment and involvement in Alberta's natural resources, agriculture, transportation, and telecommunications sectors.",True,1,a,about,nan,natural,nan,2
Pembina Pipeline,https://www.pembina.com/media-centre/news/details/c8f37bc6-7e6a-480b-8afd-c78c10c51abf,"In addition, the costs of environmental liabilities in relation to spill sites of which the Company is currently aware could be greater than the Company currently anticipates, and any such differences could be substantial.",True,1,nan,nan,nan,nan,nan,2
Pembina Pipeline,https://www.pembina.com/media-centre/news/details/144c1e27-bdb4-4f34-bbc1-30c0995e1867,"""Pembina has been a strong supporter of United Way for nearly 30 years and their generosity and commitment continue to be inspiring,"" said Lucy Miller, President and CEO of United Way of Calgary and Area.",True,1,nan,nan,nan,nan,nan,2
Suncor Energy,http://web.archive.org/web/20220703214129/https://sustainability-prd-cdn.suncor.com/-/media/project/suncor/files/news-releases/2010/2010-07-02-suncor-energy-and-partners-receive-funding-for-clean-technology-research-projects-en.pdf?modified=20210902050559,"The projects are two of sixteen projects chosen from over 200 initial submissions, and address carbon capture and storage and energy efficiency.",True,1,nan,nan,nan,nan,nan,1
Suncor Energy,http://web.archive.org/web/20220703201526/https://sustainability-prd-cdn.suncor.com/-/media/project/suncor/files/news-releases/2017/2017-10-17-petro-canada-and-rbc-team-up-on-innovative-loyalty-benefits-and-savings-en.pdf?modified=20210902050958,"In another Canadian first, Petro-Canada, a Suncor Energy business and Royal Bank of Canada ('RBC'), have announced an innovative new program that allows Canadians to instantly save on fuel and earn points across both loyalty programs with a single swipe of any personal or business RBC credit or debit card.",True,1,nan,nan,nan,nan,nan,2
Enbridge,https://www.enbridge.com/media-center/news/details?id=123758&lang=en,"""We're well positioned for the energy transition and our demonstrated leadership on ESG helps to support the base business and future growth.",True,1,nan,nan,nan,nan,nan,1
Imperial Oil,https://news.imperialoil.ca/news-releases/news-releases/2019/Imperial-announces-first-quarter-2019-financial-and-operating-results/default.aspx,"The increase in production was primarily due to stronger asset reliability, partially offset by the impact of the Government of Alberta's curtailment order.",True,1,nan,nan,nan,strong,nan,2
Pembina Pipeline,https://www.pembina.com/media-centre/news/details/8de8f5c1-f954-4fa0-9e4f-9dcdc0ad97f8,"Recognizing a growing focus on ESG issues and to ensure we are increasingly aligned with all our stakeholders as it relates to these issues, Pembina has developed a Carbon Stand and a Diversity & Inclusion Stand.",True,1,"a, all",nan,nan,nan,"our, we",1
Suncor Energy,http://web.archive.org/web/20221007102843/https://sustainability-prd-cdn.suncor.com/-/media/project/suncor/files/news-releases/2021/2021-07-28-nr-su-q2-2021-en.pdf?modified=20220907174649,"Suncor plans to achieve this by reducing its base business emissions, investing in profitable low emissions ventures and technologies, taking actions that reduce others' emissions and investing in offsets outside its business.",True,1,nan,nan,low,profitable,nan,1
Enbridge,https://www.enbridge.com/media-center/news/details?id=123730&lang=en,"""We believe this agreement speaks to the credentials of the project, from our world-leading Indigenous partnerships to the incredible environmental due diligence, and the ambition of Woodfibre LNG to produce the lowest-emissions LNG in the world.""",False,1,nan,nan,nan,nan,nan,1
Pembina Pipeline,https://www.pembina.com/media-centre/news/details/b2ba241c-3287-4179-9dac-7e925621f35b,"Thanks to a safe, reliable network of natural gas and crude oil pipelines, along with power generation and storage facilities, wherever life happens — we're there.",True,1,a,nan,nan,"crude, natural, reliable, safe",we,2
Shell Canada,http://web.archive.org/web/20170913024309/http://www.shell.ca/en_ca/media/news-and-media-releases/news-releases-2014/quest-carbon-capture.html,"The carbon dioxide captured would represent up to 35 per cent of the direct emissions from the Upgrader which is the equivalent of taking 175,000 North American cars off the road.",True,1,nan,nan,nan,nan,nan,0
Suncor Energy,http://web.archive.org/web/20220703215516/https://sustainability-prd-cdn.suncor.com/-/media/project/suncor/files/news-releases/2013/2013-11-20-suncor-energy-announces-2014-capital-spending-plan-and-production-outlook-en.pdf?modified=20210902050744,"'Our 2014 capital plan demonstrates our continued commitment to capital discipline,' said Steve Williams, Suncor president and chief executive officer.",True,1,nan,nan,nan,nan,our,2
Pembina Pipeline,https://www.pembina.com/media-centre/news/details/af2415eb-3e55-48a0-b4b3-2ccfa050682c,"Gas Services consists of natural gas gathering and processing facilities, including three gas plants, twelve compressor stations and over 300 kilometres of gathering systems.",False,1,nan,nan,nan,natural,nan,2
Pembina Pipeline,https://www.pembina.com/media-centre/news/details/c8f37bc6-7e6a-480b-8afd-c78c10c51abf,"While Pembina believes its current operations are in compliance with all applicable significant environmental and safety regulations, there can be no assurance that substantial costs or liabilities will not be incurred.",False,1,nan,nan,nan,nan,nan,2
Canadian Natural Resources,https://www.cnrl.com/upload/media_element/1311/02/1028-update-on-the-south-africa-block-11b_12b.pdf,"The Luiperd well was drilled to a total depth of approximately 3,400 meters and encountered 73 meters of net gas condensate pay in well-developed, good quality, Lower Cretaceous reservoirs.",True,1,"a, total",approximately,nan,"good, well",nan,2
Suncor Energy,http://web.archive.org/web/20220704162154/https://sustainability-prd-cdn.suncor.com/-/media/project/suncor/files/news-releases/2009/2009-02-25-suncor-energy-invests-13-8-million-in-charitable-and-non-profit-groups-en.pdf?modified=20210902050516,"Suncor invested in more than 700 charitable organizations and non-profit groups in 2008, helping support everything from science fairs to family clinics.",True,1,nan,nan,nan,nan,nan,2
Pembina Pipeline,https://www.pembina.com/media-centre/news/details/e9f3cbe3-560d-44c0-a81a-53a70fcba0b2,Renewable energy and investing in a lower carbon economy,False,1,a,nan,low,nan,nan,1
Enbridge,https://www.enbridge.com/media-center/news/details?id=123687&lang=en,"The potential expansion would provide additional natural gas for TVA to support the replacement of an existing coal-fired power plant as it continues to transition its generation mix towards lower-carbon fuels, while providing affordable energy to consumers.",True,1,nan,nan,nan,nan,nan,1
Suncor Energy,http://web.archive.org/web/20220629124922/https://sustainability-prd-cdn.suncor.com/-/media/project/suncor/files/news-releases/2013/2013-10-30-suncor-energy-and-partners-proceeding-with-fort-hills-oil-sands-project-en.pdf?modified=20210902050741,"'The Fort Hills project is one of the best undeveloped oil sands mining assets in the Athabasca region, is an excellent fit with Suncor's diversified production portfolio, and will generate significant economic value for Suncor, Alberta and Canada,' said Steve Williams, president and chief executive officer.",True,1,nan,nan,nan,nan,nan,2
Enbridge,https://www.enbridge.com/media-center/news/details?id=123697&lang=en,"""In September, we announced that we're building on our track record of success in renewables and low-carbon investments with the formation of our New Energies Team.",False,1,nan,nan,nan,nan,nan,1
Suncor Energy,https://www.suncor.com/-/media/project/suncor/files/news-releases/2023/2023-07-18-news-release-suncor-energy-releases-2023-ros-and-cr-en.pdf?modified=20241002153100&created=20230718205312,"The reports highlight how the company is working to achieve strong environmental, social and governance (ESG) performance and the company's actions on sustainable energy development.",False,1,nan,nan,nan,nan,nan,1
Pembina Pipeline,https://www.pembina.com/media-centre/news/details/8104adc4-4b32-4c2e-acfe-741cef480a87,"""We are extremely pleased to be working with ARC Resources to deliver Canadian LNG to world markets, given their expertise and track-record as a responsible producer of natural gas and knowledge of global LNG dynamics,"" said Scott Burrows, Pembina's President and Chief Executive Officer.",True,1,nan,nan,nan,nan,nan,2
Pembina Pipeline,https://www.pembina.com/media-centre/news/details/d72081c3-751e-4116-96f5-a4709a6e88c7,"In continuing to meet global energy demand and its customers' needs, while ensuring Pembina's long-term success and resilience, the Company has established four strategic priorities:",False,1,nan,nan,long,nan,nan,2
Shell Canada,http://web.archive.org/web/20200602101425/https://www.shell.ca/en_ca/media/news-and-media-releases/news-releases-2019/shell-sells-foothills-sour-gas-assets-to-pieridae-energy-limited.html,"Shell also maintains significant downstream operations in Canada through refining and chemicals, and a growing retail business with more than 1,400 Shell-branded sites across the country.",True,1,a,nan,nan,significant,nan,2
Imperial Oil,https://news.imperialoil.ca/news-releases/news-releases/2016/Imperial-earns-1.1-billion-in-2015-102-million-in-fourth-quarter/default.aspx,"Our integration results in resiliency across a range of market conditions, including the current low crude price environment.",True,1,a,nan,low,"crude, current",nan,2
Enbridge,https://www.enbridge.com/media-center/news/details?id=123713&lang=en,"While it's clear we need to reduce global emissions to achieve our climate objectives, it's also important that we transition our energy systems prudently by ensuring adequate supply of conventional energy, while increasing lower-carbon forms of energy.",True,1,nan,nan,nan,nan,nan,1
Suncor Energy,http://web.archive.org/web/20220703214336/https://sustainability-prd-cdn.suncor.com/-/media/project/suncor/files/news-releases/2009/2009-10-23-suncor-energy-submits-regulatory-application-for-new-tailings-technology-en.pdf?modified=20210902050530,"'It's fitting that in the same year we reach an important reclamation milestone, we expect to implement improved technology to increase the pace of reclamation.",True,1,an,nan,nan,"important, improve",we,1
Suncor Energy,http://web.archive.org/web/20220629134145/https://sustainability-prd-cdn.suncor.com/-/media/project/suncor/images/shared/community-news-files/2016-01-14-evok-announcement-en.pdf?modified=20210930173406,"Through this new initiative, Evok will further reinforce B.C.'s leadership as a global hub of technology.",True,1,a,nan,new,nan,nan,2
Suncor Energy,http://web.archive.org/web/20220701140707/https://sustainability-prd-cdn.suncor.com/-/media/project/suncor/files/news-releases/2010/2010-11-04-suncor-energy-reports-2010-third-quarter-results-en.pdf?modified=20210902050613,"'This was one of our strongest quarters for oil sand production in Suncor's history,' said Rick George, president and chief executive officer.",True,1,nan,nan,nan,strong,our,2
Enbridge,https://www.enbridge.com/media-center/news/details?id=123753&lang=en,"As a team, we will build on this legacy and continue to position Enbridge as the first choice energy provider for our customers, investors, employees and the communities we serve.""",True,1,a,nan,nan,nan,"our, we",2
Pembina Pipeline,https://www.pembina.com/media-centre/news/details/b5658227-fae2-4f23-a8bf-3fd267417caf,Business fundamentals returning to pre-pandemic levels; important ESG and global market access milestones achieved,True,1,nan,nan,nan,"fundamental, important",nan,1
Enbridge,https://www.enbridge.com/media-center/news/details?id=123689&lang=en,"Moda's Ingleside Management and key Moda marine terminal personnel will remain in place following closing of the transaction, ensuring continuity of operations and ongoing development activities.",True,1,nan,nan,nan,nan,nan,2
Imperial Oil,http://web.archive.org/web/20221028120609/https://news.imperialoil.ca/news-releases/news-releases/2022/Imperial-announces-third-quarter-2022-financial-and-operating-results/default.aspx,"At Cold Lake, quarterly production averaged 150,000 gross barrels per day, representing the fourth consecutive quarter with production at or above 140,000 barrels per day.",True,1,or,nan,nan,nan,nan,2
Canadian Natural Resources,https://www.cnrl.com/upload/media_element/1307/02/1105-q320-front-end.pdf,Canadian Natural's culture of continuous improvement leverages the use of technology and innovation to drive sustainable operations and long-term value for shareholders.,True,1,nan,nan,long,sustainable,nan,2
Shell Canada,http://web.archive.org/web/20180907094746/https://www.shell.ca/en_ca/media/news-and-media-releases/news-releases-2018/students-from-across-the-americas-competed-for-energy-efficiency.html,"Shell Eco-marathon General Manager Norman Koch noted, ""The Drivers' World Championship demands the best in vehicular innovation and automotive technology to push the boundaries of energy efficiency.",True,1,nan,nan,nan,nan,nan,2
Shell Canada,http://web.archive.org/web/20210713152107/https://www.shell.ca/en_ca/media/news-and-media-releases/news-releases-2021/shell-proposes-large-scale-ccs-facility-in-alberta.html,Shell is also exploring the development of additional volumes of blue and green hydrogen at Scotford that leverage Alberta's abundance of natural gas and availability of renewable sources of power.,True,1,nan,nan,nan,nan,nan,1
Pembina Pipeline,https://www.pembina.com/media-centre/news/details/9b80bdf4-3c8f-4cff-bb82-2b2c056e0d87,"In partnership with Breakfast Club of Canada, Fuel 4 Thought serves a healthy breakfast to 140,000 kids across communities where Pembina operates to ensure young people have the energy they need to realize their full potential.",True,1,nan,nan,nan,nan,nan,2
Enbridge,https://www.enbridge.com/media-center/news/details?id=123736&lang=en,"Founded in 2009, Tri Global Energy is a leading renewable energy developer drawing on the natural, renewable resources of the wind and the sun to successfully address the growing demand for clean and sustainable energy.",False,1,nan,nan,nan,nan,nan,1
Pembina Pipeline,https://www.pembina.com/media-centre/news/details/c1d26c53-2e5a-4a5a-82e2-d14c9d4f05c0,We also recognize that the future of energy will require lower emissions and new energy solutions - there is a tremendous opportunity for Pembina to leverage its existing core business to help meet that challenge.,False,1,a,nan,"low, new",nan,nan,1
Enbridge,https://www.enbridge.com/media-center/news/details?id=123674&lang=en,"In Renewables, the foundations on our Saint-Nazaire offshore wind project are being installed and early construction is advancing on two more utility scale French projects.",False,1,nan,nan,nan,nan,our,0
Suncor Energy,http://web.archive.org/web/20220704150011/https://sustainability-prd-cdn.suncor.com/-/media/project/suncor/files/news-releases/2014/2014-07-16-suncor-energy-releases-2014-report-on-sustainability-en.pdf?modified=20210902050806,Suncor continues to implement its Aboriginal Economic Collaboration Strategy with a goal to increase partnerships with Aboriginal businesses across Canada.,True,1,nan,nan,nan,nan,nan,2
Enbridge,https://www.enbridge.com/media-center/news/details?id=123670&lang=en,"""By converting waste into a clean energy resource, we are able to build a sustainable future.",False,1,a,nan,nan,"clean, sustainable",we,1
Enbridge,https://www.enbridge.com/media-center/news/details?id=123659&lang=en,A webcast replay will be available approximately two hours after the conclusion of the event and a transcript will be posted to Enbridge's website approximately 24 hours after the event.,True,1,nan,nan,nan,nan,nan,2
Suncor Energy,http://web.archive.org/web/20220703215155/https://sustainability-prd-cdn.suncor.com/-/media/project/suncor/files/news-releases/2011/2011-10-06-mayor-nenshi-discusses-poverty-reduction-at-tamarack-institute-honoring-jane-jacobs-en.pdf?modified=20210902050638,"'Helping community organizations connect and find ways to collaborate is an important part of building capacity in our communities,' said Cathy Glover, director of Stakeholder Relations and Community Investment with Suncor Energy.",True,1,nan,nan,nan,nan,nan,2
Pembina Pipeline,https://www.pembina.com/media-centre/news/details/b2ba241c-3287-4179-9dac-7e925621f35b,Pembina and TC Energy are uniquely positioned to take a leadership role in the transportation of CO2 given their collective skills and extensive network of pipeline infrastructure.,False,1,nan,nan,nan,nan,nan,2
Suncor Energy,http://web.archive.org/web/20220703202456/https://sustainability-prd-cdn.suncor.com/-/media/project/suncor/files/news-releases/2016/2016-10-14-suncor-energy-and-mikisew-cree-first-nation-announce-agreement-for-equity-partnership-en.pdf?modified=20210902050924,"It means long-term financial stability and increased independence while helping ensure future generations of our community remain a partner in regional development,' said Chief Steve Courtoreille, MCFN.",True,1,nan,nan,nan,nan,nan,2
Suncor Energy,http://web.archive.org/web/20220703210152/https://sustainability-prd-cdn.suncor.com/-/media/project/suncor/files/news-releases/2015/2015-12-15-suncor-sends-letter-to-canadian-oil-sands-shareholders-hope-is-still-not-a-strategy-en.pdf?modified=20210902050847,Suncor strongly encourages COS shareholders to tender to its offer.,True,1,nan,nan,nan,"encourage, strongly",nan,2
Enbridge,https://www.enbridge.com/media-center/news/details?id=123720&lang=en,"Our core businesses include Liquids Pipelines, which transports approximately 30 percent of the crude oil produced in North America; Gas Transmission and Midstream, which transports approximately 20 percent of the natural gas consumed in the U.S.; Gas Distribution and Storage, which serves approximately 3.9 million retail customers in Ontario and Quebec; and Renewable Power Generation, which generates approximately 1,766 MW (net) in renewable power capacity in North America and Europe.",False,1,nan,nan,nan,nan,nan,0
Pembina Pipeline,https://www.pembina.com/media-centre/news/details/544bde3b-6bb3-4bbd-8176-fa4fb630147a,"As the energy sector has evolved, the opportunities available from bespoke partnerships between public and private infrastructure owners have become more compelling, particularly in the natural gas processing business.",False,1,between,nan,nan,natural,nan,2
Pembina Pipeline,https://www.pembina.com/media-centre/news/details/157b6763-25d6-4a80-855c-531233f5e32d,"""With the additional capacity this expansion will provide, we're better able to get our customers' product to market.",True,1,nan,nan,nan,better,"our, we",2
Enbridge,https://www.enbridge.com/media-center/news/details?id=123713&lang=en,Enbridge is committed to leading ESG practices and performance which has long been core to how it does business.,True,1,nan,nan,long,nan,nan,1
Enbridge,https://www.enbridge.com/media-center/news/details?id=123815&lang=en,"This report provides an overview of the Company's strategy and approach on sustainability, and details progress towards achieving its environment, social and governance goals.",False,1,nan,nan,nan,nan,nan,0
Pembina Pipeline,https://www.pembina.com/media-centre/news/details/572f7be0-d5e9-4e83-b2dd-d3067c3ca8bb,"In addition to the Musreau facility, PGI has two other deep-cut processing facilities in the vicinity that could provide incremental, timely and cost-effective processing solutions to Whitecap.",False,1,nan,nan,deep,effective,nan,2
Suncor Energy,http://web.archive.org/web/20220704155613/https://sustainability-prd-cdn.suncor.com/-/media/project/suncor/files/news-releases/2012/2012-10-31-suncor-energy-reports-2012-third-quarter-results-en.pdf?modified=20210902050714,"At In Situ, Firebag Stage 4 central processing facilities were commissioned in the third quarter and new wells are currently steaming.",True,1,nan,nan,nan,nan,nan,2
Enbridge,https://www.enbridge.com/media-center/news/details?id=123723&lang=en,"In North America, our solar self-power projects serving our liquids and gas transmission businesses is well advanced with three projects in service and ten more projects capable of generating 100 megawatts (MW) under construction.",True,1,nan,nan,nan,nan,nan,0
Suncor Energy,http://web.archive.org/web/20220704160219/https://sustainability-prd-cdn.suncor.com/-/media/project/suncor/files/news-releases/2009/2009-02-18-suncor-energy-announces-successful-negotiation-with-local-union-workforce-en.pdf?modified=20210902050516,"Last Friday, members of the United Steelworkers (USW) Union Local 12-477 voted in favor of the new collective bargaining agreement.",True,1,nan,nan,nan,nan,nan,2
Enbridge,https://www.enbridge.com/media-center/news/details?id=123667&lang=en,"""Enbridge is grateful for the tremendous outpouring of support for the uninterrupted operation of Line 5, including Parliamentarians across all party lines who've come together on this important cross-border issue,"" said Vern Yu, Executive Vice President and President, Liquids Pipelines.",True,1,nan,nan,nan,nan,nan,2
Imperial Oil,http://web.archive.org/web/20201031102217/https://news.imperialoil.ca/news-releases/news-releases/2020/Imperial-announces-third-quarter-2020-financial-and-operating-results/default.aspx,"""These expense and capital reductions across virtually all aspects of Imperial's operations demonstrate our ability to rapidly respond to market conditions and capture structural cost improvements without compromising long-term value and production targets,"" said Corson.",True,1,nan,nan,nan,nan,nan,2
Enbridge,https://www.enbridge.com/media-center/news/details?id=123820&lang=en,"We are investing in modern energy delivery infrastructure to sustain access to secure, affordable energy and building on more than a century of operating conventional energy infrastructure and two decades of experience in renewable power.",False,1,nan,nan,nan,nan,nan,1
Enbridge,https://www.enbridge.com/media-center/news/details?id=123722&lang=en,Both hydrogen and ammonia have zero CO2 emissions at the point of use.,False,1,nan,nan,nan,nan,nan,0
Suncor Energy,http://web.archive.org/web/20221007100449/https://sustainability-prd-cdn.suncor.com/-/media/project/suncor/files/news-releases/2021/2021-10-27-nr-su-q3-2021-en.pdf?modified=20220907174737,"During the third quarter of 2021, significant progress on the mine ramp up strategy was achieved and Fort Hills continued to manage overburden removal and build ore inventory according to plan.",True,1,nan,nan,nan,significant,mine,2
Pembina Pipeline,https://www.pembina.com/media-centre/news/details/6357c8a0-a41e-4124-9628-4b7faaf97ecb,"To meet the target, Pembina will focus initially on operational opportunities, greater use of renewable and lower emission energy sources, and investments in a lower carbon economy.",True,1,nan,nan,nan,nan,nan,1
Shell Canada,http://web.archive.org/web/20210713152107/https://www.shell.ca/en_ca/media/news-and-media-releases/news-releases-2021/shell-proposes-large-scale-ccs-facility-in-alberta.html,"Entities over which Shell has significant influence but neither control nor joint control are referred to as ""associates"".",True,1,nan,nan,nan,significant,nan,2
Suncor Energy,http://web.archive.org/web/20221007091425/https://sustainability-prd-cdn.suncor.com/-/media/project/suncor/files/news-releases/2020/2020-05-11-su-us-notes-offering-en.pdf?modified=20220917161823,"This news release shall not constitute an offer to sell or the solicitation of an offer to buy any securities, nor will there be any sale of these securities, in Canada, or in any jurisdiction in which such offer, solicitation or sale would be unlawful prior to registration or qualification under the securities laws of any such jurisdiction.",True,1,"an, or",nan,nan,nan,nan,2
Enbridge,https://www.enbridge.com/media-center/news/details?id=123667&lang=en,"""Line 5 is a significant aspect of Canada's economic relationship with the United States and contributes to secure energy supplies in both countries,"" the report states.",False,1,nan,nan,nan,nan,nan,2
Pembina Pipeline,https://www.pembina.com/media-centre/news/details/6f2b54ba-3ce3-4d93-83b1-e2256f1103de,"Together with our partner, Pembina, we are committed to advancing an LNG project that protects the environment, respects Haisla Nation values, and meets the highest standards of social and environmental responsibility.""",True,1,an,nan,highest,nan,"our, we",1
Enbridge,https://www.enbridge.com/media-center/news/details?id=123820&lang=en,"At Enbridge, we safely connect millions of people to the energy they rely on every day, fueling quality of life through our North American natural gas, oil, and renewable power networks and our growing European offshore wind portfolio.",False,1,nan,nan,nan,nan,nan,1
Pembina Pipeline,https://www.pembina.com/media-centre/news/details/b5658227-fae2-4f23-a8bf-3fd267417caf,"The Honourable Seamus O'Regan Jr., Minister of Natural Resources commented: ""Diversifying export markets for Canadian natural resources creates jobs for our proud energy workers.",True,1,nan,nan,nan,"natural, proud",our,2
Shell Canada,http://web.archive.org/web/20191115140440/https://www.shell.ca/en_ca/media/news-and-media-releases/news-releases-2015/shell-launches-quest-carbon-capture-and-storage-project.html,CCS is one of the only technologies that can significantly reduce carbon emissions from industrial sectors of the economy.,True,1,nan,nan,nan,nan,nan,1
Enbridge,https://www.enbridge.com/media-center/news/details?id=123817&lang=en,"In each country, our teams are committed to the territories on a daily basis by putting their expertise and innovation capacity to work in the fight against climate change.",False,1,nan,nan,nan,nan,nan,1
Suncor Energy,http://web.archive.org/web/20220703213659/https://sustainability-prd-cdn.suncor.com/-/media/project/suncor/files/news-releases/2009/2009-10-02-suncor-proceeds-with-plans-to-double-production-capacity-of-ontario-ethanol-plant-en.pdf?modified=20210902050527,This has been supported historically by Suncor's blending of ethanol into gasoline sales volumes at up to 10% in Ontario.,True,1,nan,nan,nan,nan,nan,2
Shell Canada,http://web.archive.org/web/20170913020104/http://www.shell.ca/en_ca/media/news-and-media-releases/news-releases-2012/global-energy-firms-announce-lng-canada.html,"""Our combined expertise, and our focus on technological innovation in delivering safe and environmentally sound LNG projects around the globe, ensures that our LNG Canada project would be well-suited to deliver long-term value for British Columbia and increase access to new export markets for Canada,"" says Jose-Alberto Lima, Shell's Vice President LNG Americas, Shell Energy Resources Company.",True,1,nan,nan,nan,nan,nan,2
Enbridge,https://www.enbridge.com/media-center/news/details?id=123773&lang=en,"This year's Report conveys our deep commitment to this mission.""",True,1,nan,nan,deep,nan,our,2
Pembina Pipeline,https://www.pembina.com/media-centre/news/details/9661a8c7-d8f6-492b-99b9-7a8ea092c781,"Moving forward, our staff remain committed to the mantra that no project or job is important enough to compromise or jeopardize safety.",False,1,nan,nan,nan,nan,nan,2
Enbridge,https://www.enbridge.com/media-center/news/details?id=123743&lang=en,EDF Renewables' purpose is to contribute building a net zero energy future with electricity and innovative solutions worldwide.,True,1,a,nan,nan,innovative,nan,1
Imperial Oil,68,"""It highlights our commitment to investing in projects that support sustainability and contribute to reducing emissions.",True,1,nan,nan,nan,nan,our,1
Pembina Pipeline,https://www.pembina.com/media-centre/news/details/144c1e27-bdb4-4f34-bbc1-30c0995e1867,"""It's easy to give when times are good, but it demonstrates real care and commitment to give when times are tough,"" said Mick Dilger, Pembina's President and CEO and the Co-Chair of the 2016 Calgary United Way Campaign.",False,1,nan,nan,nan,nan,nan,2
Pembina Pipeline,https://www.pembina.com/media-centre/news/details/1ef316a9-bdaa-44cc-93f0-06f6e4583a5a,"By working together, we can build a stronger and cleaner economy that creates opportunities and benefits for all.""",False,1,"a, all",nan,nan,"clean, strong",we,1
Canadian Natural Resources,https://www.cnrl.com/upload/media_element/1168/02/0503_-q1-18-front-end.pdf,"amounts payable to governments or governmental agencies, price or gathering rate controls and environmental protection regulations.",True,1,or,nan,nan,nan,nan,2
Pembina Pipeline,https://www.pembina.com/media-centre/news/details/65d2f7be-a797-49ab-a0a3-bdcbf46cf38a,"Through our integrated value chain, we seek to provide safe and reliable infrastructure solutions which connect producers and consumers of energy across the world, support a more sustainable future and benefit our customers, investors, employees and communities.",False,1,nan,nan,nan,nan,nan,1
Canadian Natural Resources,https://www.cnrl.com/upload/media_element/1290/01/0507-q120-front-end.pdf,"Supporting these projects is the Company's undeveloped land base which enables large, repeatable drilling programs which can be optimized over time.",True,1,nan,nan,nan,nan,nan,2
Enbridge,https://www.enbridge.com/media-center/news/details?id=123687&lang=en,"""We're leveraging our existing assets and working, along with our customers, to identify early stage investments in embedded low-carbon infrastructure opportunities across our businesses, while modernizing our assets to ensure we're serving society's energy needs for decades to come.",True,1,nan,nan,low,nan,"our, we",1
Enbridge,https://www.enbridge.com/media-center/news/details?id=123788&lang=en,The initial phase is expected to generate approximately 150 MW of solar energy and be in service by year-end.,True,1,nan,approximately,nan,nan,nan,0
Imperial Oil,http://web.archive.org/web/20220214215231/https://news.imperialoil.ca/news-releases/news-releases/2021/Imperial-announces-plan-to-accelerate-share-purchases-under-normal-course-issuer-bid/default.aspx,"""Imperial continues to be strongly committed to shareholder returns,"" said Brad Corson, Imperial chairman, president and chief executive officer.",True,1,nan,nan,nan,nan,nan,2
Shell Canada,http://web.archive.org/web/20191014021937/https://www.shell.ca/en_ca/media/news-and-media-releases/news-releases-2013/flood-relief-donation.html,"Now our thoughts turn to colleagues, neighbours and friends who lost so much and how we can help clean up and rebuild homes and communities,"" said Lorraine Mitchelmore, Shell Canada president and country chair.",True,1,nan,nan,"much, so",clean,"our, we",2
Enbridge,https://www.enbridge.com/media-center/news/details?id=123691&lang=en,"""We're continuing to raise that bar by combining our conventional and renewable capabilities to create differentiated energy infrastructure solutions that align with our goal of net-zero emissions by 2050.""",True,1,nan,nan,nan,nan,nan,1
Suncor Energy,http://web.archive.org/web/20220703213119/https://sustainability-prd-cdn.suncor.com/-/media/project/suncor/files/news-releases/2013/2013-04-23-suncor-energy-to-release-first-quarter-2013-financial-results-and-hold-agm-en.pdf?modified=20210902050726,Suncor Energy annual general meeting,True,1,general,nan,nan,nan,nan,2
Enbridge,https://www.enbridge.com/media-center/news/details?id=123808&lang=en,"We will begin receiving immediate cash flow and will share in future growth opportunities,"" said Pat Murray, EVP and Chief Financial Officer of Enbridge.",True,1,nan,nan,nan,nan,nan,2
Pembina Pipeline,https://www.pembina.com/media-centre/news/details/4334dcc5-e915-4125-91dc-e2904e987228,"""Looking ahead, we are focused on providing market access solutions for our customers for the products coming off the back end of our fractionators – particularly propane – which will ultimately help add value to the incremental barrels and serve to increase producer netbacks.",True,1,nan,nan,nan,nan,"our, we",2
Suncor Energy,https://www.suncor.com/-/media/project/suncor/files/news-releases/2024/2024-06-06-news-release-rk-remarks-envi-committee-en.pdf?modified=20240614163431&created=20240606222422,"Technology which has been a hallmark of our industry since the early days of Spindletop or, in Canada's case, Leduc.",False,1,"a, or",nan,nan,nan,our,2
Suncor Energy,http://web.archive.org/web/20220701130341/https://sustainability-prd-cdn.suncor.com/-/media/project/suncor/files/news-releases/2011/2011-03-03-suncor-energy-reports-2010-fourth-quarter-results-en.pdf?modified=20210902050623,"Suncor's ethanol plant, located in Sarnia, Ontario, has a current capacity of 200 million litres per year, displacing the equivalent of 300,000 tonnes of CO2 per year.",True,1,nan,nan,nan,nan,nan,0
Imperial Oil,http://web.archive.org/web/20220729123336/https://news.imperialoil.ca/news-releases/news-releases/2022/Imperial-announces-second-quarter-2022-financial-and-operating-results/default.aspx,"The divestment of XTO Energy Canada further delivers on Imperial's strategy to maximize shareholder value by focusing Upstream resources on long-life, low-decline oil-sands assets.",True,1,nan,nan,nan,nan,nan,2
Shell Canada,http://web.archive.org/web/20170911231456/http://www.shell.ca/en_ca/media/news-and-media-releases/news-releases-2013/lng-station.html,"Shell will produce LNG at the planned liquefaction plant, which will be located at the Jumping Pound natural gas facility, 30 kilometres west of Calgary.",True,1,nan,nan,nan,natural,nan,2
Suncor Energy,http://web.archive.org/web/20220629124922/https://sustainability-prd-cdn.suncor.com/-/media/project/suncor/files/news-releases/2013/2013-10-30-suncor-energy-and-partners-proceeding-with-fort-hills-oil-sands-project-en.pdf?modified=20210902050741,"The total project cost is estimated at a capital intensity of approximately $84,000 per flowing barrel of bitumen and is within the range of similar recently completed oil sands mining projects.",True,1,"a, total",approximately,recently,"complete, similar",nan,2
Canadian Natural Resources,https://www.cnrl.com/upload/media_element/1290/01/0507-q120-front-end.pdf,"Canadian Natural has pandemic response and business continuity plans in place to protect the health and safety of our personnel while maintaining safe, reliable operations and supporting the aggressive measures being taken by public health officials to limit the spread of COVID-19.",True,1,nan,nan,nan,"aggressive, reliable, safe",our,2
Enbridge,https://www.enbridge.com/media-center/news/details?id=123687&lang=en,This reflects Enbridge's commitment to capital discipline and its ability to realize value from its existing asset base for deployment to higher return opportunities.,False,1,nan,nan,high,nan,nan,2
Pembina Pipeline,https://www.pembina.com/media-centre/news/details/a280c537-5f2e-4d14-a653-4cbc5bb0a885,"Our strong commitment to ESG is being demonstrated by the ambitious new projects, partnerships and targets we announced this past year.",False,1,nan,nan,new,"ambitious, strong",we,1
Enbridge,https://www.enbridge.com/media-center/news/details?id=123691&lang=en,"""We're continuing to raise that bar by combining our conventional and renewable capabilities to create differentiated energy infrastructure solutions that align with our goal of net-zero emissions by 2050.""",False,1,nan,nan,nan,nan,nan,1
Shell Canada,http://web.archive.org/web/20180907023822/https://www.shell.ca/en_ca/media/news-and-media-releases/news-releases-2018/shell-and-htec-launch-canada-first-retail-hydrogen-vehicle-refuelling-station.html,Hydrogen fuel cell electric vehicles are one of the technological innovations that help reduce emissions and address air pollution while offering convenience for motorists.,True,1,nan,nan,nan,nan,nan,1
Suncor Energy,http://web.archive.org/web/20221007093242/https://sustainability-prd-cdn.suncor.com/-/media/project/suncor/files/news-releases/2021/2021_02_24_nr_board_stand_for_election_r_girling_en.pdf?modified=20220907174504,'Russ is well known in the North American energy industry and broader business community having led TC Energy for more than 10 years.,True,1,nan,nan,nan,well,nan,2
Imperial Oil,https://news.imperialoil.ca/news-releases/news-releases/2019/Imperial-Releases-Energy-and-Carbon-Summary/default.aspx,Plans to reduce oil sands greenhouse gas emissions intensity by 10 percent over the next five years,True,1,nan,nan,nan,nan,nan,0
Enbridge,https://www.enbridge.com/media-center/news/details?id=123736&lang=en,Tri Global Energy is among America's top utility-scale renewable energy developers.,True,1,nan,nan,nan,nan,nan,1
Suncor Energy,http://web.archive.org/web/20220704153618/https://sustainability-prd-cdn.suncor.com/-/media/project/suncor/files/news-releases/2016/2016-01-04-suncor-offer-to-acquire-canadian-oil-sands-limited-set-to-expire-on-fri-january-8-2016-en.pdf?modified=20210902050849,"'In the ten months since we first approached COS about a friendly business combination, we believe COS' prospects as an independent company in a 'lower for even longer' oil price environment have worsened considerably.",True,1,"a, an",about,"long, low","considerably, friendly, independent",we,2
Shell Canada,https://www.shell.com/news-and-insights/newsroom/news-and-media-releases/2025/first-cargo-leaves-lng-canada.html,LNG is a lower-carbon alternative to coal when used for electricity generation and a partner for intermittent renewables.,False,1,nan,nan,nan,nan,nan,0
Imperial Oil,http://web.archive.org/web/20230201074801/https://news.imperialoil.ca/news-releases/news-releases/2023/Imperial-announces-fourth-quarter-2022-financial-and-operating-results/default.aspx,"""This project will create jobs for the local economy, help our customers reduce their emissions and further enhance Imperial's low-carbon product offering.""",True,1,nan,nan,nan,nan,nan,1
Imperial Oil,http://web.archive.org/web/20211029124723/https://news.imperialoil.ca/news-releases/news-releases/2021/Imperial-announces-third-quarter-2021-financial-and-operating-results/default.aspx,It takes into account emerging industry and economic conditions and market and government policy uncertainties in developing its strategic plans and longer-term price views as part of its annual business planning process.,True,1,nan,nan,long,nan,nan,2
Shell Canada,http://web.archive.org/web/20170911231421/http://www.shell.ca/en_ca/media/news-and-media-releases/news-releases-2013/carmon-creek.html,Each well pad will have a life of 10 to 15 years and as pads come to the end of their life the well pad equipment will be refurbished and reused on new pads and the land will be reclaimed to minimize project footprint.,True,1,nan,nan,nan,nan,nan,0
Enbridge,https://www.enbridge.com/media-center/news/details?id=123699&lang=en,"Based on its review of the CER decision, Enbridge will initiate, in consultation with its stakeholders, a process to negotiate toward a go-forward Mainline commercial framework.",False,1,a,nan,nan,nan,nan,2
Suncor Energy,http://web.archive.org/web/20220701131821/https://sustainability-prd-cdn.suncor.com/-/media/project/suncor/files/news-releases/2015/2015-10-28-suncor-energy-reports-third-quarter-2015-results-en.pdf?modified=20210902050841,"Suncor continued to focus on well pad construction to sustain existing production at Firebag and MacKay River, and on multiple projects that enhance safety, reliability and environmental performance.",True,1,nan,nan,nan,nan,nan,1
Enbridge,https://www.enbridge.com/media-center/news/details?id=123675&lang=en,"""Enbridge has a responsibility to the people of Michigan and the Great Lakes region, and will continue to operate Line 5 safely, reliably and affordably to fuel to the region's economies."" said Yu.",False,1,nan,nan,nan,nan,nan,2
Canadian Natural Resources,https://www.cnrl.com/upload/media_element/1237/02/0801_q219-front-end.pdf,Mitigating production impacts from unplanned maintenance activities at both Scotford and Horizon by increasing conventional and thermal in situ crude oil production.,True,1,nan,nan,nan,crude,nan,2
Pembina Pipeline,https://www.pembina.com/media-centre/news/details/33debf84-3a1f-497a-9fba-438be44f3952,"Pembina recently announced three significant and transformational partnerships that combine fundamentally strong business opportunities with compelling environmental, social and governance (""ESG"") attributes: a partnership with the Haisla Nation to develop the proposed Cedar LNG Project; a partnership with TC Energy Corporation to jointly develop the Alberta Carbon Grid, a world-scale carbon transportation and sequestration system; and Chinook Pathways, a partnership with Western Indigenous Pipeline Group to pursue ownership of the Trans Mountain Pipeline, following completion of the construction of the Trans Mountain Expansion project.",True,1,a,nan,recently,"significant, strong",nan,0
Enbridge,https://www.enbridge.com/media-center/news/details?id=123674&lang=en,"The Company continues to expect full year Mainline throughput to average 2.8 million barrels per day (mmbpd) on average for 2021 with heavy capacity remaining fully utilized and light volumes continuing to ramp up over the second half of the year, including the effects of additional Line 3 capacity in the fourth quarter.",False,1,nan,nan,"heavy, light","full, fully",nan,2
Pembina Pipeline,https://www.pembina.com/media-centre/news/details/af2415eb-3e55-48a0-b4b3-2ccfa050682c,Throughput on Pembina's pipelines is or will be governed by transportation contracts or tolling arrangements with various producers of petroleum products.,False,1,"or, various",nan,nan,nan,nan,2
Imperial Oil,http://web.archive.org/web/20200920210606/https://news.imperialoil.ca/news-releases/news-releases/2020/Imperial-provides-corporate-update-reduces-spending-by-1-billion/default.aspx,"Spending will focus on ensuring ongoing safe and reliable operation of Imperial's assets, and paced investments to continue work on key growth-related projects at a level reflective of the current challenges presented by COVID-19 and the business environment.",True,1,a,nan,nan,"challenge, current, reliable, safe",nan,2
Shell Canada,http://web.archive.org/web/20170913023013/http://www.shell.ca/en_ca/media/news-and-media-releases/news-releases-2012/fuel-efficiency-world-record-attempt.html,"""Shell's Smarter Driver challenge is an opportunity for us to empower Canadians with the tools and knowledge to implement simple strategies that will reduce emissions and save them money at the pump.""",True,1,nan,nan,nan,nan,nan,1
Enbridge,https://www.enbridge.com/media-center/news/details?id=123626&lang=en,"EDF Renewables is a leading international player in renewable energies, with gross installed capacity of 12.6 GW worldwide.",True,1,nan,nan,nan,nan,nan,0
Enbridge,https://www.enbridge.com/media-center/news/details?id=123753&lang=en,"""We will continue to expand, modernize and reduce emissions from our conventional business to meet our customers' needs, and increase investments in lower-carbon opportunities that complement our existing assets.",True,1,nan,nan,low,nan,our,1
Enbridge,https://www.enbridge.com/media-center/news/details?id=123656&lang=en,"Our two technology and innovation labs, for example, are already helping our businesses enable significant revenue and cost efficiencies.",True,1,nan,nan,nan,significant,our,2
Shell Canada,http://web.archive.org/web/20170911223000/http://www.shell.ca/en_ca/media/news-and-media-releases/news-releases-2013/record-schools-enter-sema-2014.html,"Students choose to power their vehicles using gasoline, liquid petroleum gas, biofuels, compressed natural gas or hydrogen.",True,1,nan,nan,nan,nan,nan,2
Imperial Oil,https://news.imperialoil.ca/news-releases/news-releases/2024/Imperial-provides-2025-corporate-guidance-outlook/default.aspx,"Downstream investments include completion of the Strathcona renewable diesel project, with start-up expected around mid-year, and additional optimization initiatives that enhance logistics and processing flexibility across the network.",False,1,nan,nan,nan,nan,nan,0
Enbridge,https://www.enbridge.com/media-center/news/details?id=123680&lang=en,"""Today's announcement further demonstrates Enbridge's commitment to ESG industry leadership,"" said Colin Gruending, Enbridge's Chief Financial Officer.",True,1,nan,nan,nan,nan,nan,1
Enbridge,https://www.enbridge.com/media-center/news/details?id=123627&lang=en,"There have been numerous public comment opportunities both written and in-person, including 70 public meetings.",True,1,nan,nan,numerous,nan,nan,2
Pembina Pipeline,https://www.pembina.com/media-centre/news/details/5de3f7c0-426e-47ee-8252-bef4fe252429,"Pembina has a strong reputation for constructing and operating facilities which meet or exceed safety and environmental protection regulations and guidelines, and the Company is committed to responsible development throughout the life of these and all of its projects.",True,1,nan,nan,nan,nan,nan,1
Canadian Natural Resources,https://www.cnrl.com/upload/media_element/1397/371b3b3c9828/0804-q222-front-end.pdf,It is important to have global market access to deliver the most responsible and leading ESG preferred barrels that the world needs.,True,1,most,nan,nan,"important, responsible",nan,1
Suncor Energy,http://web.archive.org/web/20240518041803/https://sustainability-prd-cdn.suncor.com/-/media/project/suncor/files/news-releases/2024/2024-05-07-news-release-earnings-q1-2024-en.pdf?modified=20240507213212,"'Our strong 2024 first quarter performance continued to build on the momentum established in the second half of 2023, with our workforce safely and cost-effectively delivering record high volumes and reliability across the board, upstream and downstream,' said Rich Kruger, Suncor's President and Chief Executive Officer.",True,1,nan,nan,high,"effectively, safely, strong",our,2
Canadian Natural Resources,https://www.cnrl.com/content/uploads/2025/08/0807-Q225-Front-End.pdf,This includes our multilateral heavy crude oil program where we are targeting to drill 26 more wells in 2025 than originally budgeted.,False,1,nan,nan,heavy,"crude, well","our, we",2
Suncor Energy,http://web.archive.org/web/20220703210814/https://sustainability-prd-cdn.suncor.com/-/media/project/suncor/files/news-releases/2018/2018-11-07-suncor-supportive-of-hosting-2026-olympic-and-paralympic-winter-games-in-calgary-en.pdf?modified=20210902051029,"When I attend, I'm inspired by the energy and leave the Games moved by the commitment of our athletes and hopeful about the future of Canada.",True,1,nan,nan,nan,nan,nan,2
Enbridge,https://www.enbridge.com/media-center/news/details?id=123799&lang=en,"The Phase 1 Decision results in interim rates, pending phases 2 and 3 of the proceeding, resolution of the Notice of Appeal, Notice of Motion and any possible legislative steps that could be undertaken by the Government of Ontario further to the Minister of Energy's December 22, 2023 news release described in Objectives and Strategy.",False,1,possible,nan,nan,appeal,nan,2
Canadian Natural Resources,https://www.cnrl.com/upload/media_element/1343/02/0506-q121-front-end.pdf,"The Government of Canada's announcement on April 19, 2021 of its 2021 budget recognized the important role of carbon capture, utilization and storage projects for the oil sands sector to continue contributing to Canada's economic growth while working towards climate objectives.",True,1,nan,nan,nan,nan,nan,1
Imperial Oil,https://news.imperialoil.ca/news-releases/news-releases/2017/Imperial-to-hold-2017-Update-Call/default.aspx,"During the call, Mr. Kruger will provide an update on Imperial's business strategy, operations and major projects.",True,1,an,nan,major,nan,nan,2
Shell Canada,http://web.archive.org/web/20170911225000/http://www.shell.ca/en_ca/media/news-and-media-releases/news-releases-2015/oil-sands-companies-demonstrate-leadership-on-climate-change.html,"""Canadians have high expectations of themselves when it comes to protecting the environment and managing economic growth, and the world expects much of Canada,"" said Lorraine Mitchelmore, President and Country Chair Shell Canada and EVP Heavy Oil for Shell.",True,1,nan,nan,nan,nan,nan,1
Suncor Energy,http://web.archive.org/web/20220703215516/https://sustainability-prd-cdn.suncor.com/-/media/project/suncor/files/news-releases/2013/2013-11-20-suncor-energy-announces-2014-capital-spending-plan-and-production-outlook-en.pdf?modified=20210902050744,"Performance of recently commissioned projects, including new facilities, storage and distribution infrastructure, debottlenecking projects or well pads.",True,1,nan,nan,nan,nan,nan,2
Suncor Energy,http://web.archive.org/web/20220629122024/https://sustainability-prd-cdn.suncor.com/-/media/project/suncor/files/news-releases/2011/2011-07-28-suncor-energy-reports-2011-second-quarter-results-en.pdf?modified=20210902050634,Suncor continues to comply with the terms of all government sanctions in jurisdictions relevant to the company's operations.,True,1,nan,nan,nan,nan,nan,2
Suncor Energy,http://web.archive.org/web/20220629123013/https://sustainability-prd-cdn.suncor.com/-/media/project/suncor/files/news-releases/2010/2010-02-02-suncor-energy-reports-financial-results-for-2009-and-operational-goals-for-2010-en.pdf?modified=20210902050540,"'As a result of the recent merger, Suncor now holds the largest single position in the oil sands industry,' said George. '",True,1,a,nan,"largest, recent",nan,nan,2
Canadian Natural Resources,https://www.cnrl.com/content/uploads/media_element/1209/04/1205_2019-budget.pdf,The total amount or timing of actual future production may vary significantly from reserve and production estimates.,True,1,"or, total",nan,nan,"actual, significantly",nan,2
Pembina Pipeline,https://www.pembina.com/media-centre/news/details/87981cd6-b786-4a87-b62b-a6794238f970,"""The Project is an example of Pembina's ability to leverage its existing asset base and core competencies to develop new integrated value chains, including carbon capture, utilization and storage (""CCUS"") and low-carbon energy such as hydrogen, and ammonia as a hydrogen carrier and fuel source.",True,1,a,nan,low,nan,nan,1
Suncor Energy,http://web.archive.org/web/20220629131500/https://sustainability-prd-cdn.suncor.com/-/media/project/suncor/files/news-releases/2014/2014-06-19-suncor-energy-partners-approve-new-facility-to-test-water-treatment-and-recycling-tech-en.pdf?modified=20210902050804,"'We expect to see strong benefits by conducting different tests simultaneously, using process fluids in real world conditions to pilot new technologies and prove their commercial viability.'",True,1,nan,nan,nan,nan,nan,2
